timestamp,acc_x,acc_y,acc_z
2026-03-26 17:24:56.842,-2.32417605,-0.5589790499999988,9.54187045
2026-03-26 17:24:57.111,-2.32417605,-0.5589790499999988,9.54187045
2026-03-26 17:24:57.342,-2.32417605,-0.5589790499999988,9.54187045
2026-03-26 17:24:57.607,-2.32417605,-0.5589790499999988,9.54187045
2026-03-26 17:24:57.841,-2.32417605,-0.5589790499999988,9.54187045
2026-03-26 17:24:58.106,-2.32417605,-0.5589790499999988,9.54187045
2026-03-26 17:24:58.342,-2.32417605,-0.5589790499999988,9.54187045
2026-03-26 17:24:58.606,-2.3143694,-0.5589790499999988,9.54187045
2026-03-26 17:24:58.841,-2.3143694,-0.5589790499999988,9.54187045
2026-03-26 17:24:59.106,-2.32417605,-0.5589790499999988,9.54187045
2026-03-26 17:24:59.345,-2.32417605,-0.5589790499999988,9.54187045
2026-03-26 17:24:59.607,-2.32417605,-0.5589790499999988,9.54187045
2026-03-26 17:24:59.841,-2.32417605,-0.5589790499999988,9.54187045
2026-03-26 17:25:00.106,-2.32417605,-0.5589790499999988,9.54187045
2026-03-26 17:25:00.342,-2.32417605,-0.5589790499999988,9.54187045
2026-03-26 17:25:00.607,-2.32417605,-0.5589790499999988,9.54187045
2026-03-26 17:25:00.841,-2.32417605,-0.5589790499999988,9.54187045
2026-03-26 17:25:01.106,-2.3143694,-0.5589790499999988,9.551677100000001
2026-03-26 17:25:01.341,-2.3143694,-0.5589790499999988,9.551677100000001
2026-03-26 17:25:01.608,-2.3143694,-0.5589790499999988,9.551677100000001
2026-03-26 17:25:01.841,-2.3143694,-0.5589790499999988,9.551677100000001
2026-03-26 17:25:02.112,-2.32417605,-0.5589790499999988,9.54187045
2026-03-26 17:25:02.342,-2.32417605,-0.5589790499999988,9.54187045
2026-03-26 17:25:02.608,-2.32417605,-0.5589790499999988,9.54187045
2026-03-26 17:25:02.841,-2.32417605,-0.5589790499999988,9.54187045
2026-03-26 17:25:03.108,-2.32417605,-0.5589790499999988,9.54187045
2026-03-26 17:25:03.341,-2.32417605,-0.5589790499999988,9.54187045
2026-03-26 17:25:03.608,-2.32417605,-0.5589790499999988,9.54187045
2026-03-26 17:25:03.842,-2.32417605,-0.5589790499999988,9.54187045
2026-03-26 17:25:04.106,-2.32417605,-0.5589790499999988,9.54187045
2026-03-26 17:25:04.341,-2.32417605,-0.5589790499999988,9.54187045
2026-03-26 17:25:04.606,-2.32417605,-0.5589790499999988,9.551677100000001
2026-03-26 17:25:04.841,-2.32417605,-0.5589790499999988,9.551677100000001
2026-03-26 17:25:05.108,-2.32417605,-0.5589790499999988,9.54187045
2026-03-26 17:25:05.341,-2.32417605,-0.5589790499999988,9.54187045
2026-03-26 17:25:05.607,-2.32417605,-0.5687856999999988,9.54187045
2026-03-26 17:25:05.840,-2.32417605,-0.5687856999999988,9.54187045
2026-03-26 17:25:06.112,-2.32417605,-0.5589790499999988,9.54187045
2026-03-26 17:25:06.341,-2.32417605,-0.5589790499999988,9.54187045
2026-03-26 17:25:06.608,-2.32417605,-0.5589790499999988,9.54187045
2026-03-26 17:25:06.842,-2.32417605,-0.5589790499999988,9.54187045
2026-03-26 17:25:07.107,-2.3143694,-0.5589790499999988,9.54187045
2026-03-26 17:25:07.341,-2.3143694,-0.5589790499999988,9.54187045
2026-03-26 17:25:07.608,-2.32417605,-0.5589790499999988,9.5320638
2026-03-26 17:25:07.840,-2.32417605,-0.5589790499999988,9.5320638
2026-03-26 17:25:08.108,-2.32417605,-0.5589790499999988,9.54187045
2026-03-26 17:25:08.343,-2.32417605,-0.5589790499999988,9.54187045
2026-03-26 17:25:08.607,-2.32417605,-0.5589790499999988,9.54187045
2026-03-26 17:25:08.840,-2.32417605,-0.5589790499999988,9.54187045
2026-03-26 17:25:09.106,-2.32417605,-0.5589790499999988,9.54187045
2026-03-26 17:25:09.342,-2.32417605,-0.5589790499999988,9.54187045
2026-03-26 17:25:09.606,-2.32417605,-0.5589790499999988,9.54187045
2026-03-26 17:25:09.840,-2.32417605,-0.5589790499999988,9.54187045
2026-03-26 17:25:10.108,-2.32417605,-0.5589790499999988,9.551677100000001
2026-03-26 17:25:10.342,-2.32417605,-0.5589790499999988,9.551677100000001
2026-03-26 17:25:10.607,-2.32417605,-0.5589790499999988,9.551677100000001
2026-03-26 17:25:10.840,-2.32417605,-0.5589790499999988,9.551677100000001
2026-03-26 17:25:11.109,-2.32417605,-0.5589790499999988,9.54187045
2026-03-26 17:25:11.341,-2.32417605,-0.5589790499999988,9.54187045
2026-03-26 17:25:11.606,-2.32417605,-0.5589790499999988,9.54187045
2026-03-26 17:25:11.840,-2.32417605,-0.5589790499999988,9.54187045
2026-03-26 17:25:12.107,-2.32417605,-0.5589790499999988,9.551677100000001
2026-03-26 17:25:12.341,-2.32417605,-0.5589790499999988,9.551677100000001
2026-03-26 17:25:12.607,-2.32417605,-0.5589790499999988,9.54187045
2026-03-26 17:25:12.841,-2.32417605,-0.5589790499999988,9.54187045
2026-03-26 17:25:13.107,-2.32417605,-0.5589790499999988,9.54187045
2026-03-26 17:25:13.341,-2.32417605,-0.5589790499999988,9.54187045
2026-03-26 17:25:13.605,-2.32417605,-0.5589790499999988,9.54187045
2026-03-26 17:25:13.844,-2.32417605,-0.5589790499999988,9.54187045
2026-03-26 17:25:14.106,-2.32417605,-0.5589790499999988,9.54187045
2026-03-26 17:25:14.341,-2.32417605,-0.5589790499999988,9.54187045
2026-03-26 17:25:14.607,-2.3143694,-0.5589790499999988,9.54187045
2026-03-26 17:25:14.840,-2.3143694,-0.5589790499999988,9.54187045
2026-03-26 17:25:15.115,-2.32417605,-0.5589790499999988,9.54187045
2026-03-26 17:25:15.341,-2.32417605,-0.5589790499999988,9.54187045
2026-03-26 17:25:15.607,-2.32417605,-0.5589790499999988,9.54187045
2026-03-26 17:25:15.840,-2.32417605,-0.5589790499999988,9.54187045
2026-03-26 17:25:16.107,-2.32417605,-0.5589790499999988,9.54187045
2026-03-26 17:25:16.341,-2.32417605,-0.5589790499999988,9.54187045
2026-03-26 17:25:16.607,-2.3143694,-0.5589790499999988,9.54187045
2026-03-26 17:25:16.840,-2.3143694,-0.5589790499999988,9.54187045
2026-03-26 17:25:17.107,-2.3143694,-0.5589790499999988,9.54187045
2026-03-26 17:25:17.344,-2.3143694,-0.5589790499999988,9.54187045
2026-03-26 17:25:17.604,-2.32417605,-0.5589790499999988,9.54187045
2026-03-26 17:25:17.840,-2.32417605,-0.5589790499999988,9.54187045
2026-03-26 17:25:18.105,-2.32417605,-0.5589790499999988,9.551677100000001
2026-03-26 17:25:18.341,-2.32417605,-0.5589790499999988,9.551677100000001
2026-03-26 17:25:18.605,-2.32417605,-0.5589790499999988,9.54187045
2026-03-26 17:25:18.840,-2.32417605,-0.5589790499999988,9.54187045
2026-03-26 17:25:19.105,-2.32417605,-0.5589790499999988,9.54187045
2026-03-26 17:25:19.341,-2.32417605,-0.5589790499999988,9.54187045
2026-03-26 17:25:19.612,-2.32417605,-0.5589790499999988,9.54187045
2026-03-26 17:25:19.840,-2.32417605,-0.5589790499999988,9.54187045
2026-03-26 17:25:20.106,-2.32417605,-0.5589790499999988,9.54187045
2026-03-26 17:25:20.341,-2.32417605,-0.5589790499999988,9.54187045
2026-03-26 17:25:20.604,-2.32417605,-0.5589790499999988,9.551677100000001
2026-03-26 17:25:20.840,-2.32417605,-0.5589790499999988,9.551677100000001
2026-03-26 17:25:21.105,-2.32417605,-0.5589790499999988,9.54187045
2026-03-26 17:25:21.342,-2.32417605,-0.5589790499999988,9.54187045
2026-03-26 17:25:21.606,-2.32417605,-0.5589790499999988,9.54187045
2026-03-26 17:25:21.841,-2.32417605,-0.5589790499999988,9.54187045
2026-03-26 17:25:22.105,-2.32417605,-0.5589790499999988,9.54187045
2026-03-26 17:25:22.341,-2.32417605,-0.5589790499999988,9.54187045
2026-03-26 17:25:22.608,-2.32417605,-0.5589790499999988,9.54187045
2026-03-26 17:25:22.841,-2.32417605,-0.5589790499999988,9.54187045
2026-03-26 17:25:23.111,-2.32417605,-0.5589790499999988,9.54187045
2026-03-26 17:25:23.342,-2.32417605,-0.5589790499999988,9.54187045
2026-03-26 17:25:23.607,-2.32417605,-0.5589790499999988,9.54187045
2026-03-26 17:25:23.840,-2.32417605,-0.5589790499999988,9.54187045
2026-03-26 17:25:24.112,-2.32417605,-0.5589790499999988,9.54187045
2026-03-26 17:25:24.341,-2.32417605,-0.5589790499999988,9.54187045
2026-03-26 17:25:24.607,-2.32417605,-0.5589790499999988,9.54187045
2026-03-26 17:25:24.840,-2.32417605,-0.5589790499999988,9.54187045
2026-03-26 17:25:25.107,-2.32417605,-0.5589790499999988,9.54187045
2026-03-26 17:25:25.340,-2.32417605,-0.5589790499999988,9.54187045
2026-03-26 17:25:25.606,-2.32417605,-0.5589790499999988,9.54187045
2026-03-26 17:25:25.840,-2.32417605,-0.5589790499999988,9.54187045
2026-03-26 17:25:26.106,-2.32417605,-0.5589790499999988,9.54187045
2026-03-26 17:25:26.343,-2.32417605,-0.5589790499999988,9.54187045
2026-03-26 17:25:26.606,-2.32417605,-0.5589790499999988,9.54187045
2026-03-26 17:25:26.840,-2.32417605,-0.5589790499999988,9.54187045
2026-03-26 17:25:27.108,-2.32417605,-0.5589790499999988,9.5320638
2026-03-26 17:25:27.340,-2.32417605,-0.5589790499999988,9.5320638
2026-03-26 17:25:27.608,-2.32417605,-0.5589790499999988,9.5320638
2026-03-26 17:25:27.840,-2.32417605,-0.5589790499999988,9.5320638
2026-03-26 17:25:28.106,-2.32417605,-0.5589790499999988,9.54187045
2026-03-26 17:25:28.341,-2.32417605,-0.5589790499999988,9.54187045
2026-03-26 17:25:28.612,-2.32417605,-0.5589790499999988,9.551677100000001
2026-03-26 17:25:28.840,-2.32417605,-0.5589790499999988,9.551677100000001
2026-03-26 17:25:29.110,-2.32417605,-0.5589790499999988,9.551677100000001
2026-03-26 17:25:29.344,-2.32417605,-0.5589790499999988,9.551677100000001
2026-03-26 17:25:29.606,-2.32417605,-0.5589790499999988,9.551677100000001
2026-03-26 17:25:29.839,-2.32417605,-0.5589790499999988,9.551677100000001
2026-03-26 17:25:30.107,-2.3143694,-0.5589790499999988,9.54187045
2026-03-26 17:25:30.341,-2.3143694,-0.5589790499999988,9.54187045
2026-03-26 17:25:30.606,-2.32417605,-0.5589790499999988,9.54187045
2026-03-26 17:25:30.843,-2.32417605,-0.5589790499999988,9.54187045
2026-03-26 17:25:31.106,-2.32417605,-0.5589790499999988,9.54187045
2026-03-26 17:25:31.340,-2.32417605,-0.5589790499999988,9.54187045
2026-03-26 17:25:31.606,-2.32417605,-0.5589790499999988,9.54187045
2026-03-26 17:25:31.843,-2.32417605,-0.5589790499999988,9.54187045
2026-03-26 17:25:32.105,-2.32417605,-0.5589790499999988,9.54187045
2026-03-26 17:25:32.341,-2.32417605,-0.5589790499999988,9.54187045
2026-03-26 17:25:32.606,-2.32417605,-0.5589790499999988,9.54187045
2026-03-26 17:25:32.841,-2.32417605,-0.5589790499999988,9.54187045
2026-03-26 17:25:33.109,-2.32417605,-0.5589790499999988,9.54187045
2026-03-26 17:25:33.340,-2.32417605,-0.5589790499999988,9.54187045
2026-03-26 17:25:33.607,-2.32417605,-0.5589790499999988,9.551677100000001
2026-03-26 17:25:33.839,-2.32417605,-0.5589790499999988,9.551677100000001
2026-03-26 17:25:34.111,-2.32417605,-0.5589790499999988,9.54187045
2026-03-26 17:25:34.340,-2.32417605,-0.5589790499999988,9.54187045
2026-03-26 17:25:34.604,-2.32417605,-0.5589790499999988,9.54187045
2026-03-26 17:25:34.840,-2.32417605,-0.5589790499999988,9.54187045
2026-03-26 17:25:35.105,-2.3143694,-0.5589790499999988,9.54187045
2026-03-26 17:25:35.343,-2.3143694,-0.5589790499999988,9.54187045
2026-03-26 17:25:35.607,-2.32417605,-0.5589790499999988,9.54187045
2026-03-26 17:25:35.840,-2.32417605,-0.5589790499999988,9.54187045
2026-03-26 17:25:36.110,-2.32417605,-0.5589790499999988,9.54187045
2026-03-26 17:25:36.340,-2.32417605,-0.5589790499999988,9.54187045
2026-03-26 17:25:36.604,-2.3143694,-0.5589790499999988,9.54187045
2026-03-26 17:25:36.839,-2.3143694,-0.5589790499999988,9.54187045
2026-03-26 17:25:37.105,-2.32417605,-0.5589790499999988,9.5320638
2026-03-26 17:25:37.340,-2.32417605,-0.5589790499999988,9.5320638
2026-03-26 17:25:37.609,-2.32417605,-0.5589790499999988,9.54187045
2026-03-26 17:25:37.839,-2.32417605,-0.5589790499999988,9.54187045
2026-03-26 17:25:38.105,-2.32417605,-0.5589790499999988,9.54187045
2026-03-26 17:25:38.340,-2.32417605,-0.5589790499999988,9.54187045
2026-03-26 17:25:38.605,-2.32417605,-0.5589790499999988,9.54187045
2026-03-26 17:25:38.839,-2.32417605,-0.5589790499999988,9.54187045
2026-03-26 17:25:39.106,-2.32417605,-0.5589790499999988,9.54187045
2026-03-26 17:25:39.340,-2.32417605,-0.5589790499999988,9.54187045
2026-03-26 17:25:39.604,-2.32417605,-0.5589790499999988,9.54187045
2026-03-26 17:25:39.841,-2.32417605,-0.5589790499999988,9.54187045
2026-03-26 17:25:40.106,-2.32417605,-0.5589790499999988,9.54187045
2026-03-26 17:25:40.340,-2.32417605,-0.5589790499999988,9.54187045
2026-03-26 17:25:40.604,-2.32417605,-0.5589790499999988,9.54187045
2026-03-26 17:25:40.840,-2.32417605,-0.5589790499999988,9.54187045
2026-03-26 17:25:41.105,-2.32417605,-0.5589790499999988,9.54187045
2026-03-26 17:25:41.340,-2.32417605,-0.5589790499999988,9.54187045
2026-03-26 17:25:41.605,-2.32417605,-0.5589790499999988,9.54187045
2026-03-26 17:25:41.840,-2.32417605,-0.5589790499999988,9.54187045
2026-03-26 17:25:42.109,-2.32417605,-0.5589790499999988,9.54187045
2026-03-26 17:25:42.340,-2.32417605,-0.5589790499999988,9.54187045
2026-03-26 17:25:42.605,-2.32417605,-0.5589790499999988,9.551677100000001
2026-03-26 17:25:42.840,-2.32417605,-0.5589790499999988,9.551677100000001
2026-03-26 17:25:43.104,-2.32417605,-0.5589790499999988,9.551677100000001
2026-03-26 17:25:43.340,-2.32417605,-0.5589790499999988,9.551677100000001
2026-03-26 17:25:43.603,-2.32417605,-0.5589790499999988,9.551677100000001
2026-03-26 17:25:43.839,-2.32417605,-0.5589790499999988,9.551677100000001
2026-03-26 17:25:44.104,-2.32417605,-0.5589790499999988,9.54187045
2026-03-26 17:25:44.342,-2.32417605,-0.5589790499999988,9.54187045
2026-03-26 17:25:44.603,-2.32417605,-0.5589790499999988,9.54187045
2026-03-26 17:25:44.840,-2.32417605,-0.5589790499999988,9.54187045
2026-03-26 17:25:45.104,-2.32417605,-0.5589790499999988,9.551677100000001
2026-03-26 17:25:45.340,-2.32417605,-0.5589790499999988,9.551677100000001
2026-03-26 17:25:45.603,-2.32417605,-0.5589790499999988,9.54187045
2026-03-26 17:25:45.839,-2.32417605,-0.5589790499999988,9.54187045
2026-03-26 17:25:46.104,-2.32417605,-0.5589790499999988,9.5320638
2026-03-26 17:25:46.341,-2.32417605,-0.5589790499999988,9.5320638
2026-03-26 17:25:46.605,-2.32417605,-0.5589790499999988,9.54187045
2026-03-26 17:25:46.839,-2.32417605,-0.5589790499999988,9.54187045
2026-03-26 17:25:47.113,-2.32417605,-0.5589790499999988,9.54187045
2026-03-26 17:25:47.342,-2.32417605,-0.5589790499999988,9.54187045
2026-03-26 17:25:47.604,-2.32417605,-0.5589790499999988,9.54187045
2026-03-26 17:25:47.839,-2.32417605,-0.5589790499999988,9.54187045
2026-03-26 17:25:48.105,-2.32417605,-0.5589790499999988,9.54187045
2026-03-26 17:25:48.341,-2.32417605,-0.5589790499999988,9.54187045
2026-03-26 17:25:48.604,-2.32417605,-0.5589790499999988,9.54187045
2026-03-26 17:25:48.840,-2.32417605,-0.5589790499999988,9.54187045
2026-03-26 17:25:49.103,-2.32417605,-0.5589790499999988,9.5320638
2026-03-26 17:25:49.341,-2.32417605,-0.5589790499999988,9.5320638
2026-03-26 17:25:49.603,-2.32417605,-0.5589790499999988,9.54187045
2026-03-26 17:25:49.839,-2.32417605,-0.5589790499999988,9.54187045
2026-03-26 17:25:50.105,-2.32417605,-0.5589790499999988,9.54187045
2026-03-26 17:25:50.340,-2.32417605,-0.5589790499999988,9.54187045
2026-03-26 17:25:50.605,-2.32417605,-0.5589790499999988,9.54187045
2026-03-26 17:25:50.840,-2.32417605,-0.5589790499999988,9.54187045
2026-03-26 17:25:51.110,-2.32417605,-0.5589790499999988,9.54187045
2026-03-26 17:25:51.339,-2.32417605,-0.5589790499999988,9.54187045
2026-03-26 17:25:51.613,-2.32417605,-0.5589790499999988,9.54187045
2026-03-26 17:25:51.842,-2.32417605,-0.5589790499999988,9.54187045
2026-03-26 17:25:52.109,-2.32417605,-0.5589790499999988,9.551677100000001
2026-03-26 17:25:52.339,-2.32417605,-0.5589790499999988,9.551677100000001
2026-03-26 17:25:52.605,-2.32417605,-0.5687856999999988,9.54187045
2026-03-26 17:25:52.839,-2.32417605,-0.5687856999999988,9.54187045
2026-03-26 17:25:53.105,-2.32417605,-0.5589790499999988,9.54187045
2026-03-26 17:25:53.342,-2.32417605,-0.5589790499999988,9.54187045
2026-03-26 17:25:53.607,-2.3143694,-0.5589790499999988,9.54187045
2026-03-26 17:25:53.840,-2.3143694,-0.5589790499999988,9.54187045
2026-03-26 17:25:54.107,-2.32417605,-0.5589790499999988,9.54187045
2026-03-26 17:25:54.339,-2.32417605,-0.5589790499999988,9.54187045
2026-03-26 17:25:54.606,-2.32417605,-0.5589790499999988,9.54187045
2026-03-26 17:25:54.838,-2.32417605,-0.5589790499999988,9.54187045
2026-03-26 17:25:55.118,-2.32417605,-0.5589790499999988,9.54187045
2026-03-26 17:25:55.340,-2.32417605,-0.5589790499999988,9.54187045
2026-03-26 17:25:55.608,-2.32417605,-0.5589790499999988,9.551677100000001
2026-03-26 17:25:55.838,-2.32417605,-0.5589790499999988,9.551677100000001
2026-03-26 17:25:56.104,-2.32417605,-0.5589790499999988,9.54187045
2026-03-26 17:25:56.340,-2.32417605,-0.5589790499999988,9.54187045
2026-03-26 17:25:56.606,-2.32417605,-0.5589790499999988,9.54187045
2026-03-26 17:25:56.838,-2.32417605,-0.5589790499999988,9.54187045
2026-03-26 17:25:57.104,-2.32417605,-0.5589790499999988,9.54187045
2026-03-26 17:25:57.340,-2.32417605,-0.5589790499999988,9.54187045
2026-03-26 17:25:57.605,-2.32417605,-0.5589790499999988,9.54187045
2026-03-26 17:25:57.841,-2.32417605,-0.5589790499999988,9.54187045
2026-03-26 17:25:58.105,-2.32417605,-0.5589790499999988,9.54187045
2026-03-26 17:25:58.339,-2.32417605,-0.5589790499999988,9.54187045
2026-03-26 17:25:58.603,-2.32417605,-0.5589790499999988,9.54187045
2026-03-26 17:25:58.838,-2.32417605,-0.5589790499999988,9.54187045
2026-03-26 17:25:59.107,-2.32417605,-0.5589790499999988,9.54187045
2026-03-26 17:25:59.339,-2.32417605,-0.5589790499999988,9.54187045
2026-03-26 17:25:59.603,-2.32417605,-0.5589790499999988,9.551677100000001
2026-03-26 17:25:59.839,-2.32417605,-0.5589790499999988,9.551677100000001
2026-03-26 17:26:00.109,-2.32417605,-0.5589790499999988,9.551677100000001
2026-03-26 17:26:00.339,-2.32417605,-0.5589790499999988,9.551677100000001
2026-03-26 17:26:00.605,-2.32417605,-0.5589790499999988,9.54187045
2026-03-26 17:26:00.842,-2.32417605,-0.5589790499999988,9.54187045
2026-03-26 17:26:01.104,-2.32417605,-0.5589790499999988,9.54187045
2026-03-26 17:26:01.339,-2.32417605,-0.5589790499999988,9.54187045
2026-03-26 17:26:01.604,-2.32417605,-0.5589790499999988,9.54187045
2026-03-26 17:26:01.838,-2.32417605,-0.5589790499999988,9.54187045
2026-03-26 17:26:02.104,-2.32417605,-0.5589790499999988,9.54187045
2026-03-26 17:26:02.342,-2.32417605,-0.5589790499999988,9.54187045
2026-03-26 17:26:02.603,-2.32417605,-0.5589790499999988,9.54187045
2026-03-26 17:26:02.839,-2.32417605,-0.5589790499999988,9.54187045
2026-03-26 17:26:03.104,-2.32417605,-0.5589790499999988,9.54187045
2026-03-26 17:26:03.339,-2.32417605,-0.5589790499999988,9.54187045
2026-03-26 17:26:03.603,-2.32417605,-0.5589790499999988,9.54187045
2026-03-26 17:26:03.838,-2.32417605,-0.5589790499999988,9.54187045
2026-03-26 17:26:04.104,-2.32417605,-0.5589790499999988,9.54187045
2026-03-26 17:26:04.340,-2.32417605,-0.5589790499999988,9.54187045
2026-03-26 17:26:04.609,-2.32417605,-0.5589790499999988,9.54187045
2026-03-26 17:26:04.838,-2.32417605,-0.5589790499999988,9.54187045
2026-03-26 17:26:05.105,-2.32417605,-0.5589790499999988,9.54187045
2026-03-26 17:26:05.341,-2.32417605,-0.5589790499999988,9.54187045
2026-03-26 17:26:05.604,-2.32417605,-0.5589790499999988,9.54187045
2026-03-26 17:26:05.838,-2.32417605,-0.5589790499999988,9.54187045
2026-03-26 17:26:06.104,-2.32417605,-0.5687856999999988,9.54187045
2026-03-26 17:26:06.340,-2.32417605,-0.5687856999999988,9.54187045
2026-03-26 17:26:06.606,-2.32417605,-0.5589790499999988,9.54187045
2026-03-26 17:26:06.840,-2.32417605,-0.5589790499999988,9.54187045
2026-03-26 17:26:07.107,-2.32417605,-0.5589790499999988,9.54187045
2026-03-26 17:26:07.340,-2.32417605,-0.5589790499999988,9.54187045
2026-03-26 17:26:07.604,-2.32417605,-0.5589790499999988,9.54187045
2026-03-26 17:26:07.839,-2.32417605,-0.5589790499999988,9.54187045
2026-03-26 17:26:08.103,-2.32417605,-0.5589790499999988,9.54187045
2026-03-26 17:26:08.339,-2.32417605,-0.5589790499999988,9.54187045
2026-03-26 17:26:08.604,-2.32417605,-0.5589790499999988,9.54187045
2026-03-26 17:26:08.838,-2.32417605,-0.5589790499999988,9.54187045
2026-03-26 17:26:09.110,-2.32417605,-0.5589790499999988,9.54187045
2026-03-26 17:26:09.339,-2.32417605,-0.5589790499999988,9.54187045
2026-03-26 17:26:09.606,-2.32417605,-0.5589790499999988,9.54187045
2026-03-26 17:26:09.842,-2.32417605,-0.5589790499999988,9.54187045
2026-03-26 17:26:10.106,-2.32417605,-0.5589790499999988,9.54187045
2026-03-26 17:26:10.339,-2.32417605,-0.5589790499999988,9.54187045
2026-03-26 17:26:10.602,-2.32417605,-0.5589790499999988,9.54187045
2026-03-26 17:26:10.839,-2.32417605,-0.5589790499999988,9.54187045
2026-03-26 17:26:11.106,-2.32417605,-0.5589790499999988,9.551677100000001
2026-03-26 17:26:11.342,-2.32417605,-0.5589790499999988,9.551677100000001
2026-03-26 17:26:11.604,-2.3339827,-0.5589790499999988,9.54187045
2026-03-26 17:26:11.839,-2.3339827,-0.5589790499999988,9.54187045
2026-03-26 17:26:12.107,-2.32417605,-0.5589790499999988,9.551677100000001
2026-03-26 17:26:12.340,-2.32417605,-0.5589790499999988,9.551677100000001
2026-03-26 17:26:12.604,-2.32417605,-0.5491723999999988,9.54187045
2026-03-26 17:26:12.839,-2.32417605,-0.5491723999999988,9.54187045
2026-03-26 17:26:13.106,-2.32417605,-0.5589790499999988,9.54187045
2026-03-26 17:26:13.340,-2.32417605,-0.5589790499999988,9.54187045
2026-03-26 17:26:13.609,-2.32417605,-0.5589790499999988,9.54187045
2026-03-26 17:26:13.838,-2.32417605,-0.5589790499999988,9.54187045
2026-03-26 17:26:14.104,-2.32417605,-0.5589790499999988,9.54187045
2026-03-26 17:26:14.340,-2.32417605,-0.5589790499999988,9.54187045
2026-03-26 17:26:14.605,-2.32417605,-0.5589790499999988,9.54187045
2026-03-26 17:26:14.838,-2.32417605,-0.5589790499999988,9.54187045
2026-03-26 17:26:15.104,-2.32417605,-0.5589790499999988,9.54187045
2026-03-26 17:26:15.338,-2.32417605,-0.5589790499999988,9.54187045
2026-03-26 17:26:15.604,-2.32417605,-0.5687856999999988,9.54187045
2026-03-26 17:26:15.840,-2.32417605,-0.5687856999999988,9.54187045
2026-03-26 17:26:16.103,-2.32417605,-0.5589790499999988,9.54187045
2026-03-26 17:26:16.339,-2.32417605,-0.5589790499999988,9.54187045
2026-03-26 17:26:16.602,-2.32417605,-0.5687856999999988,9.551677100000001
2026-03-26 17:26:16.838,-2.32417605,-0.5687856999999988,9.551677100000001
2026-03-26 17:26:17.103,-2.32417605,-0.5687856999999988,9.54187045
2026-03-26 17:26:17.338,-2.32417605,-0.5687856999999988,9.54187045
2026-03-26 17:26:17.605,-2.32417605,-0.5589790499999988,9.54187045
2026-03-26 17:26:17.838,-2.32417605,-0.5589790499999988,9.54187045
2026-03-26 17:26:18.111,-2.32417605,-0.5589790499999988,9.54187045
2026-03-26 17:26:18.338,-2.32417605,-0.5589790499999988,9.54187045
2026-03-26 17:26:18.605,-2.32417605,-0.5589790499999988,9.551677100000001
2026-03-26 17:26:18.838,-2.32417605,-0.5589790499999988,9.551677100000001
2026-03-26 17:26:19.105,-2.32417605,-0.5589790499999988,9.54187045
2026-03-26 17:26:19.338,-2.32417605,-0.5589790499999988,9.54187045
2026-03-26 17:26:19.604,-2.32417605,-0.5589790499999988,9.54187045
2026-03-26 17:26:19.838,-2.32417605,-0.5589790499999988,9.54187045
2026-03-26 17:26:20.107,-2.32417605,-0.5589790499999988,9.54187045
2026-03-26 17:26:20.341,-2.32417605,-0.5589790499999988,9.54187045
2026-03-26 17:26:20.602,-2.32417605,-0.5589790499999988,9.54187045
2026-03-26 17:26:20.838,-2.32417605,-0.5589790499999988,9.54187045
2026-03-26 17:26:21.105,-2.32417605,-0.5589790499999988,9.54187045
2026-03-26 17:26:21.339,-2.32417605,-0.5589790499999988,9.54187045
2026-03-26 17:26:21.619,-2.32417605,-0.5589790499999988,9.54187045
2026-03-26 17:26:21.838,-2.32417605,-0.5589790499999988,9.54187045
2026-03-26 17:26:22.104,-2.32417605,-0.5589790499999988,9.54187045
2026-03-26 17:26:22.339,-2.32417605,-0.5589790499999988,9.54187045
2026-03-26 17:26:22.610,-2.32417605,-0.5589790499999988,9.54187045
2026-03-26 17:26:22.837,-2.32417605,-0.5589790499999988,9.54187045
2026-03-26 17:26:23.107,-2.32417605,-0.5589790499999988,9.54187045
2026-03-26 17:26:23.339,-2.32417605,-0.5589790499999988,9.54187045
2026-03-26 17:26:23.605,-2.32417605,-0.5589790499999988,9.54187045
2026-03-26 17:26:23.837,-2.32417605,-0.5589790499999988,9.54187045
2026-03-26 17:26:24.105,-2.32417605,-0.5589790499999988,9.54187045
2026-03-26 17:26:24.339,-2.32417605,-0.5589790499999988,9.54187045
2026-03-26 17:26:24.605,-2.32417605,-0.5589790499999988,9.54187045
2026-03-26 17:26:24.839,-2.32417605,-0.5589790499999988,9.54187045
2026-03-26 17:26:25.102,-2.32417605,-0.5589790499999988,9.54187045
2026-03-26 17:26:25.338,-2.32417605,-0.5589790499999988,9.54187045
2026-03-26 17:26:25.603,-2.32417605,-0.5589790499999988,9.54187045
2026-03-26 17:26:25.838,-2.32417605,-0.5589790499999988,9.54187045
2026-03-26 17:26:26.104,-2.32417605,-0.5589790499999988,9.551677100000001
2026-03-26 17:26:26.338,-2.32417605,-0.5589790499999988,9.551677100000001
2026-03-26 17:26:26.613,-2.32417605,-0.5589790499999988,9.54187045
2026-03-26 17:26:26.838,-2.32417605,-0.5589790499999988,9.54187045
2026-03-26 17:26:27.108,-2.32417605,-0.5589790499999988,9.54187045
2026-03-26 17:26:27.338,-2.32417605,-0.5589790499999988,9.54187045
2026-03-26 17:26:27.604,-2.32417605,-0.5589790499999988,9.54187045
2026-03-26 17:26:27.840,-2.32417605,-0.5589790499999988,9.54187045
2026-03-26 17:26:28.102,-2.32417605,-0.5589790499999988,9.54187045
2026-03-26 17:26:28.339,-2.32417605,-0.5589790499999988,9.54187045
2026-03-26 17:26:28.603,-2.32417605,-0.5589790499999988,9.54187045
2026-03-26 17:26:28.837,-2.32417605,-0.5589790499999988,9.54187045
2026-03-26 17:26:29.106,-2.32417605,-0.5589790499999988,9.54187045
2026-03-26 17:26:29.341,-2.32417605,-0.5589790499999988,9.54187045
2026-03-26 17:26:29.605,-2.3143694,-0.5687856999999988,9.54187045
2026-03-26 17:26:29.837,-2.3143694,-0.5687856999999988,9.54187045
2026-03-26 17:26:30.107,-2.30456275,-0.5589790499999988,9.551677100000001
2026-03-26 17:26:30.338,-2.30456275,-0.5589790499999988,9.551677100000001
2026-03-26 17:26:30.604,-2.3143694,-0.5687856999999988,9.54187045
2026-03-26 17:26:30.838,-2.3143694,-0.5687856999999988,9.54187045
2026-03-26 17:26:31.103,-2.34378935,-0.5393657499999989,9.5320638
2026-03-26 17:26:31.339,-2.34378935,-0.5393657499999989,9.5320638
2026-03-26 17:26:31.609,-2.32417605,-0.5491723999999988,9.54187045
2026-03-26 17:26:31.837,-2.32417605,-0.5491723999999988,9.54187045
2026-03-26 17:26:32.104,-2.32417605,-0.5589790499999988,9.54187045
2026-03-26 17:26:32.341,-2.32417605,-0.5589790499999988,9.54187045
2026-03-26 17:26:32.606,-2.32417605,-0.5589790499999988,9.54187045
2026-03-26 17:26:32.838,-2.32417605,-0.5589790499999988,9.54187045
2026-03-26 17:26:33.103,-2.2947561,-0.6864654999999988,9.5124505
2026-03-26 17:26:33.338,-2.2947561,-0.6864654999999988,9.5124505
2026-03-26 17:26:33.605,-2.32417605,-0.5491723999999988,9.5124505
2026-03-26 17:26:33.839,-2.32417605,-0.5491723999999988,9.5124505
2026-03-26 17:26:34.102,-3.4519408,-0.1765196999999988,9.7870367
2026-03-26 17:26:34.339,-3.4519408,-0.1765196999999988,9.7870367
2026-03-26 17:26:34.602,-2.0397832,0.019613300000001162,9.48303055
2026-03-26 17:26:34.838,-2.0397832,0.019613300000001162,9.48303055
2026-03-26 17:26:35.104,0.5491724,0.18632635000000122,9.8654899
2026-03-26 17:26:35.338,0.5491724,0.18632635000000122,9.8654899
2026-03-26 17:26:35.603,-1.6082906000000001,0.37265270000000117,9.8458766
2026-03-26 17:26:35.838,-1.6082906000000001,0.37265270000000117,9.8458766
2026-03-26 17:26:36.109,-0.28439285000000003,-1.7161637499999989,9.80665
2026-03-26 17:26:36.338,-0.28439285000000003,-1.7161637499999989,9.80665
2026-03-26 17:26:36.604,1.46119085,-1.3729309999999992,7.93357985
2026-03-26 17:26:36.840,1.46119085,-1.3729309999999992,7.93357985
2026-03-26 17:26:37.103,-0.10787315,-0.8237585999999989,9.5712904
2026-03-26 17:26:37.339,-0.10787315,-0.8237585999999989,9.5712904
2026-03-26 17:26:37.603,-0.980665,-1.2552511999999987,10.2381426
2026-03-26 17:26:37.838,-0.980665,-1.2552511999999987,10.2381426
2026-03-26 17:26:38.103,-1.3533177,0.3236194500000013,10.60098865
2026-03-26 17:26:38.340,-1.3533177,0.3236194500000013,10.60098865
2026-03-26 17:26:38.603,-1.24544455,-0.39226599999999895,8.7083052
2026-03-26 17:26:38.838,-1.24544455,-0.39226599999999895,8.7083052
2026-03-26 17:26:39.103,-0.4511059,-0.6276255999999988,9.463417250000001
2026-03-26 17:26:39.338,-0.4511059,-0.6276255999999988,9.463417250000001
2026-03-26 17:26:39.604,0.0784532,-1.274864499999999,9.58109705
2026-03-26 17:26:39.837,0.0784532,-1.274864499999999,9.58109705
2026-03-26 17:26:40.104,-0.20593965,-0.5099457999999988,9.95374975
2026-03-26 17:26:40.338,-0.20593965,-0.5099457999999988,9.95374975
2026-03-26 17:26:40.610,0.2549729,-0.6668521999999988,9.80665
2026-03-26 17:26:40.838,0.2549729,-0.6668521999999988,9.80665
2026-03-26 17:26:41.103,0.00980665,-0.46091254999999887,9.18883105
2026-03-26 17:26:41.338,0.00980665,-0.46091254999999887,9.18883105
2026-03-26 17:26:41.609,-0.08825985,-0.6374322499999987,9.9047165
2026-03-26 17:26:41.836,-0.08825985,-0.6374322499999987,9.9047165
2026-03-26 17:26:42.101,0.59820565,-0.06864654999999881,9.7085835
2026-03-26 17:26:42.337,0.59820565,-0.06864654999999881,9.7085835
2026-03-26 17:26:42.602,0.34323275,-0.16671304999999878,9.81645665
2026-03-26 17:26:42.837,0.34323275,-0.16671304999999878,9.81645665
2026-03-26 17:26:43.102,0.3138128,-0.2843928499999988,9.8262633
2026-03-26 17:26:43.338,0.3138128,-0.2843928499999988,9.8262633
2026-03-26 17:26:43.603,0.28439285000000003,-0.37265269999999884,9.8262633
2026-03-26 17:26:43.837,0.28439285000000003,-0.37265269999999884,9.8262633
2026-03-26 17:26:44.103,0.3138128,-0.33342609999999884,9.81645665
2026-03-26 17:26:44.337,0.3138128,-0.33342609999999884,9.81645665
2026-03-26 17:26:44.601,0.3138128,-0.33342609999999884,9.81645665
2026-03-26 17:26:44.837,0.3138128,-0.33342609999999884,9.81645665
2026-03-26 17:26:45.109,0.2941995,-0.3432327499999988,9.8262633
2026-03-26 17:26:45.337,0.2941995,-0.3432327499999988,9.8262633
2026-03-26 17:26:45.602,0.30400615,-0.33342609999999884,9.8262633
2026-03-26 17:26:45.838,0.30400615,-0.33342609999999884,9.8262633
2026-03-26 17:26:46.102,0.2941995,-0.3432327499999988,9.8262633
2026-03-26 17:26:46.338,0.2941995,-0.3432327499999988,9.8262633
2026-03-26 17:26:46.602,0.30400615,-0.35303939999999884,9.83606995
2026-03-26 17:26:46.837,0.30400615,-0.35303939999999884,9.83606995
2026-03-26 17:26:47.103,0.30400615,-0.3432327499999988,9.8262633
2026-03-26 17:26:47.339,0.30400615,-0.3432327499999988,9.8262633
2026-03-26 17:26:47.600,0.2941995,-0.3236194499999988,9.8262633
2026-03-26 17:26:47.837,0.2941995,-0.3236194499999988,9.8262633
2026-03-26 17:26:48.106,0.2941995,-0.3138127999999988,9.8262633
2026-03-26 17:26:48.338,0.2941995,-0.3138127999999988,9.8262633
2026-03-26 17:26:48.603,0.28439285000000003,-0.33342609999999884,9.8262633
2026-03-26 17:26:48.837,0.28439285000000003,-0.33342609999999884,9.8262633
2026-03-26 17:26:49.103,0.30400615,-0.3432327499999988,9.8262633
2026-03-26 17:26:49.338,0.30400615,-0.3432327499999988,9.8262633
2026-03-26 17:26:49.606,0.2941995,-0.3432327499999988,9.8262633
2026-03-26 17:26:49.836,0.2941995,-0.3432327499999988,9.8262633
2026-03-26 17:26:50.104,0.30400615,-0.33342609999999884,9.8262633
2026-03-26 17:26:50.338,0.30400615,-0.33342609999999884,9.8262633
2026-03-26 17:26:50.609,0.2941995,-0.3432327499999988,9.8262633
2026-03-26 17:26:50.836,0.2941995,-0.3432327499999988,9.8262633
2026-03-26 17:26:51.102,0.2941995,-0.3432327499999988,9.8262633
2026-03-26 17:26:51.337,0.2941995,-0.3432327499999988,9.8262633
2026-03-26 17:26:51.603,0.2941995,-0.3432327499999988,9.8262633
2026-03-26 17:26:51.839,0.2941995,-0.3432327499999988,9.8262633
2026-03-26 17:26:52.102,0.2941995,-0.3432327499999988,9.8262633
2026-03-26 17:26:52.338,0.2941995,-0.3432327499999988,9.8262633
2026-03-26 17:26:52.602,0.2941995,-0.3432327499999988,9.8262633
2026-03-26 17:26:52.837,0.2941995,-0.3432327499999988,9.8262633
2026-03-26 17:26:53.102,0.2941995,-0.3432327499999988,9.8262633
2026-03-26 17:26:53.338,0.2941995,-0.3432327499999988,9.8262633
2026-03-26 17:26:53.602,0.30400615,-0.3432327499999988,9.8262633
2026-03-26 17:26:53.837,0.30400615,-0.3432327499999988,9.8262633
2026-03-26 17:26:54.107,0.30400615,-0.3432327499999988,9.8262633
2026-03-26 17:26:54.338,0.30400615,-0.3432327499999988,9.8262633
2026-03-26 17:26:54.605,0.2941995,-0.3432327499999988,9.8262633
2026-03-26 17:26:54.837,0.2941995,-0.3432327499999988,9.8262633
2026-03-26 17:26:55.103,0.2941995,-0.3432327499999988,9.8262633
2026-03-26 17:26:55.338,0.2941995,-0.3432327499999988,9.8262633
2026-03-26 17:26:55.605,0.2941995,-0.3432327499999988,9.81645665
2026-03-26 17:26:55.837,0.2941995,-0.3432327499999988,9.81645665
2026-03-26 17:26:56.104,0.2941995,-0.3432327499999988,9.8262633
2026-03-26 17:26:56.340,0.2941995,-0.3432327499999988,9.8262633
2026-03-26 17:26:56.602,0.2941995,-0.3432327499999988,9.8262633
2026-03-26 17:26:56.838,0.2941995,-0.3432327499999988,9.8262633
2026-03-26 17:26:57.105,0.2941995,-0.3432327499999988,9.8262633
2026-03-26 17:26:57.340,0.2941995,-0.3432327499999988,9.8262633
2026-03-26 17:26:57.602,0.2941995,-0.3432327499999988,9.8262633
2026-03-26 17:26:57.837,0.2941995,-0.3432327499999988,9.8262633
2026-03-26 17:26:58.101,0.2941995,-0.3432327499999988,9.8262633
2026-03-26 17:26:58.338,0.2941995,-0.3432327499999988,9.8262633
2026-03-26 17:26:58.603,0.2941995,-0.3432327499999988,9.8262633
2026-03-26 17:26:58.837,0.2941995,-0.3432327499999988,9.8262633
2026-03-26 17:26:59.102,0.2941995,-0.3432327499999988,9.81645665
2026-03-26 17:26:59.338,0.2941995,-0.3432327499999988,9.81645665
2026-03-26 17:26:59.604,0.2941995,-0.3432327499999988,9.81645665
2026-03-26 17:26:59.837,0.2941995,-0.3432327499999988,9.81645665
2026-03-26 17:27:00.101,0.2941995,-0.3432327499999988,9.8262633
2026-03-26 17:27:00.338,0.2941995,-0.3432327499999988,9.8262633
2026-03-26 17:27:00.605,0.2941995,-0.3432327499999988,9.8262633
2026-03-26 17:27:00.838,0.2941995,-0.3432327499999988,9.8262633
2026-03-26 17:27:01.101,0.2941995,-0.3432327499999988,9.8262633
2026-03-26 17:27:01.338,0.2941995,-0.3432327499999988,9.8262633
2026-03-26 17:27:01.603,0.2941995,-0.3432327499999988,9.8262633
2026-03-26 17:27:01.837,0.2941995,-0.3432327499999988,9.8262633
2026-03-26 17:27:02.102,0.2941995,-0.3432327499999988,9.8262633
2026-03-26 17:27:02.337,0.2941995,-0.3432327499999988,9.8262633
2026-03-26 17:27:02.601,0.2941995,-0.3432327499999988,9.81645665
2026-03-26 17:27:02.837,0.2941995,-0.3432327499999988,9.81645665
2026-03-26 17:27:03.110,0.2941995,-0.3432327499999988,9.8262633
2026-03-26 17:27:03.338,0.2941995,-0.3432327499999988,9.8262633
2026-03-26 17:27:03.610,0.2941995,-0.35303939999999884,9.8262633
2026-03-26 17:27:03.836,0.2941995,-0.35303939999999884,9.8262633
2026-03-26 17:27:04.103,0.2941995,-0.35303939999999884,9.8262633
2026-03-26 17:27:04.337,0.2941995,-0.35303939999999884,9.8262633
2026-03-26 17:27:04.602,0.28439285000000003,-0.37265269999999884,9.79684335
2026-03-26 17:27:04.837,0.28439285000000003,-0.37265269999999884,9.79684335
2026-03-26 17:27:05.104,0.18632635,-0.33342609999999884,9.9243298
2026-03-26 17:27:05.340,0.18632635,-0.33342609999999884,9.9243298
2026-03-26 17:27:05.602,0.3334261,-0.3236194499999988,9.83606995
2026-03-26 17:27:05.836,0.3334261,-0.3236194499999988,9.83606995
2026-03-26 17:27:06.103,0.26477955,-0.39226599999999884,9.83606995
2026-03-26 17:27:06.337,0.26477955,-0.39226599999999884,9.83606995
2026-03-26 17:27:06.602,0.3138128,-0.3628460499999988,9.81645665
2026-03-26 17:27:06.836,0.3138128,-0.3628460499999988,9.81645665
2026-03-26 17:27:07.102,0.30400615,-0.3628460499999988,9.8262633
2026-03-26 17:27:07.337,0.30400615,-0.3628460499999988,9.8262633
2026-03-26 17:27:07.609,0.2941995,-0.35303939999999884,9.8262633
2026-03-26 17:27:07.836,0.2941995,-0.35303939999999884,9.8262633
2026-03-26 17:27:08.103,0.2941995,-0.35303939999999884,9.8262633
2026-03-26 17:27:08.337,0.2941995,-0.35303939999999884,9.8262633
2026-03-26 17:27:08.604,0.2941995,-0.35303939999999884,9.8262633
2026-03-26 17:27:08.836,0.2941995,-0.35303939999999884,9.8262633
2026-03-26 17:27:09.102,0.2941995,-0.35303939999999884,9.8262633
2026-03-26 17:27:09.337,0.2941995,-0.35303939999999884,9.8262633
2026-03-26 17:27:09.602,0.2941995,-0.35303939999999884,9.81645665
2026-03-26 17:27:09.838,0.2941995,-0.35303939999999884,9.81645665
2026-03-26 17:27:10.101,0.2941995,-0.35303939999999884,9.8262633
2026-03-26 17:27:10.337,0.2941995,-0.35303939999999884,9.8262633
2026-03-26 17:27:10.607,0.2941995,-0.35303939999999884,9.8262633
2026-03-26 17:27:10.836,0.2941995,-0.35303939999999884,9.8262633
2026-03-26 17:27:11.100,0.2941995,-0.35303939999999884,9.8262633
2026-03-26 17:27:11.337,0.2941995,-0.35303939999999884,9.8262633
2026-03-26 17:27:11.602,0.2941995,-0.35303939999999884,9.8262633
2026-03-26 17:27:11.836,0.2941995,-0.35303939999999884,9.8262633
2026-03-26 17:27:12.106,0.30400615,-0.3432327499999988,9.8262633
2026-03-26 17:27:12.337,0.30400615,-0.3432327499999988,9.8262633
2026-03-26 17:27:12.604,0.30400615,-0.35303939999999884,9.81645665
2026-03-26 17:27:12.836,0.30400615,-0.35303939999999884,9.81645665
2026-03-26 17:27:13.102,0.32361945000000003,-0.3824593499999988,9.80665
2026-03-26 17:27:13.337,0.32361945000000003,-0.3824593499999988,9.80665
2026-03-26 17:27:13.604,0.392266,-0.3432327499999988,9.7674234
2026-03-26 17:27:13.836,0.392266,-0.3432327499999988,9.7674234
2026-03-26 17:27:14.102,0.28439285000000003,-0.43149259999999884,9.80665
2026-03-26 17:27:14.340,0.28439285000000003,-0.43149259999999884,9.80665
2026-03-26 17:27:14.605,0.3334261,-0.33342609999999884,9.81645665
2026-03-26 17:27:14.836,0.3334261,-0.33342609999999884,9.81645665
2026-03-26 17:27:15.101,0.2745862,-0.37265269999999884,9.83606995
2026-03-26 17:27:15.337,0.2745862,-0.37265269999999884,9.83606995
2026-03-26 17:27:15.602,0.30400615,-0.3628460499999988,9.8262633
2026-03-26 17:27:15.836,0.30400615,-0.3628460499999988,9.8262633
2026-03-26 17:27:16.102,0.2941995,-0.35303939999999884,9.8262633
2026-03-26 17:27:16.337,0.2941995,-0.35303939999999884,9.8262633
2026-03-26 17:27:16.606,0.2941995,-0.35303939999999884,9.8262633
2026-03-26 17:27:16.835,0.2941995,-0.35303939999999884,9.8262633
2026-03-26 17:27:17.101,0.2941995,-0.35303939999999884,9.8262633
2026-03-26 17:27:17.337,0.2941995,-0.35303939999999884,9.8262633
2026-03-26 17:27:17.601,0.2941995,-0.35303939999999884,9.8262633
2026-03-26 17:27:17.837,0.2941995,-0.35303939999999884,9.8262633
2026-03-26 17:27:18.101,0.2941995,-0.35303939999999884,9.8262633
2026-03-26 17:27:18.337,0.2941995,-0.35303939999999884,9.8262633
2026-03-26 17:27:18.606,0.2941995,-0.35303939999999884,9.81645665
2026-03-26 17:27:18.837,0.2941995,-0.35303939999999884,9.81645665
2026-03-26 17:27:19.100,0.2941995,-0.35303939999999884,9.81645665
2026-03-26 17:27:19.337,0.2941995,-0.35303939999999884,9.81645665
2026-03-26 17:27:19.601,0.3138128,-0.35303939999999884,9.83606995
2026-03-26 17:27:19.836,0.3138128,-0.35303939999999884,9.83606995
2026-03-26 17:27:20.102,0.32361945000000003,-0.3628460499999988,9.77723005
2026-03-26 17:27:20.337,0.32361945000000003,-0.3628460499999988,9.77723005
2026-03-26 17:27:20.601,0.2745862,-0.41187929999999884,9.8458766
2026-03-26 17:27:20.836,0.2745862,-0.41187929999999884,9.8458766
2026-03-26 17:27:21.106,0.2549729,-0.1863263499999988,9.7478101
2026-03-26 17:27:21.337,0.2549729,-0.1863263499999988,9.7478101
2026-03-26 17:27:21.602,0.30400615,-0.3432327499999988,9.83606995
2026-03-26 17:27:21.839,0.30400615,-0.3432327499999988,9.83606995
2026-03-26 17:27:22.104,0.1176798,-0.6570455499999988,9.8262633
2026-03-26 17:27:22.337,0.1176798,-0.6570455499999988,9.8262633
2026-03-26 17:27:22.601,0.12748645,-0.6766588499999987,9.87529655
2026-03-26 17:27:22.836,0.12748645,-0.6766588499999987,9.87529655
2026-03-26 17:27:23.102,0.0392266,-0.5393657499999989,9.87529655
2026-03-26 17:27:23.339,0.0392266,-0.5393657499999989,9.87529655
2026-03-26 17:27:23.600,0.1569064,-0.6668521999999988,9.80665
2026-03-26 17:27:23.836,0.1569064,-0.6668521999999988,9.80665
2026-03-26 17:27:24.101,-0.00980665,-0.7747253499999988,9.8654899
2026-03-26 17:27:24.337,-0.00980665,-0.7747253499999988,9.8654899
2026-03-26 17:27:24.603,0.14709975,-0.5982056499999988,9.81645665
2026-03-26 17:27:24.836,0.14709975,-0.5982056499999988,9.81645665
2026-03-26 17:27:25.101,0.18632635,-0.3236194499999988,9.9047165
2026-03-26 17:27:25.337,0.18632635,-0.3236194499999988,9.9047165
2026-03-26 17:27:25.608,0.12748645,-0.17651969999999878,9.8458766
2026-03-26 17:27:25.836,0.12748645,-0.17651969999999878,9.8458766
2026-03-26 17:27:26.101,0.1176798,-0.21574629999999878,9.8458766
2026-03-26 17:27:26.336,0.1176798,-0.21574629999999878,9.8458766
2026-03-26 17:27:26.601,0.1372931,-0.3236194499999988,9.79684335
2026-03-26 17:27:26.836,0.1372931,-0.3236194499999988,9.79684335
2026-03-26 17:27:27.101,-2.4516625,2.4516625000000007,4.95235825
2026-03-26 17:27:27.336,-2.4516625,2.4516625000000007,4.95235825
2026-03-26 17:27:27.606,-0.50013915,4.5012523500000015,12.73883835
2026-03-26 17:27:27.836,-0.50013915,4.5012523500000015,12.73883835
2026-03-26 17:27:28.104,0.0,5.236751100000001,8.041452999999999
2026-03-26 17:27:28.336,0.0,5.236751100000001,8.041452999999999
2026-03-26 17:27:28.609,-0.4903325,6.227222750000001,9.0025047
2026-03-26 17:27:28.836,-0.4903325,6.227222750000001,9.0025047
2026-03-26 17:27:29.103,-0.3138128,3.373487600000001,9.100571200000001
2026-03-26 17:27:29.336,-0.3138128,3.373487600000001,9.100571200000001
2026-03-26 17:27:29.603,0.4314926,0.2745862000000011,9.1594111
2026-03-26 17:27:29.836,0.4314926,0.2745862000000011,9.1594111
2026-03-26 17:27:30.111,-0.1372931,-0.5589790499999987,10.002783
2026-03-26 17:27:30.336,-0.1372931,-0.5589790499999987,10.002783
2026-03-26 17:27:30.604,0.06864655,0.019613300000001107,9.022118
2026-03-26 17:27:30.835,0.06864655,0.019613300000001107,9.022118
2026-03-26 17:27:31.103,-0.61781895,-0.4020726499999988,9.8851032
2026-03-26 17:27:31.336,-0.61781895,-0.4020726499999988,9.8851032
2026-03-26 17:27:31.603,-0.34323275,-0.35303939999999884,9.83606995
2026-03-26 17:27:31.835,-0.34323275,-0.35303939999999884,9.83606995
2026-03-26 17:27:32.105,-0.34323275,-0.4609125499999988,9.7674234
2026-03-26 17:27:32.339,-0.34323275,-0.4609125499999988,9.7674234
2026-03-26 17:27:32.603,-0.34323275,-0.5785923499999989,9.79684335
2026-03-26 17:27:32.835,-0.34323275,-0.5785923499999989,9.79684335
2026-03-26 17:27:33.104,-0.50013915,-0.43149259999999884,9.7281968
2026-03-26 17:27:33.337,-0.50013915,-0.43149259999999884,9.7281968
2026-03-26 17:27:33.602,-0.34323275,-0.5295590999999988,9.83606995
2026-03-26 17:27:33.835,-0.34323275,-0.5295590999999988,9.83606995
2026-03-26 17:27:34.104,-0.4118793,-0.7943386499999987,9.8262633
2026-03-26 17:27:34.337,-0.4118793,-0.7943386499999987,9.8262633
2026-03-26 17:27:34.614,-0.6472389000000001,-0.5001391499999989,9.8654899
2026-03-26 17:27:34.835,-0.6472389000000001,-0.5001391499999989,9.8654899
2026-03-26 17:27:35.104,-0.38245935,-0.5295590999999988,9.8262633
2026-03-26 17:27:35.336,-0.38245935,-0.5295590999999988,9.8262633
2026-03-26 17:27:35.602,-0.24516625,-0.4609125499999988,9.79684335
2026-03-26 17:27:35.835,-0.24516625,-0.4609125499999988,9.79684335
2026-03-26 17:27:36.102,-0.30400615,-0.6962721499999988,9.7870367
2026-03-26 17:27:36.336,-0.30400615,-0.6962721499999988,9.7870367
2026-03-26 17:27:36.606,-0.34323275,-0.6962721499999988,9.8262633
2026-03-26 17:27:36.838,-0.34323275,-0.6962721499999988,9.8262633
2026-03-26 17:27:37.103,-0.36284605000000003,-0.6080122999999988,9.81645665
2026-03-26 17:27:37.337,-0.36284605000000003,-0.6080122999999988,9.81645665
2026-03-26 17:27:37.607,-0.36284605000000003,-0.17651969999999878,9.8262633
2026-03-26 17:27:37.835,-0.36284605000000003,-0.17651969999999878,9.8262633
2026-03-26 17:27:38.104,-0.3138128,-0.5785923499999989,9.80665
2026-03-26 17:27:38.337,-0.3138128,-0.5785923499999989,9.80665
2026-03-26 17:27:38.603,-0.3334261,-0.5295590999999988,9.81645665
2026-03-26 17:27:38.837,-0.3334261,-0.5295590999999988,9.81645665
2026-03-26 17:27:39.110,-0.3334261,-0.5982056499999988,9.81645665
2026-03-26 17:27:39.336,-0.3334261,-0.5982056499999988,9.81645665
2026-03-26 17:27:39.604,-0.3138128,-0.5001391499999989,9.80665
2026-03-26 17:27:39.836,-0.3138128,-0.5001391499999989,9.80665
2026-03-26 17:27:40.105,-0.1372931,-0.8924051499999988,9.7478101
2026-03-26 17:27:40.336,-0.1372931,-0.8924051499999988,9.7478101
2026-03-26 17:27:40.603,-0.36284605000000003,-0.41187929999999884,9.77723005
2026-03-26 17:27:40.835,-0.36284605000000003,-0.41187929999999884,9.77723005
2026-03-26 17:27:41.103,-0.3138128,-0.5197524499999988,9.80665
2026-03-26 17:27:41.339,-0.3138128,-0.5197524499999988,9.80665
2026-03-26 17:27:41.605,-0.3726527,-0.5099457999999988,9.81645665
2026-03-26 17:27:41.836,-0.3726527,-0.5099457999999988,9.81645665
2026-03-26 17:27:42.102,-0.36284605000000003,-0.5197524499999988,9.81645665
2026-03-26 17:27:42.337,-0.36284605000000003,-0.5197524499999988,9.81645665
2026-03-26 17:27:42.607,-0.32361945000000003,-0.5589790499999988,9.79684335
2026-03-26 17:27:42.835,-0.32361945000000003,-0.5589790499999988,9.79684335
2026-03-26 17:27:43.112,-0.26477955,-0.47071919999999884,9.79684335
2026-03-26 17:27:43.337,-0.26477955,-0.47071919999999884,9.79684335
2026-03-26 17:27:43.612,-0.38245935,-0.6080122999999988,9.83606995
2026-03-26 17:27:43.835,-0.38245935,-0.6080122999999988,9.83606995
2026-03-26 17:27:44.104,-0.36284605000000003,-0.5491723999999988,9.80665
2026-03-26 17:27:44.337,-0.36284605000000003,-0.5491723999999988,9.80665
2026-03-26 17:27:44.605,-0.392266,-0.5589790499999988,9.81645665
2026-03-26 17:27:44.835,-0.392266,-0.5589790499999988,9.81645665
2026-03-26 17:27:45.103,-0.3334261,-0.5491723999999988,9.80665
2026-03-26 17:27:45.336,-0.3334261,-0.5491723999999988,9.80665
2026-03-26 17:27:45.604,-0.392266,-0.5197524499999988,9.83606995
2026-03-26 17:27:45.838,-0.392266,-0.5197524499999988,9.83606995
2026-03-26 17:27:46.101,-0.36284605000000003,-0.5393657499999989,9.81645665
2026-03-26 17:27:46.336,-0.36284605000000003,-0.5393657499999989,9.81645665
2026-03-26 17:27:46.602,-0.30400615,-0.5491723999999988,9.79684335
2026-03-26 17:27:46.835,-0.30400615,-0.5491723999999988,9.79684335
2026-03-26 17:27:47.103,-0.3530394,-0.5099457999999988,9.81645665
2026-03-26 17:27:47.336,-0.3530394,-0.5099457999999988,9.81645665
2026-03-26 17:27:47.602,-0.3530394,-0.5197524499999988,9.81645665
2026-03-26 17:27:47.835,-0.3530394,-0.5197524499999988,9.81645665
2026-03-26 17:27:48.111,-0.4707192,-0.5785923499999989,9.8262633
2026-03-26 17:27:48.336,-0.4707192,-0.5785923499999989,9.8262633
2026-03-26 17:27:48.604,-0.6080123,-0.5393657499999988,10.13026945
2026-03-26 17:27:48.838,-0.6080123,-0.5393657499999988,10.13026945
2026-03-26 17:27:49.106,-0.20593965,-0.13729309999999878,9.99297635
2026-03-26 17:27:49.337,-0.20593965,-0.13729309999999878,9.99297635
2026-03-26 17:27:49.602,0.9414384,0.4805258500000012,9.7674234
2026-03-26 17:27:49.835,0.9414384,0.4805258500000012,9.7674234
2026-03-26 17:27:50.105,1.8632635,-0.637432249999999,8.46313895
2026-03-26 17:27:50.338,1.8632635,-0.637432249999999,8.46313895
2026-03-26 17:27:50.605,1.14737805,-0.10787314999999899,8.2571993
2026-03-26 17:27:50.836,1.14737805,-0.10787314999999899,8.2571993
2026-03-26 17:27:51.104,-1.0983448,-0.5491723999999987,10.7677017
2026-03-26 17:27:51.336,-1.0983448,-0.5491723999999987,10.7677017
2026-03-26 17:27:51.607,-1.85345685,-0.45110589999999884,9.6301303
2026-03-26 17:27:51.836,-1.85345685,-0.45110589999999884,9.6301303
2026-03-26 17:27:52.103,-2.8243152,-0.39226599999999884,9.4928372
2026-03-26 17:27:52.336,-2.8243152,-0.39226599999999884,9.4928372
2026-03-26 17:27:52.607,-2.71644205,-0.14709974999999884,9.463417250000001
2026-03-26 17:27:52.835,-2.71644205,-0.14709974999999884,9.463417250000001
2026-03-26 17:27:53.108,-2.69682875,-0.16671304999999886,9.463417250000001
2026-03-26 17:27:53.337,-2.69682875,-0.16671304999999886,9.463417250000001
2026-03-26 17:27:53.606,-2.7262487,-0.14709974999999886,9.4536106
2026-03-26 17:27:53.836,-2.7262487,-0.14709974999999886,9.4536106
2026-03-26 17:27:54.104,-2.71644205,-0.16671304999999886,9.4536106
2026-03-26 17:27:54.336,-2.71644205,-0.16671304999999886,9.4536106
2026-03-26 17:27:54.605,-2.71644205,-0.15690639999999886,9.4536106
2026-03-26 17:27:54.837,-2.71644205,-0.15690639999999886,9.4536106
2026-03-26 17:27:55.100,-2.71644205,-0.15690639999999886,9.4536106
2026-03-26 17:27:55.335,-2.71644205,-0.15690639999999886,9.4536106
2026-03-26 17:27:55.609,-2.71644205,-0.15690639999999886,9.4536106
2026-03-26 17:27:55.834,-2.71644205,-0.15690639999999886,9.4536106
2026-03-26 17:27:56.103,-2.71644205,-0.17651969999999886,9.4536106
2026-03-26 17:27:56.335,-2.71644205,-0.17651969999999886,9.4536106
2026-03-26 17:27:56.602,-2.71644205,-0.16671304999999886,9.4536106
2026-03-26 17:27:56.834,-2.71644205,-0.16671304999999886,9.4536106
2026-03-26 17:27:57.110,-2.71644205,-0.15690639999999886,9.4536106
2026-03-26 17:27:57.335,-2.71644205,-0.15690639999999886,9.4536106
2026-03-26 17:27:57.603,-2.7262487,-0.15690639999999886,9.4536106
2026-03-26 17:27:57.834,-2.7262487,-0.15690639999999886,9.4536106
2026-03-26 17:27:58.109,-2.71644205,-0.16671304999999886,9.4536106
2026-03-26 17:27:58.336,-2.71644205,-0.16671304999999886,9.4536106
2026-03-26 17:27:58.604,-2.71644205,-0.15690639999999886,9.4536106
2026-03-26 17:27:58.834,-2.71644205,-0.15690639999999886,9.4536106
2026-03-26 17:27:59.103,-2.71644205,-0.15690639999999886,9.4536106
2026-03-26 17:27:59.338,-2.71644205,-0.15690639999999886,9.4536106
2026-03-26 17:27:59.601,-2.71644205,-0.15690639999999886,9.4536106
2026-03-26 17:27:59.834,-2.71644205,-0.15690639999999886,9.4536106
2026-03-26 17:28:00.103,-2.71644205,-0.15690639999999886,9.4536106
2026-03-26 17:28:00.337,-2.71644205,-0.15690639999999886,9.4536106
2026-03-26 17:28:00.601,-2.71644205,-0.15690639999999886,9.4536106
2026-03-26 17:28:00.834,-2.71644205,-0.15690639999999886,9.4536106
2026-03-26 17:28:01.105,-2.71644205,-0.15690639999999886,9.4536106
2026-03-26 17:28:01.336,-2.71644205,-0.15690639999999886,9.4536106
2026-03-26 17:28:01.609,-2.71644205,-0.15690639999999886,9.4536106
2026-03-26 17:28:01.835,-2.71644205,-0.15690639999999886,9.4536106
2026-03-26 17:28:02.112,-2.71644205,-0.16671304999999886,9.4536106
2026-03-26 17:28:02.336,-2.71644205,-0.16671304999999886,9.4536106
2026-03-26 17:28:02.601,-2.71644205,-0.16671304999999886,9.4536106
2026-03-26 17:28:02.834,-2.71644205,-0.16671304999999886,9.4536106
2026-03-26 17:28:03.102,-2.7066354,-0.15690639999999886,9.4536106
2026-03-26 17:28:03.336,-2.7066354,-0.15690639999999886,9.4536106
2026-03-26 17:28:03.603,-2.71644205,-0.16671304999999886,9.4536106
2026-03-26 17:28:03.837,-2.71644205,-0.16671304999999886,9.4536106
2026-03-26 17:28:04.101,-2.71644205,-0.15690639999999886,9.4536106
2026-03-26 17:28:04.336,-2.71644205,-0.15690639999999886,9.4536106
2026-03-26 17:28:04.608,-2.71644205,-0.15690639999999884,9.463417250000001
2026-03-26 17:28:04.834,-2.71644205,-0.15690639999999884,9.463417250000001
2026-03-26 17:28:05.101,-2.71644205,-0.16671304999999886,9.4536106
2026-03-26 17:28:05.335,-2.71644205,-0.16671304999999886,9.4536106
2026-03-26 17:28:05.601,-2.71644205,-0.15690639999999886,9.4536106
2026-03-26 17:28:05.835,-2.71644205,-0.15690639999999886,9.4536106
2026-03-26 17:28:06.111,-2.71644205,-0.16671304999999886,9.4536106
2026-03-26 17:28:06.335,-2.71644205,-0.16671304999999886,9.4536106
2026-03-26 17:28:06.604,-2.71644205,-0.16671304999999886,9.4536106
2026-03-26 17:28:06.834,-2.71644205,-0.16671304999999886,9.4536106
2026-03-26 17:28:07.101,-2.71644205,-0.16671304999999886,9.4536106
2026-03-26 17:28:07.335,-2.71644205,-0.16671304999999886,9.4536106
2026-03-26 17:28:07.602,-2.71644205,-0.15690639999999886,9.4536106
2026-03-26 17:28:07.835,-2.71644205,-0.15690639999999886,9.4536106
2026-03-26 17:28:08.103,-2.71644205,-0.15690639999999886,9.4536106
2026-03-26 17:28:08.338,-2.71644205,-0.15690639999999886,9.4536106
2026-03-26 17:28:08.602,-2.71644205,-0.16671304999999886,9.4536106
2026-03-26 17:28:08.835,-2.71644205,-0.16671304999999886,9.4536106
2026-03-26 17:28:09.103,-2.73605535,-0.18632634999999886,9.4536106
2026-03-26 17:28:09.336,-2.73605535,-0.18632634999999886,9.4536106
2026-03-26 17:28:09.585,-2.7262487,-0.18632634999999886,9.463417250000001
2026-03-26 17:28:09.834,-2.7262487,-0.18632634999999886,9.463417250000001
2026-03-26 17:28:10.104,-2.7066354,-0.15690639999999886,9.4536106
2026-03-26 17:28:10.336,-2.7066354,-0.15690639999999886,9.4536106
2026-03-26 17:28:10.609,-2.77528195,-0.17651969999999886,9.4536106
2026-03-26 17:28:10.834,-2.77528195,-0.17651969999999886,9.4536106
2026-03-26 17:28:11.104,-2.6870221,-0.23535959999999886,9.4536106
2026-03-26 17:28:11.339,-2.6870221,-0.23535959999999886,9.4536106
2026-03-26 17:28:11.603,-2.71644205,-0.14709974999999886,9.4536106
2026-03-26 17:28:11.834,-2.71644205,-0.14709974999999886,9.4536106
2026-03-26 17:28:12.101,-2.7262487,-0.16671304999999886,9.4536106
2026-03-26 17:28:12.336,-2.7262487,-0.16671304999999886,9.4536106
2026-03-26 17:28:12.602,-2.71644205,-0.11767979999999885,9.4536106
2026-03-26 17:28:12.836,-2.71644205,-0.11767979999999885,9.4536106
2026-03-26 17:28:13.101,-2.7066354,-0.26477954999999886,9.44380395
2026-03-26 17:28:13.336,-2.7066354,-0.26477954999999886,9.44380395
2026-03-26 17:28:13.605,-2.71644205,-0.11767979999999885,9.4536106
2026-03-26 17:28:13.835,-2.71644205,-0.11767979999999885,9.4536106
2026-03-26 17:28:14.102,-2.7066354,-0.13729309999999886,9.4536106
2026-03-26 17:28:14.335,-2.7066354,-0.13729309999999886,9.4536106
2026-03-26 17:28:14.603,-2.71644205,-0.16671304999999886,9.4536106
2026-03-26 17:28:14.835,-2.71644205,-0.16671304999999886,9.4536106
2026-03-26 17:28:15.108,-2.71644205,-0.20593964999999886,9.4536106
2026-03-26 17:28:15.336,-2.71644205,-0.20593964999999886,9.4536106
2026-03-26 17:28:15.602,-2.71644205,-0.16671304999999886,9.4536106
2026-03-26 17:28:15.835,-2.71644205,-0.16671304999999886,9.4536106
2026-03-26 17:28:16.105,-2.71644205,-0.15690639999999886,9.4536106
2026-03-26 17:28:16.335,-2.71644205,-0.15690639999999886,9.4536106
2026-03-26 17:28:16.602,-2.71644205,-0.15690639999999886,9.4536106
2026-03-26 17:28:16.835,-2.71644205,-0.15690639999999886,9.4536106
2026-03-26 17:28:17.116,-2.71644205,-0.16671304999999886,9.4536106
2026-03-26 17:28:17.337,-2.71644205,-0.16671304999999886,9.4536106
2026-03-26 17:28:17.602,-2.71644205,-0.16671304999999886,9.4536106
2026-03-26 17:28:17.835,-2.71644205,-0.16671304999999886,9.4536106
2026-03-26 17:28:18.104,-2.7066354,-0.16671304999999886,9.4536106
2026-03-26 17:28:18.335,-2.7066354,-0.16671304999999886,9.4536106
2026-03-26 17:28:18.601,-2.7262487,-0.15690639999999886,9.4536106
2026-03-26 17:28:18.834,-2.7262487,-0.15690639999999886,9.4536106
2026-03-26 17:28:19.100,-2.71644205,-0.16671304999999886,9.4536106
2026-03-26 17:28:19.335,-2.71644205,-0.16671304999999886,9.4536106
2026-03-26 17:28:19.605,-2.71644205,-0.15690639999999886,9.4536106
2026-03-26 17:28:19.833,-2.71644205,-0.15690639999999886,9.4536106
2026-03-26 17:28:20.104,-2.71644205,-0.15690639999999886,9.4536106
2026-03-26 17:28:20.335,-2.71644205,-0.15690639999999886,9.4536106
2026-03-26 17:28:20.604,-2.7066354,-0.15690639999999886,9.4536106
2026-03-26 17:28:20.835,-2.7066354,-0.15690639999999886,9.4536106
2026-03-26 17:28:21.102,-2.71644205,-0.16671304999999886,9.463417250000001
2026-03-26 17:28:21.335,-2.71644205,-0.16671304999999886,9.463417250000001
2026-03-26 17:28:21.604,-2.71644205,-0.15690639999999886,9.4536106
2026-03-26 17:28:21.836,-2.71644205,-0.15690639999999886,9.4536106
2026-03-26 17:28:22.101,-2.71644205,-0.16671304999999886,9.463417250000001
2026-03-26 17:28:22.334,-2.71644205,-0.16671304999999886,9.463417250000001
2026-03-26 17:28:22.601,-2.71644205,-0.16671304999999886,9.4536106
2026-03-26 17:28:22.834,-2.71644205,-0.16671304999999886,9.4536106
2026-03-26 17:28:23.103,-2.71644205,-0.16671304999999886,9.4536106
2026-03-26 17:28:23.336,-2.71644205,-0.16671304999999886,9.4536106
2026-03-26 17:28:23.604,-2.71644205,-0.15690639999999886,9.4536106
2026-03-26 17:28:23.834,-2.71644205,-0.15690639999999886,9.4536106
2026-03-26 17:28:24.110,-2.71644205,-0.15690639999999886,9.4536106
2026-03-26 17:28:24.334,-2.71644205,-0.15690639999999886,9.4536106
2026-03-26 17:28:24.604,-2.71644205,-0.15690639999999886,9.4536106
2026-03-26 17:28:24.834,-2.71644205,-0.15690639999999886,9.4536106
2026-03-26 17:28:25.107,-2.71644205,-0.15690639999999886,9.4536106
2026-03-26 17:28:25.334,-2.71644205,-0.15690639999999886,9.4536106
2026-03-26 17:28:25.601,-2.71644205,-0.15690639999999884,9.463417250000001
2026-03-26 17:28:25.834,-2.71644205,-0.15690639999999884,9.463417250000001
2026-03-26 17:28:26.102,-2.71644205,-0.15690639999999886,9.4536106
2026-03-26 17:28:26.337,-2.71644205,-0.15690639999999886,9.4536106
2026-03-26 17:28:26.600,-2.71644205,-0.16671304999999886,9.44380395
2026-03-26 17:28:26.834,-2.71644205,-0.16671304999999886,9.44380395
2026-03-26 17:28:27.101,-2.71644205,-0.15690639999999886,9.4536106
2026-03-26 17:28:27.335,-2.71644205,-0.15690639999999886,9.4536106
2026-03-26 17:28:27.601,-2.71644205,-0.15690639999999886,9.4536106
2026-03-26 17:28:27.834,-2.71644205,-0.15690639999999886,9.4536106
2026-03-26 17:28:28.101,-2.71644205,-0.17651969999999886,9.4536106
2026-03-26 17:28:28.335,-2.71644205,-0.17651969999999886,9.4536106
2026-03-26 17:28:28.613,-2.71644205,-0.16671304999999886,9.4536106
2026-03-26 17:28:28.833,-2.71644205,-0.16671304999999886,9.4536106
2026-03-26 17:28:29.100,-2.71644205,-0.16671304999999886,9.4536106
2026-03-26 17:28:29.335,-2.71644205,-0.16671304999999886,9.4536106
2026-03-26 17:28:29.603,-2.71644205,-0.16671304999999886,9.4536106
2026-03-26 17:28:29.834,-2.71644205,-0.16671304999999886,9.4536106
2026-03-26 17:28:30.104,-2.71644205,-0.16671304999999886,9.4536106
2026-03-26 17:28:30.335,-2.71644205,-0.16671304999999886,9.4536106
2026-03-26 17:28:30.603,-2.71644205,-0.16671304999999886,9.4536106
2026-03-26 17:28:30.836,-2.71644205,-0.16671304999999886,9.4536106
2026-03-26 17:28:31.100,-2.71644205,-0.16671304999999886,9.4536106
2026-03-26 17:28:31.335,-2.71644205,-0.16671304999999886,9.4536106
2026-03-26 17:28:31.604,-2.71644205,-0.16671304999999886,9.4536106
2026-03-26 17:28:31.834,-2.71644205,-0.16671304999999886,9.4536106
2026-03-26 17:28:32.117,-2.71644205,-0.16671304999999886,9.4536106
2026-03-26 17:28:32.335,-2.71644205,-0.16671304999999886,9.4536106
2026-03-26 17:28:32.601,-2.71644205,-0.16671304999999886,9.4536106
2026-03-26 17:28:32.834,-2.71644205,-0.16671304999999886,9.4536106
2026-03-26 17:28:33.108,-2.71644205,-0.16671304999999886,9.4536106
2026-03-26 17:28:33.336,-2.71644205,-0.16671304999999886,9.4536106
2026-03-26 17:28:33.602,-2.71644205,-0.15690639999999886,9.4536106
2026-03-26 17:28:33.834,-2.71644205,-0.15690639999999886,9.4536106
2026-03-26 17:28:34.105,-2.71644205,-0.15690639999999884,9.463417250000001
2026-03-26 17:28:34.335,-2.71644205,-0.15690639999999884,9.463417250000001
2026-03-26 17:28:34.603,-2.7066354,-0.16671304999999886,9.4536106
2026-03-26 17:28:34.834,-2.7066354,-0.16671304999999886,9.4536106
2026-03-26 17:28:35.103,-2.7262487,-0.16671304999999886,9.4536106
2026-03-26 17:28:35.338,-2.7262487,-0.16671304999999886,9.4536106
2026-03-26 17:28:35.603,-2.7066354,-0.15690639999999884,9.463417250000001
2026-03-26 17:28:35.834,-2.7066354,-0.15690639999999884,9.463417250000001
2026-03-26 17:28:36.104,-2.7262487,-0.15690639999999884,9.463417250000001
2026-03-26 17:28:36.335,-2.7262487,-0.15690639999999884,9.463417250000001
2026-03-26 17:28:36.601,-2.71644205,-0.16671304999999886,9.4536106
2026-03-26 17:28:36.834,-2.71644205,-0.16671304999999886,9.4536106
2026-03-26 17:28:37.121,-2.71644205,-0.16671304999999886,9.4536106
2026-03-26 17:28:37.335,-2.71644205,-0.16671304999999886,9.4536106
2026-03-26 17:28:37.612,-2.71644205,-0.16671304999999886,9.4536106
2026-03-26 17:28:37.834,-2.71644205,-0.16671304999999886,9.4536106
2026-03-26 17:28:38.104,-2.71644205,-0.16671304999999886,9.44380395
2026-03-26 17:28:38.335,-2.71644205,-0.16671304999999886,9.44380395
2026-03-26 17:28:38.603,-2.71644205,-0.15690639999999886,9.44380395
2026-03-26 17:28:38.834,-2.71644205,-0.15690639999999886,9.44380395
2026-03-26 17:28:39.100,-2.71644205,-0.16671304999999886,9.4536106
2026-03-26 17:28:39.334,-2.71644205,-0.16671304999999886,9.4536106
2026-03-26 17:28:39.605,-2.71644205,-0.16671304999999886,9.44380395
2026-03-26 17:28:39.837,-2.71644205,-0.16671304999999886,9.44380395
2026-03-26 17:28:40.102,-2.71644205,-0.16671304999999886,9.44380395
2026-03-26 17:28:40.335,-2.71644205,-0.16671304999999886,9.44380395
2026-03-26 17:28:40.606,-2.71644205,-0.16671304999999886,9.4536106
2026-03-26 17:28:40.834,-2.71644205,-0.16671304999999886,9.4536106
2026-03-26 17:28:41.102,-2.71644205,-0.16671304999999886,9.4536106
2026-03-26 17:28:41.334,-2.71644205,-0.16671304999999886,9.4536106
2026-03-26 17:28:41.603,-2.71644205,-0.16671304999999886,9.463417250000001
2026-03-26 17:28:41.835,-2.71644205,-0.16671304999999886,9.463417250000001
2026-03-26 17:28:42.117,-2.71644205,-0.15690639999999886,9.4536106
2026-03-26 17:28:42.334,-2.71644205,-0.15690639999999886,9.4536106
2026-03-26 17:28:42.606,-2.71644205,-0.16671304999999886,9.4536106
2026-03-26 17:28:42.833,-2.71644205,-0.16671304999999886,9.4536106
2026-03-26 17:28:43.105,-2.71644205,-0.16671304999999886,9.4536106
2026-03-26 17:28:43.334,-2.71644205,-0.16671304999999886,9.4536106
2026-03-26 17:28:43.608,-2.71644205,-0.15690639999999886,9.4536106
2026-03-26 17:28:43.834,-2.71644205,-0.15690639999999886,9.4536106
2026-03-26 17:28:44.105,-2.71644205,-0.15690639999999886,9.4536106
2026-03-26 17:28:44.337,-2.71644205,-0.15690639999999886,9.4536106
2026-03-26 17:28:44.604,-2.71644205,-0.16671304999999886,9.4536106
2026-03-26 17:28:44.834,-2.71644205,-0.16671304999999886,9.4536106
2026-03-26 17:28:45.101,-2.71644205,-0.16671304999999886,9.4536106
2026-03-26 17:28:45.334,-2.71644205,-0.16671304999999886,9.4536106
2026-03-26 17:28:45.602,-2.7066354,-0.16671304999999886,9.4536106
2026-03-26 17:28:45.833,-2.7066354,-0.16671304999999886,9.4536106
2026-03-26 17:28:46.102,-2.7066354,-0.16671304999999886,9.4536106
2026-03-26 17:28:46.334,-2.7066354,-0.16671304999999886,9.4536106
2026-03-26 17:28:46.608,-2.71644205,-0.16671304999999886,9.4536106
2026-03-26 17:28:46.833,-2.71644205,-0.16671304999999886,9.4536106
2026-03-26 17:28:47.116,-2.71644205,-0.15690639999999886,9.4536106
2026-03-26 17:28:47.339,-2.71644205,-0.15690639999999886,9.4536106
2026-03-26 17:28:47.613,-2.71644205,-0.15690639999999886,9.4536106
2026-03-26 17:28:47.833,-2.71644205,-0.15690639999999886,9.4536106
2026-03-26 17:28:49.474,-2.71644205,-0.15690639999999886,9.4536106
2026-03-26 17:28:49.733,-2.71644205,-0.15690639999999886,9.4536106
2026-03-26 17:28:50.011,-2.71644205,-0.16671304999999886,9.4536106
2026-03-26 17:28:50.234,-2.71644205,-0.16671304999999886,9.4536106
2026-03-26 17:28:50.487,-2.71644205,-0.16671304999999886,9.4536106
2026-03-26 17:28:50.734,-2.71644205,-0.16671304999999886,9.4536106
2026-03-26 17:28:51.011,-2.71644205,-0.16671304999999886,9.4536106
2026-03-26 17:28:51.233,-2.71644205,-0.16671304999999886,9.4536106
2026-03-26 17:28:51.483,-2.71644205,-0.16671304999999886,9.4536106
2026-03-26 17:28:51.733,-2.71644205,-0.16671304999999886,9.4536106
2026-03-26 17:28:52.002,-2.71644205,-0.16671304999999886,9.44380395
2026-03-26 17:28:52.236,-2.71644205,-0.16671304999999886,9.44380395
2026-03-26 17:28:52.500,-2.71644205,-0.16671304999999886,9.44380395
2026-03-26 17:28:52.733,-2.71644205,-0.16671304999999886,9.44380395
2026-03-26 17:28:53.004,-2.71644205,-0.16671304999999886,9.4536106
2026-03-26 17:28:53.236,-2.71644205,-0.16671304999999886,9.4536106
2026-03-26 17:28:53.483,-2.71644205,-0.16671304999999886,9.4536106
2026-03-26 17:28:53.734,-2.71644205,-0.16671304999999886,9.4536106
2026-03-26 17:28:54.001,-2.71644205,-0.16671304999999886,9.463417250000001
2026-03-26 17:28:54.233,-2.71644205,-0.16671304999999886,9.463417250000001
2026-03-26 17:28:54.498,-2.7262487,-0.16671304999999886,9.4536106
2026-03-26 17:28:54.734,-2.7262487,-0.16671304999999886,9.4536106
2026-03-26 17:28:54.999,-2.71644205,-0.15690639999999886,9.4536106
2026-03-26 17:28:55.233,-2.71644205,-0.15690639999999886,9.4536106
2026-03-26 17:28:55.492,-2.71644205,-0.16671304999999886,9.4536106
2026-03-26 17:28:55.734,-2.71644205,-0.16671304999999886,9.4536106
2026-03-26 17:28:55.999,-2.71644205,-0.15690639999999886,9.4536106
2026-03-26 17:28:56.233,-2.71644205,-0.15690639999999886,9.4536106
2026-03-26 17:28:56.485,-2.71644205,-0.15690639999999886,9.4536106
2026-03-26 17:28:56.748,-2.71644205,-0.15690639999999886,9.4536106
2026-03-26 17:28:57.001,-2.71644205,-0.16671304999999886,9.4536106
2026-03-26 17:28:57.233,-2.71644205,-0.16671304999999886,9.4536106
2026-03-26 17:28:57.501,-2.71644205,-0.17651969999999886,9.44380395
2026-03-26 17:28:57.736,-2.71644205,-0.17651969999999886,9.44380395
2026-03-26 17:28:58.000,-2.71644205,-0.16671304999999886,9.44380395
2026-03-26 17:28:58.233,-2.71644205,-0.16671304999999886,9.44380395
2026-03-26 17:28:58.492,-2.71644205,-0.16671304999999886,9.4536106
2026-03-26 17:28:58.734,-2.71644205,-0.16671304999999886,9.4536106
2026-03-26 17:28:59.013,-2.71644205,-0.15690639999999886,9.4536106
2026-03-26 17:28:59.233,-2.71644205,-0.15690639999999886,9.4536106
2026-03-26 17:28:59.501,-2.71644205,-0.16671304999999886,9.4536106
2026-03-26 17:28:59.733,-2.71644205,-0.16671304999999886,9.4536106
2026-03-26 17:29:00.006,-2.71644205,-0.16671304999999886,9.4536106
2026-03-26 17:29:00.233,-2.71644205,-0.16671304999999886,9.4536106
2026-03-26 17:29:00.502,-2.71644205,-0.16671304999999886,9.4536106
2026-03-26 17:29:00.739,-2.71644205,-0.16671304999999886,9.4536106
2026-03-26 17:29:01.002,-2.71644205,-0.16671304999999886,9.4536106
2026-03-26 17:29:01.234,-2.71644205,-0.16671304999999886,9.4536106
2026-03-26 17:29:01.485,-2.71644205,-0.16671304999999886,9.4536106
2026-03-26 17:29:01.733,-2.71644205,-0.16671304999999886,9.4536106
2026-03-26 17:29:01.999,-2.71644205,-0.16671304999999886,9.4536106
2026-03-26 17:29:02.237,-2.71644205,-0.16671304999999886,9.4536106
2026-03-26 17:29:02.499,-2.71644205,-0.15690639999999886,9.4536106
2026-03-26 17:29:02.734,-2.71644205,-0.15690639999999886,9.4536106
2026-03-26 17:29:03.002,-2.71644205,-0.15690639999999886,9.4536106
2026-03-26 17:29:03.234,-2.71644205,-0.15690639999999886,9.4536106
2026-03-26 17:29:03.483,-2.71644205,-0.16671304999999886,9.4536106
2026-03-26 17:29:03.733,-2.71644205,-0.16671304999999886,9.4536106
2026-03-26 17:29:03.983,-2.71644205,-0.16671304999999886,9.4536106
2026-03-26 17:29:04.233,-2.71644205,-0.16671304999999886,9.4536106
2026-03-26 17:29:04.497,-2.71644205,-0.14709974999999884,9.463417250000001
2026-03-26 17:29:04.733,-2.71644205,-0.14709974999999884,9.463417250000001
2026-03-26 17:29:04.980,-2.7066354,-0.16671304999999886,9.4536106
2026-03-26 17:29:05.233,-2.7066354,-0.16671304999999886,9.4536106
2026-03-26 17:29:05.484,-2.7262487,-0.15690639999999886,9.4536106
2026-03-26 17:29:05.734,-2.7262487,-0.15690639999999886,9.4536106
2026-03-26 17:29:05.982,-2.71644205,-0.16671304999999886,9.44380395
2026-03-26 17:29:06.234,-2.71644205,-0.16671304999999886,9.44380395
2026-03-26 17:29:06.487,-2.71644205,-0.15690639999999886,9.44380395
2026-03-26 17:29:06.736,-2.71644205,-0.15690639999999886,9.44380395
2026-03-26 17:29:06.982,-2.71644205,-0.16671304999999886,9.44380395
2026-03-26 17:29:07.234,-2.71644205,-0.16671304999999886,9.44380395
2026-03-26 17:29:07.483,-2.71644205,-0.15690639999999886,9.4536106
2026-03-26 17:29:07.733,-2.71644205,-0.15690639999999886,9.4536106
2026-03-26 17:29:07.992,-2.71644205,-0.16671304999999886,9.463417250000001
2026-03-26 17:29:08.234,-2.71644205,-0.16671304999999886,9.463417250000001
2026-03-26 17:29:08.487,-2.71644205,-0.16671304999999886,9.463417250000001
2026-03-26 17:29:08.734,-2.71644205,-0.16671304999999886,9.463417250000001
2026-03-26 17:29:08.989,-2.71644205,-0.16671304999999886,9.463417250000001
2026-03-26 17:29:09.236,-2.71644205,-0.16671304999999886,9.463417250000001
2026-03-26 17:29:09.485,-2.71644205,-0.16671304999999886,9.4536106
2026-03-26 17:29:09.734,-2.71644205,-0.16671304999999886,9.4536106
2026-03-26 17:29:09.981,-2.71644205,-0.15690639999999886,9.4536106
2026-03-26 17:29:10.233,-2.71644205,-0.15690639999999886,9.4536106
2026-03-26 17:29:10.486,-2.71644205,-0.15690639999999884,9.463417250000001
2026-03-26 17:29:10.733,-2.71644205,-0.15690639999999884,9.463417250000001
2026-03-26 17:29:10.981,-2.71644205,-0.16671304999999886,9.4536106
2026-03-26 17:29:11.237,-2.71644205,-0.16671304999999886,9.4536106
2026-03-26 17:29:11.485,-2.7066354,-0.16671304999999886,9.4536106
2026-03-26 17:29:11.733,-2.7066354,-0.16671304999999886,9.4536106
2026-03-26 17:29:11.980,-2.71644205,-0.15690639999999886,9.4536106
2026-03-26 17:29:12.234,-2.71644205,-0.15690639999999886,9.4536106
2026-03-26 17:29:12.486,-2.71644205,-0.16671304999999886,9.4536106
2026-03-26 17:29:12.733,-2.71644205,-0.16671304999999886,9.4536106
2026-03-26 17:29:12.981,-2.71644205,-0.16671304999999886,9.44380395
