timestamp,depth,temp,cond,salinity,density,soundvel
2026-04-18 20:15:05.499,2.685,28.104,4.214,32.47,1020.569,1534.966
2026-04-18 20:15:06.499,2.818,28.096,4.219,32.467,1020.6,1535.016
2026-04-18 20:15:07.498,3.005,28.089,4.218,32.467,1020.607,1534.879
2026-04-18 20:15:08.499,3.068,28.099,4.223,32.481,1020.603,1535.048
2026-04-18 20:15:09.499,3.214,28.089,4.224,32.479,1020.607,1535.044
2026-04-18 20:15:10.499,3.286,28.062,4.219,32.472,1020.617,1534.938
2026-04-18 20:15:11.499,3.353,28.041,4.226,32.461,1020.652,1534.824
2026-04-18 20:15:12.499,3.365,28.057,4.216,32.472,1020.628,1534.953
2026-04-18 20:15:13.498,3.397,28.082,4.217,32.482,1020.633,1534.988
2026-04-18 20:15:14.499,3.392,28.07,4.233,32.465,1020.597,1535.027
2026-04-18 20:15:15.499,3.388,28.094,4.227,32.462,1020.595,1535.117
2026-04-18 20:15:16.498,3.399,28.123,4.236,32.471,1020.619,1535.204
2026-04-18 20:15:17.499,3.389,28.104,4.227,32.477,1020.608,1534.988
2026-04-18 20:15:18.499,3.354,28.136,4.235,32.467,1020.64,1535.146
2026-04-18 20:15:19.499,3.286,28.156,4.24,32.437,1020.592,1535.177
2026-04-18 20:15:20.499,3.258,28.119,4.231,32.429,1020.61,1535.002
2026-04-18 20:15:21.498,3.237,28.147,4.241,32.442,1020.575,1535.218
2026-04-18 20:15:22.499,3.224,28.16,4.238,32.439,1020.589,1535.14
2026-04-18 20:15:23.499,3.162,28.203,4.236,32.435,1020.551,1535.319
2026-04-18 20:15:24.498,3.154,28.186,4.245,32.413,1020.531,1535.255
2026-04-18 20:15:25.498,3.13,28.186,4.25,32.407,1020.551,1535.248
2026-04-18 20:15:26.500,3.093,28.211,4.255,32.39,1020.497,1535.266
2026-04-18 20:15:27.499,3.093,28.188,4.237,32.383,1020.525,1535.103
2026-04-18 20:15:28.499,3.089,28.215,4.244,32.364,1020.521,1535.243
2026-04-18 20:15:29.499,3.085,28.245,4.257,32.369,1020.484,1535.218
2026-04-18 20:15:30.498,3.028,28.245,4.259,32.359,1020.459,1535.243
2026-04-18 20:15:31.499,3.047,28.259,4.245,32.36,1020.468,1535.224
2026-04-18 20:15:32.499,2.973,28.234,4.249,32.325,1020.482,1535.082
2026-04-18 20:15:33.498,2.963,28.239,4.252,32.338,1020.457,1535.194
2026-04-18 20:15:34.498,2.896,28.3,4.252,32.313,1020.42,1535.41
2026-04-18 20:15:35.499,2.858,28.305,4.24,32.328,1020.452,1535.29
2026-04-18 20:15:36.498,2.745,28.292,4.247,32.303,1020.42,1535.258
2026-04-18 20:15:37.498,2.68,28.317,4.246,32.29,1020.376,1535.395
2026-04-18 20:15:38.499,2.595,28.334,4.251,32.262,1020.397,1535.304
2026-04-18 20:15:39.498,2.433,28.333,4.246,32.26,1020.341,1535.372
2026-04-18 20:15:40.499,2.298,28.415,4.257,32.265,1020.311,1535.579
2026-04-18 20:15:41.497,2.141,28.436,4.244,32.247,1020.296,1535.471
2026-04-18 20:15:42.498,1.987,28.427,4.238,32.243,1020.276,1535.463
2026-04-18 20:15:43.498,1.869,28.469,4.25,32.229,1020.3,1535.576
2026-04-18 20:15:44.498,1.701,28.51,4.247,32.217,1020.265,1535.649
2026-04-18 20:15:45.498,1.476,28.498,4.235,32.212,1020.261,1535.488
2026-04-18 20:15:46.498,1.316,28.554,4.248,32.185,1020.204,1535.654
2026-04-18 20:15:47.498,1.135,28.601,4.248,32.179,1020.196,1535.77
2026-04-18 20:15:48.498,0.975,28.571,4.244,32.177,1020.175,1535.553
2026-04-18 20:15:49.499,0.878,28.628,4.241,32.183,1020.173,1535.748
2026-04-18 20:15:50.498,0.699,28.658,4.244,32.148,1020.12,1535.839
2026-04-18 20:15:51.498,0.584,28.661,4.242,32.154,1020.13,1535.692
2026-04-18 20:15:52.499,0.509,28.685,4.227,32.157,1020.101,1535.801
2026-04-18 20:15:53.499,0.411,28.679,4.242,32.158,1020.089,1535.845
2026-04-18 20:15:54.498,0.389,28.71,4.224,32.112,1020.058,1535.738
2026-04-18 20:15:55.498,0.337,28.707,4.239,32.104,1020.048,1535.695
2026-04-18 20:15:56.498,0.307,28.726,4.225,32.12,1020.038,1535.862
2026-04-18 20:15:57.498,0.319,28.692,4.221,32.097,1020.043,1535.796
2026-04-18 20:15:58.498,0.36,28.719,4.223,32.102,1020.021,1535.826
2026-04-18 20:15:59.498,0.406,28.679,4.225,32.077,1020.067,1535.675
2026-04-18 20:16:00.499,0.446,28.675,4.213,32.07,1020.031,1535.722
2026-04-18 20:16:01.498,0.5,28.666,4.212,32.078,1020.038,1535.737
2026-04-18 20:16:02.500,0.582,28.632,4.219,32.064,1020.077,1535.545
2026-04-18 20:16:03.498,0.701,28.643,4.205,32.057,1020.047,1535.514
2026-04-18 20:16:04.499,0.771,28.614,4.198,32.05,1020.027,1535.591
2026-04-18 20:16:05.498,0.838,28.597,4.203,32.048,1020.047,1535.543
2026-04-18 20:16:06.497,0.93,28.568,4.193,32.05,1020.076,1535.452
2026-04-18 20:16:07.498,1.038,28.574,4.196,32.047,1020.069,1535.372
2026-04-18 20:16:08.498,1.087,28.57,4.196,32.054,1020.055,1535.391
2026-04-18 20:16:09.498,1.168,28.532,4.183,32.056,1020.104,1535.457
2026-04-18 20:16:10.498,1.251,28.561,4.194,32.037,1020.066,1535.48
2026-04-18 20:16:11.498,1.301,28.523,4.191,32.034,1020.064,1535.268
2026-04-18 20:16:12.498,1.371,28.51,4.18,32.017,1020.099,1535.342
2026-04-18 20:16:13.498,1.391,28.512,4.187,32.017,1020.072,1535.353
2026-04-18 20:16:14.498,1.47,28.5,4.172,32.032,1020.074,1535.316
2026-04-18 20:16:15.498,1.496,28.448,4.168,32.017,1020.089,1535.065
2026-04-18 20:16:16.498,1.555,28.444,4.174,32.024,1020.118,1535.097
2026-04-18 20:16:17.500,1.643,28.418,4.171,31.987,1020.061,1535.07
2026-04-18 20:16:18.499,1.693,28.41,4.161,31.996,1020.093,1535.116
2026-04-18 20:16:19.499,1.777,28.395,4.161,31.988,1020.098,1535.01
2026-04-18 20:16:20.495,1.828,28.381,4.166,31.983,1020.105,1535.021
2026-04-18 20:16:21.499,1.931,28.38,4.165,31.975,1020.087,1535.018
2026-04-18 20:16:22.496,1.998,28.34,4.148,31.993,1020.115,1534.895
2026-04-18 20:16:23.502,2.135,28.348,4.15,31.987,1020.119,1534.874
2026-04-18 20:16:24.495,2.24,28.296,4.146,31.956,1020.13,1534.691
2026-04-18 20:16:25.495,2.327,28.282,4.144,31.965,1020.112,1534.852
2026-04-18 20:16:26.496,2.461,28.258,4.147,31.967,1020.165,1534.664
2026-04-18 20:16:27.495,2.611,28.212,4.143,31.953,1020.163,1534.666
2026-04-18 20:16:28.496,2.766,28.183,4.133,31.972,1020.162,1534.639
2026-04-18 20:16:29.495,2.948,28.178,4.14,31.945,1020.15,1534.583
2026-04-18 20:16:30.496,3.095,28.159,4.145,31.957,1020.181,1534.591
2026-04-18 20:16:31.500,3.22,28.144,4.145,31.946,1020.186,1534.427
2026-04-18 20:16:32.499,3.331,28.122,4.139,31.923,1020.217,1534.387
2026-04-18 20:16:33.495,3.432,28.104,4.134,31.919,1020.193,1534.442
2026-04-18 20:16:34.495,3.561,28.042,4.137,31.916,1020.184,1534.259
2026-04-18 20:16:35.496,3.651,28.031,4.139,31.909,1020.211,1534.153
2026-04-18 20:16:36.495,3.716,28.023,4.134,31.896,1020.219,1534.279
2026-04-18 20:16:37.498,3.775,27.989,4.129,31.923,1020.265,1534.069
2026-04-18 20:16:38.495,3.805,28.014,4.133,31.886,1020.192,1534.186
2026-04-18 20:16:39.496,3.819,27.978,4.124,31.879,1020.204,1534.014
2026-04-18 20:16:40.497,3.773,27.998,4.135,31.908,1020.212,1534.075
2026-04-18 20:16:41.496,3.725,27.985,4.135,31.887,1020.195,1534.164
2026-04-18 20:16:42.496,3.674,28.0,4.129,31.892,1020.201,1534.057
2026-04-18 20:16:43.496,3.615,27.973,4.135,31.861,1020.185,1533.908
2026-04-18 20:16:44.496,3.479,27.975,4.135,31.875,1020.163,1534.09
2026-04-18 20:16:45.496,3.363,28.024,4.145,31.87,1020.188,1534.149
2026-04-18 20:16:46.500,3.27,27.989,4.14,31.861,1020.157,1533.946
2026-04-18 20:16:47.497,3.16,28.001,4.139,31.831,1020.112,1533.976
2026-04-18 20:16:48.499,3.02,28.053,4.14,31.825,1020.139,1534.022
2026-04-18 20:16:49.499,2.847,28.065,4.152,31.816,1020.098,1534.027
2026-04-18 20:16:50.500,2.741,28.034,4.148,31.809,1020.101,1534.05
2026-04-18 20:16:51.499,2.585,28.058,4.146,31.793,1020.072,1534.051
2026-04-18 20:16:52.496,2.466,28.073,4.154,31.789,1020.045,1533.975
2026-04-18 20:16:53.496,2.371,28.086,4.162,31.805,1020.072,1534.019
2026-04-18 20:16:54.496,2.249,28.072,4.162,31.784,1020.063,1533.881
2026-04-18 20:16:55.495,2.144,28.133,4.158,31.77,1020.007,1533.987
2026-04-18 20:16:56.496,2.102,28.118,4.159,31.752,1019.982,1534.083
2026-04-18 20:16:57.495,1.99,28.147,4.165,31.742,1020.003,1534.009
2026-04-18 20:16:58.495,1.953,28.096,4.152,31.722,1019.999,1533.839
2026-04-18 20:16:59.497,1.897,28.137,4.168,31.746,1019.985,1533.932
2026-04-18 20:17:00.497,1.788,28.153,4.165,31.707,1019.955,1533.911
2026-04-18 20:17:01.495,1.761,28.151,4.164,31.693,1019.903,1534.016
2026-04-18 20:17:02.497,1.685,28.115,4.171,31.705,1019.936,1533.835
2026-04-18 20:17:03.496,1.673,28.144,4.183,31.687,1019.942,1533.864
2026-04-18 20:17:04.496,1.566,28.131,4.18,31.675,1019.905,1533.773
2026-04-18 20:17:05.496,1.532,28.126,4.186,31.683,1019.897,1533.819
2026-04-18 20:17:06.495,1.439,28.158,4.183,31.654,1019.882,1533.987
2026-04-18 20:17:07.496,1.4,28.131,4.181,31.651,1019.907,1533.831
2026-04-18 20:17:08.495,1.273,28.174,4.183,31.634,1019.87,1533.964
2026-04-18 20:17:09.496,1.202,28.186,4.188,31.649,1019.866,1533.921
2026-04-18 20:17:10.496,1.131,28.158,4.195,31.637,1019.866,1533.757
2026-04-18 20:17:11.496,0.988,28.161,4.195,31.616,1019.808,1533.681
2026-04-18 20:17:12.501,0.902,28.191,4.19,31.622,1019.814,1533.809
2026-04-18 20:17:13.502,0.78,28.224,4.195,31.597,1019.783,1533.883
2026-04-18 20:17:14.501,0.669,28.234,4.206,31.575,1019.737,1533.95
2026-04-18 20:17:15.497,0.575,28.238,4.207,31.583,1019.734,1533.932
2026-04-18 20:17:16.497,0.522,28.222,4.208,31.565,1019.755,1533.724
2026-04-18 20:17:17.497,0.404,28.228,4.199,31.573,1019.748,1533.759
2026-04-18 20:17:18.496,0.351,28.258,4.21,31.565,1019.705,1533.818
2026-04-18 20:17:19.496,0.296,28.235,4.214,31.552,1019.708,1533.835
2026-04-18 20:17:20.496,0.298,28.238,4.212,31.572,1019.739,1533.713
2026-04-18 20:17:21.496,0.275,28.233,4.217,31.567,1019.757,1533.702
2026-04-18 20:17:22.495,0.261,28.241,4.22,31.529,1019.724,1533.77
2026-04-18 20:17:23.496,0.303,28.202,4.209,31.542,1019.732,1533.609
2026-04-18 20:17:24.495,0.355,28.211,4.222,31.541,1019.712,1533.763
2026-04-18 20:17:25.495,0.405,28.218,4.22,31.532,1019.7,1533.638
2026-04-18 20:17:26.495,0.497,28.201,4.214,31.513,1019.724,1533.679
2026-04-18 20:17:27.496,0.624,28.168,4.221,31.543,1019.763,1533.7
2026-04-18 20:17:28.495,0.742,28.151,4.226,31.503,1019.743,1533.461
2026-04-18 20:17:29.495,0.913,28.112,4.228,31.504,1019.737,1533.401
2026-04-18 20:17:30.496,1.04,28.121,4.224,31.519,1019.771,1533.506
2026-04-18 20:17:31.497,1.231,28.073,4.227,31.511,1019.764,1533.371
2026-04-18 20:17:32.495,1.384,28.036,4.219,31.503,1019.79,1533.348
2026-04-18 20:17:33.495,1.578,28.006,4.225,31.509,1019.824,1533.218
2026-04-18 20:17:34.495,1.71,28.015,4.224,31.513,1019.789,1533.412
2026-04-18 20:17:35.495,1.844,27.957,4.233,31.508,1019.808,1533.239
2026-04-18 20:17:36.495,2.029,27.917,4.231,31.529,1019.863,1533.219
2026-04-18 20:17:37.495,2.146,27.957,4.219,31.549,1019.86,1533.293
2026-04-18 20:17:38.495,2.304,27.884,4.215,31.544,1019.915,1533.06
2026-04-18 20:17:39.495,2.397,27.884,4.224,31.534,1019.908,1533.067
2026-04-18 20:17:40.495,2.517,27.862,4.226,31.54,1019.935,1533.171
2026-04-18 20:17:41.495,2.585,27.888,4.22,31.563,1019.936,1533.254
2026-04-18 20:17:42.496,2.651,27.842,4.227,31.553,1019.956,1533.084
2026-04-18 20:17:43.496,2.743,27.812,4.21,31.564,1019.934,1533.009
2026-04-18 20:17:44.495,2.794,27.835,4.213,31.582,1019.982,1533.136
2026-04-18 20:17:45.496,2.829,27.822,4.209,31.568,1019.963,1533.115
2026-04-18 20:17:46.495,2.87,27.839,4.219,31.566,1019.97,1533.149
2026-04-18 20:17:47.497,2.876,27.839,4.22,31.58,1019.946,1533.214
2026-04-18 20:17:48.496,2.95,27.798,4.206,31.594,1019.968,1533.116
2026-04-18 20:17:49.499,2.963,27.829,4.22,31.595,1019.995,1533.191
2026-04-18 20:17:50.505,2.988,27.835,4.215,31.61,1019.967,1533.234
2026-04-18 20:17:51.500,3.02,27.81,4.213,31.646,1020.046,1533.261
2026-04-18 20:17:52.499,3.051,27.82,4.204,31.656,1020.062,1533.242
2026-04-18 20:17:53.500,3.073,27.836,4.2,31.644,1020.051,1533.331
2026-04-18 20:17:54.499,3.149,27.798,4.209,31.649,1020.052,1533.104
2026-04-18 20:17:55.498,3.193,27.785,4.212,31.694,1020.105,1533.283
2026-04-18 20:17:56.499,3.251,27.806,4.204,31.692,1020.05,1533.201
2026-04-18 20:17:57.498,3.293,27.813,4.208,31.716,1020.119,1533.234
2026-04-18 20:17:58.499,3.349,27.809,4.207,31.73,1020.102,1533.297
2026-04-18 20:17:59.495,3.37,27.79,4.206,31.732,1020.112,1533.331
2026-04-18 20:18:00.496,3.413,27.788,4.189,31.741,1020.128,1533.211
2026-04-18 20:18:01.497,3.487,27.792,4.189,31.774,1020.131,1533.314
2026-04-18 20:18:02.500,3.493,27.767,4.199,31.789,1020.147,1533.349
2026-04-18 20:18:03.500,3.51,27.786,4.189,31.801,1020.17,1533.307
2026-04-18 20:18:04.500,3.528,27.779,4.18,31.806,1020.187,1533.286
2026-04-18 20:18:05.500,3.519,27.775,4.178,31.809,1020.212,1533.38
2026-04-18 20:18:06.500,3.446,27.795,4.186,31.842,1020.207,1533.473
2026-04-18 20:18:07.500,3.375,27.856,4.182,31.861,1020.189,1533.652
2026-04-18 20:18:08.500,3.313,27.858,4.175,31.846,1020.213,1533.529
2026-04-18 20:18:09.500,3.195,27.858,4.172,31.859,1020.187,1533.566
2026-04-18 20:18:10.500,3.077,27.872,4.18,31.878,1020.224,1533.637
2026-04-18 20:18:11.499,2.984,27.894,4.181,31.904,1020.178,1533.745
2026-04-18 20:18:12.500,2.83,27.951,4.171,31.906,1020.173,1533.788
2026-04-18 20:18:13.500,2.646,27.949,4.179,31.945,1020.192,1533.952
2026-04-18 20:18:14.500,2.484,27.996,4.179,31.935,1020.189,1534.045
2026-04-18 20:18:15.500,2.334,28.046,4.176,31.957,1020.176,1534.031
2026-04-18 20:18:16.500,2.143,28.07,4.169,31.966,1020.177,1534.224
2026-04-18 20:18:17.500,1.959,28.085,4.16,32.006,1020.188,1534.268
2026-04-18 20:18:18.500,1.791,28.147,4.172,31.994,1020.168,1534.387
2026-04-18 20:18:19.500,1.611,28.159,4.172,32.007,1020.15,1534.382
2026-04-18 20:18:20.499,1.416,28.207,4.166,32.033,1020.155,1534.514
2026-04-18 20:18:21.502,1.282,28.25,4.162,32.053,1020.136,1534.639
2026-04-18 20:18:22.500,1.143,28.246,4.157,32.066,1020.15,1534.479
2026-04-18 20:18:23.499,1.058,28.282,4.166,32.085,1020.156,1534.712
2026-04-18 20:18:24.499,0.947,28.312,4.168,32.093,1020.165,1534.714
2026-04-18 20:18:25.500,0.852,28.359,4.17,32.103,1020.127,1534.824
2026-04-18 20:18:26.500,0.794,28.333,4.159,32.094,1020.123,1534.804
2026-04-18 20:18:27.500,0.751,28.338,4.155,32.135,1020.155,1534.779
2026-04-18 20:18:28.500,0.712,28.352,4.155,32.119,1020.189,1534.883
2026-04-18 20:18:29.500,0.688,28.383,4.149,32.165,1020.181,1534.937
2026-04-18 20:18:30.500,0.725,28.41,4.163,32.159,1020.179,1535.075
2026-04-18 20:18:31.500,0.729,28.387,4.159,32.166,1020.22,1535.089
2026-04-18 20:18:32.500,0.687,28.415,4.16,32.16,1020.181,1535.095
2026-04-18 20:18:33.500,0.725,28.417,4.156,32.188,1020.177,1535.221
2026-04-18 20:18:34.500,0.736,28.406,4.148,32.197,1020.202,1535.17
2026-04-18 20:18:35.496,0.768,28.42,4.158,32.211,1020.199,1535.092
2026-04-18 20:18:36.499,0.798,28.421,4.148,32.205,1020.214,1535.173
2026-04-18 20:18:37.500,0.815,28.433,4.144,32.211,1020.243,1535.271
2026-04-18 20:18:38.499,0.81,28.412,4.155,32.217,1020.213,1535.215
2026-04-18 20:18:39.499,0.824,28.414,4.144,32.243,1020.274,1535.22
2026-04-18 20:18:40.500,0.809,28.467,4.15,32.239,1020.228,1535.383
2026-04-18 20:18:41.500,0.834,28.473,4.148,32.242,1020.25,1535.434
2026-04-18 20:18:42.500,0.841,28.447,4.146,32.244,1020.218,1535.252
2026-04-18 20:18:43.500,0.793,28.501,4.15,32.243,1020.234,1535.492
2026-04-18 20:18:44.500,0.833,28.473,4.161,32.252,1020.222,1535.416
2026-04-18 20:18:45.500,0.844,28.491,4.146,32.255,1020.262,1535.364
2026-04-18 20:18:46.500,0.822,28.505,4.156,32.263,1020.258,1535.414
2026-04-18 20:18:47.500,0.864,28.475,4.15,32.27,1020.267,1535.492
2026-04-18 20:18:48.500,0.881,28.501,4.152,32.275,1020.271,1535.512
2026-04-18 20:18:49.500,0.916,28.475,4.164,32.283,1020.291,1535.339
2026-04-18 20:18:50.500,0.978,28.488,4.162,32.277,1020.256,1535.509
2026-04-18 20:18:51.500,1.098,28.508,4.156,32.263,1020.282,1535.624
2026-04-18 20:18:52.500,1.182,28.5,4.155,32.291,1020.288,1535.512
2026-04-18 20:18:53.500,1.255,28.486,4.17,32.285,1020.268,1535.574
2026-04-18 20:18:54.500,1.423,28.423,4.162,32.295,1020.328,1535.381
2026-04-18 20:18:55.500,1.512,28.444,4.159,32.288,1020.297,1535.417
2026-04-18 20:18:56.499,1.683,28.43,4.161,32.276,1020.335,1535.435
2026-04-18 20:18:57.500,1.869,28.375,4.172,32.273,1020.327,1535.274
2026-04-18 20:18:58.500,2.004,28.411,4.172,32.295,1020.339,1535.437
2026-04-18 20:18:59.500,2.17,28.367,4.177,32.273,1020.334,1535.393
2026-04-18 20:19:00.500,2.396,28.33,4.164,32.289,1020.408,1535.289
2026-04-18 20:19:01.500,2.566,28.34,4.177,32.295,1020.38,1535.312
2026-04-18 20:19:02.500,2.725,28.313,4.166,32.274,1020.377,1535.239
2026-04-18 20:19:03.500,2.918,28.255,4.178,32.289,1020.441,1535.129
2026-04-18 20:19:04.500,3.047,28.237,4.182,32.293,1020.466,1535.166
2026-04-18 20:19:05.500,3.202,28.253,4.181,32.284,1020.432,1535.32
2026-04-18 20:19:06.500,3.323,28.248,4.187,32.282,1020.432,1535.216
2026-04-18 20:19:07.500,3.411,28.212,4.193,32.291,1020.448,1535.148
2026-04-18 20:19:08.500,3.512,28.196,4.181,32.275,1020.434,1535.159
2026-04-18 20:19:09.500,3.562,28.188,4.19,32.297,1020.491,1535.042
2026-04-18 20:19:10.500,3.571,28.19,4.189,32.285,1020.47,1535.099
2026-04-18 20:19:11.500,3.604,28.214,4.199,32.312,1020.479,1535.169
2026-04-18 20:19:12.500,3.586,28.17,4.189,32.3,1020.48,1535.002
2026-04-18 20:19:13.500,3.57,28.224,4.202,32.293,1020.465,1535.122
2026-04-18 20:19:14.500,3.549,28.211,4.21,32.311,1020.489,1535.301
2026-04-18 20:19:15.500,3.502,28.208,4.207,32.286,1020.449,1535.222
2026-04-18 20:19:16.500,3.482,28.201,4.199,32.275,1020.457,1535.215
2026-04-18 20:19:17.500,3.384,28.216,4.201,32.278,1020.43,1535.161
2026-04-18 20:19:18.500,3.336,28.275,4.221,32.277,1020.446,1535.209
2026-04-18 20:19:19.500,3.23,28.24,4.222,32.295,1020.422,1535.112
2026-04-18 20:19:20.499,3.212,28.275,4.211,32.287,1020.427,1535.275
2026-04-18 20:19:21.500,3.122,28.255,4.229,32.281,1020.454,1535.158
2026-04-18 20:19:22.500,3.059,28.311,4.216,32.316,1020.416,1535.34
2026-04-18 20:19:23.499,2.984,28.332,4.219,32.289,1020.42,1535.511
2026-04-18 20:19:24.500,2.914,28.329,4.225,32.279,1020.407,1535.439
2026-04-18 20:19:25.500,2.861,28.329,4.232,32.316,1020.432,1535.461
2026-04-18 20:19:26.499,2.861,28.313,4.231,32.283,1020.391,1535.289
2026-04-18 20:19:27.499,2.8,28.354,4.242,32.286,1020.384,1535.529
2026-04-18 20:19:28.500,2.77,28.324,4.229,32.287,1020.388,1535.399
2026-04-18 20:19:29.500,2.708,28.339,4.23,32.315,1020.418,1535.458
2026-04-18 20:19:30.500,2.644,28.342,4.247,32.298,1020.392,1535.33
2026-04-18 20:19:31.499,2.608,28.362,4.251,32.292,1020.392,1535.348
2026-04-18 20:19:32.499,2.568,28.365,4.246,32.298,1020.381,1535.466
2026-04-18 20:19:33.500,2.487,28.379,4.252,32.325,1020.379,1535.498
2026-04-18 20:19:34.500,2.43,28.381,4.243,32.311,1020.386,1535.459
2026-04-18 20:19:35.500,2.366,28.373,4.257,32.322,1020.381,1535.522
2026-04-18 20:19:36.500,2.251,28.405,4.25,32.313,1020.377,1535.603
2026-04-18 20:19:37.500,2.142,28.425,4.245,32.324,1020.366,1535.647
2026-04-18 20:19:38.499,2.058,28.406,4.26,32.307,1020.338,1535.468
2026-04-18 20:19:39.500,1.895,28.413,4.262,32.311,1020.366,1535.477
2026-04-18 20:19:40.500,1.789,28.45,4.245,32.31,1020.341,1535.506
2026-04-18 20:19:41.499,1.648,28.464,4.263,32.316,1020.329,1535.56
2026-04-18 20:19:42.499,1.489,28.471,4.262,32.332,1020.318,1535.568
2026-04-18 20:19:43.500,1.321,28.516,4.265,32.343,1020.301,1535.72
2026-04-18 20:19:44.499,1.159,28.503,4.252,32.331,1020.301,1535.641
2026-04-18 20:19:45.499,1.031,28.542,4.263,32.34,1020.336,1535.617
2026-04-18 20:19:46.500,0.867,28.581,4.25,32.346,1020.267,1535.823
2026-04-18 20:19:47.499,0.699,28.573,4.262,32.345,1020.281,1535.788
2026-04-18 20:19:48.500,0.616,28.606,4.268,32.344,1020.248,1535.854
2026-04-18 20:19:49.500,0.468,28.628,4.252,32.343,1020.26,1535.87
2026-04-18 20:19:50.499,0.402,28.59,4.257,32.323,1020.27,1535.808
2026-04-18 20:19:51.499,0.333,28.61,4.248,32.325,1020.227,1535.73
2026-04-18 20:19:52.500,0.281,28.602,4.258,32.353,1020.268,1535.775
2026-04-18 20:19:53.499,0.205,28.616,4.246,32.356,1020.244,1535.747
2026-04-18 20:19:54.500,0.239,28.621,4.251,32.349,1020.287,1535.801
2026-04-18 20:19:55.500,0.253,28.634,4.25,32.359,1020.238,1535.791
2026-04-18 20:19:56.499,0.273,28.569,4.26,32.341,1020.258,1535.628
2026-04-18 20:19:57.500,0.301,28.568,4.25,32.336,1020.242,1535.696
2026-04-18 20:19:58.500,0.368,28.584,4.246,32.348,1020.261,1535.768
2026-04-18 20:19:59.499,0.496,28.564,4.235,32.325,1020.263,1535.734
2026-04-18 20:20:00.500,0.599,28.541,4.235,32.347,1020.319,1535.553
2026-04-18 20:20:01.500,0.686,28.477,4.247,32.318,1020.284,1535.391
2026-04-18 20:20:02.499,0.809,28.475,4.233,32.347,1020.302,1535.563
2026-04-18 20:20:03.500,0.914,28.438,4.23,32.313,1020.314,1535.392
2026-04-18 20:20:04.500,1.057,28.409,4.22,32.302,1020.329,1535.265
2026-04-18 20:20:05.500,1.156,28.414,4.237,32.324,1020.303,1535.325
2026-04-18 20:20:06.500,1.281,28.388,4.221,32.307,1020.348,1535.322
2026-04-18 20:20:07.500,1.359,28.381,4.212,32.291,1020.328,1535.247
2026-04-18 20:20:08.499,1.462,28.35,4.228,32.288,1020.349,1535.23
2026-04-18 20:20:09.500,1.603,28.319,4.213,32.311,1020.363,1535.169
2026-04-18 20:20:10.500,1.691,28.278,4.215,32.306,1020.345,1535.091
2026-04-18 20:20:11.500,1.744,28.269,4.215,32.281,1020.33,1534.911
2026-04-18 20:20:12.500,1.795,28.253,4.211,32.288,1020.362,1534.929
2026-04-18 20:20:13.500,1.868,28.214,4.197,32.249,1020.327,1534.841
2026-04-18 20:20:14.499,1.919,28.209,4.19,32.244,1020.336,1534.89
2026-04-18 20:20:15.500,1.995,28.216,4.197,32.254,1020.341,1534.906
2026-04-18 20:20:16.500,2.019,28.161,4.194,32.251,1020.384,1534.81
2026-04-18 20:20:17.500,2.101,28.183,4.184,32.245,1020.343,1534.834
2026-04-18 20:20:18.500,2.17,28.124,4.181,32.236,1020.394,1534.698
2026-04-18 20:20:19.500,2.227,28.114,4.182,32.217,1020.349,1534.517
2026-04-18 20:20:20.499,2.301,28.089,4.183,32.176,1020.326,1534.434
2026-04-18 20:20:21.500,2.414,28.091,4.176,32.182,1020.375,1534.475
2026-04-18 20:20:22.500,2.453,28.081,4.168,32.187,1020.384,1534.562
2026-04-18 20:20:23.499,2.568,28.051,4.163,32.147,1020.331,1534.451
2026-04-18 20:20:24.500,2.672,28.012,4.171,32.128,1020.317,1534.241
2026-04-18 20:20:25.501,2.783,28.027,4.16,32.12,1020.354,1534.385
2026-04-18 20:20:26.500,2.903,28.002,4.17,32.136,1020.383,1534.324
2026-04-18 20:20:27.500,3.035,27.982,4.149,32.117,1020.341,1534.317
2026-04-18 20:20:28.499,3.166,27.929,4.156,32.079,1020.363,1534.114
2026-04-18 20:20:29.499,3.251,27.896,4.152,32.059,1020.324,1533.916
2026-04-18 20:20:30.500,3.367,27.885,4.154,32.055,1020.354,1533.906
2026-04-18 20:20:31.500,3.515,27.843,4.145,32.038,1020.357,1533.845
2026-04-18 20:20:32.499,3.605,27.837,4.152,32.018,1020.311,1533.791
2026-04-18 20:20:33.499,3.685,27.805,4.14,32.028,1020.35,1533.654
2026-04-18 20:20:34.500,3.721,27.784,4.138,32.02,1020.377,1533.687
2026-04-18 20:20:35.500,3.769,27.8,4.132,31.979,1020.332,1533.651
2026-04-18 20:20:36.500,3.773,27.811,4.133,31.982,1020.3,1533.8
2026-04-18 20:20:37.500,3.786,27.758,4.128,31.946,1020.321,1533.494
2026-04-18 20:20:38.499,3.755,27.77,4.126,31.948,1020.331,1533.565
2026-04-18 20:20:39.500,3.724,27.788,4.137,31.93,1020.272,1533.628
2026-04-18 20:20:40.496,3.626,27.765,4.132,31.925,1020.284,1533.451
2026-04-18 20:20:41.500,3.545,27.772,4.128,31.892,1020.224,1533.417
2026-04-18 20:20:42.499,3.451,27.817,4.138,31.895,1020.248,1533.525
2026-04-18 20:20:43.499,3.304,27.83,4.13,31.876,1020.198,1533.485
2026-04-18 20:20:44.500,3.208,27.819,4.126,31.867,1020.211,1533.426
2026-04-18 20:20:45.495,3.053,27.874,4.13,31.829,1020.162,1533.675
2026-04-18 20:20:46.499,2.896,27.888,4.132,31.833,1020.153,1533.607
2026-04-18 20:20:47.499,2.695,27.888,4.127,31.791,1020.08,1533.452
2026-04-18 20:20:48.500,2.564,27.901,4.125,31.786,1020.086,1533.556
2026-04-18 20:20:49.500,2.387,27.935,4.125,31.768,1020.045,1533.645
2026-04-18 20:20:50.499,2.275,27.929,4.124,31.771,1020.047,1533.484
2026-04-18 20:20:51.500,2.125,27.964,4.13,31.742,1020.027,1533.556
2026-04-18 20:20:52.500,1.987,27.999,4.129,31.748,1020.009,1533.567
2026-04-18 20:20:53.499,1.863,27.969,4.124,31.711,1020.013,1533.44
2026-04-18 20:20:54.500,1.778,28.003,4.139,31.721,1019.97,1533.594
2026-04-18 20:20:55.500,1.686,28.044,4.142,31.684,1019.932,1533.641
2026-04-18 20:20:56.499,1.601,28.011,4.127,31.664,1019.947,1533.488
2026-04-18 20:20:57.500,1.509,28.029,4.131,31.681,1019.909,1533.636
2026-04-18 20:20:58.500,1.433,28.039,4.134,31.678,1019.942,1533.659
2026-04-18 20:20:59.500,1.371,28.057,4.132,31.638,1019.902,1533.538
2026-04-18 20:21:00.500,1.379,28.042,4.148,31.651,1019.887,1533.517
2026-04-18 20:21:01.500,1.329,28.071,4.134,31.611,1019.864,1533.536
2026-04-18 20:21:02.499,1.273,28.039,4.144,31.622,1019.854,1533.579
2026-04-18 20:21:03.500,1.2,28.056,4.15,31.604,1019.878,1533.522
2026-04-18 20:21:04.500,1.191,28.076,4.143,31.618,1019.844,1533.578
2026-04-18 20:21:05.499,1.11,28.104,4.156,31.602,1019.822,1533.533
2026-04-18 20:21:06.500,1.078,28.099,4.157,31.603,1019.833,1533.523
2026-04-18 20:21:07.500,1.05,28.114,4.148,31.584,1019.806,1533.667
2026-04-18 20:21:08.500,0.984,28.123,4.149,31.558,1019.79,1533.614
2026-04-18 20:21:09.499,0.893,28.092,4.158,31.562,1019.767,1533.561
2026-04-18 20:21:10.500,0.825,28.131,4.153,31.584,1019.823,1533.657
2026-04-18 20:21:11.499,0.755,28.156,4.17,31.561,1019.743,1533.611
2026-04-18 20:21:12.500,0.678,28.138,4.157,31.543,1019.735,1533.658
2026-04-18 20:21:13.500,0.637,28.152,4.167,31.556,1019.741,1533.671
2026-04-18 20:21:14.499,0.551,28.154,4.163,31.551,1019.726,1533.666
2026-04-18 20:21:15.500,0.515,28.194,4.167,31.562,1019.769,1533.733
2026-04-18 20:21:16.500,0.432,28.178,4.183,31.535,1019.752,1533.585
2026-04-18 20:21:17.499,0.442,28.174,4.173,31.551,1019.754,1533.648
2026-04-18 20:21:18.500,0.38,28.209,4.177,31.551,1019.714,1533.779
2026-04-18 20:21:19.500,0.411,28.22,4.194,31.534,1019.708,1533.702
2026-04-18 20:21:20.496,0.383,28.198,4.188,31.548,1019.722,1533.766
2026-04-18 20:21:21.499,0.428,28.197,4.193,31.563,1019.745,1533.795
2026-04-18 20:21:22.500,0.521,28.219,4.202,31.559,1019.724,1533.854
2026-04-18 20:21:23.500,0.59,28.191,4.186,31.554,1019.765,1533.639
2026-04-18 20:21:24.499,0.647,28.17,4.198,31.54,1019.762,1533.615
2026-04-18 20:21:25.500,0.789,28.192,4.197,31.577,1019.786,1533.821
2026-04-18 20:21:26.499,0.927,28.174,4.211,31.568,1019.779,1533.683
2026-04-18 20:21:27.500,1.087,28.112,4.21,31.545,1019.774,1533.594
2026-04-18 20:21:28.500,1.216,28.124,4.202,31.573,1019.786,1533.655
2026-04-18 20:21:29.499,1.406,28.088,4.2,31.562,1019.821,1533.596
2026-04-18 20:21:30.500,1.568,28.069,4.197,31.583,1019.851,1533.637
2026-04-18 20:21:31.500,1.733,28.08,4.207,31.604,1019.855,1533.738
2026-04-18 20:21:32.500,1.931,28.03,4.213,31.598,1019.876,1533.552
2026-04-18 20:21:33.500,2.12,28.014,4.205,31.606,1019.885,1533.457
2026-04-18 20:21:34.500,2.285,27.956,4.213,31.592,1019.902,1533.398
2026-04-18 20:21:35.500,2.394,27.988,4.209,31.595,1019.928,1533.46
2026-04-18 20:21:36.500,2.583,27.927,4.211,31.604,1019.964,1533.29
2026-04-18 20:21:37.500,2.694,27.946,4.219,31.608,1019.968,1533.47
2026-04-18 20:21:38.499,2.786,27.95,4.22,31.643,1019.968,1533.632
2026-04-18 20:21:39.500,2.884,27.92,4.21,31.618,1019.977,1533.486
2026-04-18 20:21:40.500,2.957,27.908,4.211,31.642,1019.979,1533.535
2026-04-18 20:21:41.500,3.055,27.887,4.215,31.641,1019.997,1533.305
2026-04-18 20:21:42.500,3.068,27.89,4.228,31.646,1020.021,1533.493
2026-04-18 20:21:43.500,3.106,27.895,4.231,31.682,1020.052,1533.568
2026-04-18 20:21:44.499,3.155,27.912,4.214,31.663,1020.016,1533.553
2026-04-18 20:21:45.500,3.163,27.943,4.217,31.684,1020.045,1533.591
2026-04-18 20:21:46.500,3.19,27.895,4.217,31.708,1020.054,1533.556
2026-04-18 20:21:47.500,3.184,27.916,4.217,31.695,1020.04,1533.563
2026-04-18 20:21:48.499,3.21,27.955,4.22,31.708,1020.053,1533.794
2026-04-18 20:21:49.500,3.196,27.927,4.217,31.722,1020.051,1533.6
2026-04-18 20:21:50.500,3.2,27.935,4.233,31.728,1020.077,1533.689
2026-04-18 20:21:51.499,3.17,27.971,4.231,31.73,1020.064,1533.735
2026-04-18 20:21:52.500,3.187,27.977,4.237,31.733,1020.069,1533.715
2026-04-18 20:21:53.499,3.213,27.98,4.22,31.744,1020.097,1533.818
2026-04-18 20:21:54.500,3.222,27.989,4.232,31.738,1020.055,1533.863
2026-04-18 20:21:55.500,3.236,28.007,4.231,31.752,1020.081,1533.839
2026-04-18 20:21:56.496,3.265,28.003,4.237,31.768,1020.117,1533.9
2026-04-18 20:21:57.500,3.245,27.976,4.223,31.773,1020.103,1533.933
2026-04-18 20:21:58.500,3.273,28.002,4.235,31.777,1020.12,1533.908
2026-04-18 20:21:59.500,3.319,27.996,4.228,31.769,1020.122,1533.863
2026-04-18 20:22:00.500,3.293,27.998,4.231,31.805,1020.136,1534.039
2026-04-18 20:22:01.496,3.282,27.993,4.217,31.805,1020.124,1533.987
2026-04-18 20:22:02.499,3.278,28.027,4.224,31.815,1020.109,1534.021
2026-04-18 20:22:03.499,3.248,28.039,4.23,31.794,1020.1,1533.99
2026-04-18 20:22:04.500,3.233,28.064,4.215,31.811,1020.118,1534.162
2026-04-18 20:22:05.499,3.161,28.091,4.221,31.835,1020.099,1534.231
2026-04-18 20:22:06.500,3.086,28.058,4.214,31.819,1020.098,1534.092
2026-04-18 20:22:07.500,2.969,28.079,4.214,31.832,1020.085,1534.198
2026-04-18 20:22:08.500,2.906,28.114,4.22,31.839,1020.077,1534.201
2026-04-18 20:22:09.500,2.748,28.159,4.222,31.844,1020.093,1534.441
2026-04-18 20:22:10.500,2.584,28.19,4.206,31.847,1020.1,1534.355
2026-04-18 20:22:11.499,2.45,28.238,4.213,31.844,1020.081,1534.61
2026-04-18 20:22:12.500,2.29,28.22,4.214,31.841,1020.029,1534.347
2026-04-18 20:22:13.500,2.103,28.289,4.213,31.844,1020.033,1534.513
2026-04-18 20:22:14.499,1.908,28.33,4.21,31.849,1020.004,1534.606
2026-04-18 20:22:15.500,1.728,28.334,4.205,31.852,1019.991,1534.59
2026-04-18 20:22:16.500,1.553,28.388,4.213,31.882,1020.011,1534.758
2026-04-18 20:22:17.499,1.385,28.428,4.196,31.885,1019.987,1534.86
2026-04-18 20:22:18.500,1.204,28.436,4.193,31.884,1019.99,1534.974
2026-04-18 20:22:19.500,1.096,28.488,4.196,31.868,1019.965,1535.097
2026-04-18 20:22:20.500,0.953,28.513,4.199,31.881,1019.932,1534.998
2026-04-18 20:22:21.500,0.824,28.523,4.196,31.887,1019.97,1535.164
2026-04-18 20:22:22.500,0.705,28.565,4.196,31.88,1019.913,1535.117
2026-04-18 20:22:23.500,0.61,28.55,4.199,31.911,1019.962,1535.183
2026-04-18 20:22:24.500,0.576,28.575,4.19,31.896,1019.935,1535.191
2026-04-18 20:22:25.500,0.543,28.592,4.181,31.895,1019.929,1535.197
2026-04-18 20:22:26.500,0.46,28.607,4.186,31.905,1019.953,1535.339
2026-04-18 20:22:27.500,0.47,28.629,4.193,31.907,1019.897,1535.357
2026-04-18 20:22:28.500,0.495,28.622,4.191,31.915,1019.931,1535.391
2026-04-18 20:22:29.500,0.512,28.629,4.18,31.898,1019.932,1535.243
2026-04-18 20:22:30.500,0.531,28.607,4.175,31.902,1019.901,1535.181
2026-04-18 20:22:31.500,0.592,28.601,4.169,31.905,1019.946,1535.237
2026-04-18 20:22:32.499,0.663,28.599,4.176,31.942,1019.944,1535.359
2026-04-18 20:22:33.500,0.674,28.606,4.173,31.95,1019.944,1535.429
2026-04-18 20:22:34.500,0.757,28.595,4.163,31.928,1019.955,1535.279
2026-04-18 20:22:35.500,0.782,28.586,4.173,31.956,1020.001,1535.285
2026-04-18 20:22:36.500,0.862,28.597,4.172,31.933,1019.988,1535.354
2026-04-18 20:22:37.500,0.863,28.565,4.174,31.971,1020.002,1535.219
2026-04-18 20:22:38.500,0.936,28.578,4.165,31.973,1020.006,1535.324
2026-04-18 20:22:39.500,0.961,28.57,4.162,31.973,1020.034,1535.349
2026-04-18 20:22:40.500,1.009,28.577,4.162,31.963,1020.002,1535.388
2026-04-18 20:22:41.499,1.06,28.604,4.152,31.99,1020.028,1535.375
2026-04-18 20:22:42.499,1.068,28.596,4.162,31.965,1020.025,1535.464
2026-04-18 20:22:43.500,1.114,28.554,4.163,31.984,1020.019,1535.256
2026-04-18 20:22:44.499,1.11,28.604,4.159,31.98,1020.002,1535.503
2026-04-18 20:22:45.500,1.137,28.581,4.148,32.021,1020.056,1535.492
2026-04-18 20:22:46.500,1.228,28.549,4.163,32.002,1020.026,1535.336
2026-04-18 20:22:47.499,1.256,28.585,4.145,32.018,1020.067,1535.444
2026-04-18 20:22:48.499,1.336,28.54,4.158,32.012,1020.089,1535.38
2026-04-18 20:22:49.500,1.357,28.517,4.145,32.018,1020.09,1535.282
2026-04-18 20:22:50.499,1.436,28.507,4.15,32.044,1020.097,1535.233
2026-04-18 20:22:51.499,1.544,28.494,4.155,32.045,1020.091,1535.241
2026-04-18 20:22:52.500,1.657,28.495,4.157,32.06,1020.154,1535.26
2026-04-18 20:22:53.500,1.769,28.464,4.153,32.076,1020.137,1535.246
2026-04-18 20:22:54.500,1.932,28.476,4.156,32.084,1020.177,1535.442
2026-04-18 20:22:55.500,2.05,28.429,4.145,32.094,1020.209,1535.19
2026-04-18 20:22:56.499,2.211,28.41,4.153,32.085,1020.211,1535.273
2026-04-18 20:22:57.500,2.371,28.389,4.145,32.118,1020.228,1535.23
2026-04-18 20:22:58.500,2.565,28.391,4.154,32.123,1020.253,1535.221
2026-04-18 20:22:59.496,2.703,28.341,4.154,32.141,1020.26,1535.309
2026-04-18 20:23:00.501,2.897,28.286,4.151,32.138,1020.283,1535.027
2026-04-18 20:23:01.500,3.045,28.286,4.149,32.149,1020.319,1535.065
2026-04-18 20:23:02.500,3.165,28.279,4.151,32.174,1020.319,1535.24
2026-04-18 20:23:03.500,3.331,28.241,4.143,32.159,1020.345,1535.006
2026-04-18 20:23:04.499,3.451,28.232,4.148,32.18,1020.379,1535.071
2026-04-18 20:23:05.499,3.53,28.232,4.151,32.193,1020.412,1535.21
2026-04-18 20:23:06.500,3.625,28.161,4.16,32.215,1020.424,1534.889
2026-04-18 20:23:07.500,3.71,28.174,4.153,32.216,1020.426,1534.981
2026-04-18 20:23:08.500,3.727,28.156,4.157,32.223,1020.457,1535.03
2026-04-18 20:23:09.500,3.75,28.134,4.16,32.235,1020.47,1535.033
2026-04-18 20:23:10.500,3.734,28.139,4.158,32.269,1020.45,1534.98
2026-04-18 20:23:11.499,3.72,28.152,4.167,32.249,1020.486,1534.906
2026-04-18 20:23:12.500,3.686,28.144,4.176,32.284,1020.501,1534.964
2026-04-18 20:23:13.500,3.604,28.148,4.176,32.293,1020.457,1535.059
2026-04-18 20:23:14.500,3.548,28.146,4.167,32.301,1020.487,1534.919
2026-04-18 20:23:15.500,3.407,28.191,4.17,32.305,1020.474,1535.177
2026-04-18 20:23:16.500,3.316,28.164,4.176,32.314,1020.493,1535.071
2026-04-18 20:23:17.499,3.239,28.17,4.185,32.35,1020.502,1535.115
2026-04-18 20:23:18.499,3.139,28.197,4.187,32.339,1020.488,1535.168
2026-04-18 20:23:19.499,2.999,28.221,4.181,32.363,1020.504,1535.172
2026-04-18 20:23:20.499,2.925,28.2,4.197,32.363,1020.497,1535.061
2026-04-18 20:23:21.500,2.834,28.259,4.195,32.38,1020.48,1535.332
2026-04-18 20:23:22.500,2.736,28.269,4.189,32.403,1020.495,1535.263
2026-04-18 20:23:23.499,2.659,28.25,4.193,32.395,1020.492,1535.232
2026-04-18 20:23:24.500,2.541,28.253,4.201,32.422,1020.51,1535.293
2026-04-18 20:23:25.500,2.5,28.238,4.202,32.436,1020.532,1535.157
2026-04-18 20:23:26.499,2.412,28.246,4.209,32.414,1020.5,1535.279
2026-04-18 20:23:27.499,2.393,28.27,4.206,32.43,1020.489,1535.33
2026-04-18 20:23:28.500,2.325,28.297,4.213,32.434,1020.525,1535.367
2026-04-18 20:23:29.499,2.272,28.289,4.215,32.436,1020.511,1535.349
2026-04-18 20:23:30.500,2.199,28.29,4.218,32.457,1020.516,1535.413
2026-04-18 20:23:31.500,2.164,28.255,4.215,32.46,1020.51,1535.178
2026-04-18 20:23:32.499,2.069,28.298,4.232,32.486,1020.503,1535.474
2026-04-18 20:23:33.499,2.003,28.307,4.221,32.481,1020.506,1535.483
2026-04-18 20:23:34.499,1.915,28.295,4.225,32.467,1020.528,1535.296
2026-04-18 20:23:35.500,1.846,28.309,4.239,32.499,1020.512,1535.326
2026-04-18 20:23:36.498,1.785,28.313,4.232,32.49,1020.522,1535.449
2026-04-18 20:23:37.500,1.633,28.3,4.237,32.504,1020.534,1535.397
2026-04-18 20:23:38.499,1.566,28.317,4.235,32.504,1020.52,1535.447
2026-04-18 20:23:39.500,1.415,28.311,4.234,32.483,1020.476,1535.366
2026-04-18 20:23:40.499,1.307,28.349,4.24,32.489,1020.452,1535.364
2026-04-18 20:23:41.499,1.169,28.369,4.253,32.512,1020.469,1535.359
2026-04-18 20:23:42.500,1.039,28.341,4.25,32.514,1020.47,1535.388
2026-04-18 20:23:43.499,0.879,28.409,4.243,32.478,1020.432,1535.43
2026-04-18 20:23:44.499,0.802,28.388,4.247,32.491,1020.436,1535.512
2026-04-18 20:23:45.499,0.671,28.409,4.257,32.498,1020.458,1535.513
2026-04-18 20:23:46.500,0.522,28.39,4.254,32.512,1020.456,1535.369
2026-04-18 20:23:47.500,0.421,28.431,4.253,32.493,1020.393,1535.514
2026-04-18 20:23:48.500,0.371,28.4,4.25,32.505,1020.404,1535.422
2026-04-18 20:23:49.499,0.289,28.442,4.247,32.47,1020.4,1535.483
2026-04-18 20:23:50.500,0.215,28.421,4.262,32.476,1020.427,1535.474
2026-04-18 20:23:51.500,0.218,28.422,4.26,32.488,1020.413,1535.313
2026-04-18 20:23:52.500,0.192,28.397,4.265,32.478,1020.403,1535.383
2026-04-18 20:23:53.499,0.219,28.403,4.257,32.458,1020.379,1535.277
2026-04-18 20:23:54.500,0.242,28.396,4.253,32.443,1020.388,1535.345
2026-04-18 20:23:55.500,0.343,28.392,4.25,32.439,1020.408,1535.234
2026-04-18 20:23:56.500,0.407,28.379,4.246,32.429,1020.392,1535.251
2026-04-18 20:23:57.500,0.481,28.342,4.259,32.437,1020.413,1535.207
2026-04-18 20:23:58.500,0.635,28.278,4.259,32.441,1020.439,1534.977
2026-04-18 20:23:59.500,0.736,28.284,4.259,32.414,1020.415,1534.943
2026-04-18 20:24:00.500,0.914,28.256,4.243,32.405,1020.387,1535.025
2026-04-18 20:24:01.500,1.034,28.222,4.243,32.408,1020.447,1534.898
2026-04-18 20:24:02.500,1.204,28.209,4.239,32.399,1020.432,1534.93
2026-04-18 20:24:03.500,1.351,28.143,4.248,32.378,1020.422,1534.679
2026-04-18 20:24:04.500,1.474,28.126,4.237,32.349,1020.447,1534.63
2026-04-18 20:24:05.499,1.594,28.146,4.242,32.363,1020.441,1534.692
2026-04-18 20:24:06.500,1.718,28.082,4.241,32.332,1020.442,1534.562
2026-04-18 20:24:07.500,1.869,28.037,4.24,32.307,1020.413,1534.413
2026-04-18 20:24:08.499,1.961,28.066,4.234,32.324,1020.447,1534.483
2026-04-18 20:24:09.500,2.06,27.998,4.231,32.319,1020.487,1534.335
2026-04-18 20:24:10.500,2.134,28.032,4.225,32.3,1020.461,1534.485
2026-04-18 20:24:11.499,2.215,28.008,4.231,32.27,1020.415,1534.261
2026-04-18 20:24:12.500,2.298,27.971,4.226,32.253,1020.418,1534.299
2026-04-18 20:24:13.500,2.36,27.949,4.213,32.256,1020.429,1534.195
2026-04-18 20:24:14.499,2.439,27.97,4.212,32.247,1020.433,1534.266
2026-04-18 20:24:15.500,2.494,27.951,4.207,32.206,1020.428,1534.079
2026-04-18 20:24:16.500,2.502,27.949,4.204,32.196,1020.407,1534.215
2026-04-18 20:24:17.499,2.57,27.882,4.214,32.211,1020.443,1533.89
2026-04-18 20:24:18.500,2.604,27.896,4.215,32.16,1020.386,1533.932
2026-04-18 20:24:19.500,2.697,27.855,4.201,32.15,1020.41,1533.851
2026-04-18 20:24:20.500,2.713,27.888,4.193,32.159,1020.41,1534.005
2026-04-18 20:24:21.500,2.793,27.886,4.2,32.139,1020.37,1533.936
2026-04-18 20:24:22.500,2.855,27.855,4.189,32.132,1020.388,1533.896
2026-04-18 20:24:23.499,2.922,27.839,4.184,32.093,1020.37,1533.875
2026-04-18 20:24:24.500,3.053,27.796,4.181,32.107,1020.393,1533.731
2026-04-18 20:24:25.500,3.148,27.789,4.178,32.099,1020.377,1533.654
2026-04-18 20:24:26.500,3.197,27.807,4.174,32.078,1020.372,1533.657
2026-04-18 20:24:27.500,3.27,27.756,4.174,32.04,1020.377,1533.46
2026-04-18 20:24:28.500,3.372,27.779,4.175,32.032,1020.324,1533.644
2026-04-18 20:24:29.500,3.464,27.708,4.179,32.025,1020.364,1533.456
2026-04-18 20:24:30.500,3.518,27.734,4.173,32.002,1020.336,1533.536
2026-04-18 20:24:31.500,3.568,27.736,4.167,32.009,1020.358,1533.466
2026-04-18 20:24:32.500,3.611,27.739,4.154,31.992,1020.334,1533.429
2026-04-18 20:24:33.499,3.66,27.68,4.168,31.976,1020.373,1533.289
2026-04-18 20:24:34.500,3.701,27.693,4.152,31.974,1020.326,1533.348
2026-04-18 20:24:35.500,3.647,27.688,4.145,31.978,1020.336,1533.346
2026-04-18 20:24:36.500,3.658,27.721,4.159,31.961,1020.346,1533.347
2026-04-18 20:24:37.500,3.6,27.688,4.15,31.94,1020.287,1533.371
2026-04-18 20:24:38.499,3.517,27.746,4.148,31.944,1020.28,1533.472
2026-04-18 20:24:39.500,3.437,27.745,4.138,31.911,1020.25,1533.395
2026-04-18 20:24:40.499,3.322,27.742,4.142,31.905,1020.229,1533.361
2026-04-18 20:24:41.499,3.214,27.782,4.145,31.905,1020.221,1533.449
2026-04-18 20:24:42.499,3.052,27.81,4.15,31.893,1020.245,1533.398
2026-04-18 20:24:43.500,2.89,27.793,4.149,31.905,1020.212,1533.37
2026-04-18 20:24:44.499,2.749,27.845,4.137,31.888,1020.18,1533.435
2026-04-18 20:24:45.499,2.563,27.876,4.133,31.862,1020.15,1533.511
2026-04-18 20:24:46.500,2.367,27.883,4.144,31.862,1020.154,1533.502
2026-04-18 20:24:47.500,2.184,27.915,4.145,31.854,1020.124,1533.558
2026-04-18 20:24:48.500,2.024,27.932,4.134,31.839,1020.114,1533.518
2026-04-18 20:24:49.500,1.898,27.997,4.144,31.831,1020.103,1533.685
2026-04-18 20:24:50.500,1.724,28.018,4.14,31.857,1020.078,1533.855
2026-04-18 20:24:51.496,1.602,28.06,4.135,31.828,1020.034,1533.756
2026-04-18 20:24:52.495,1.476,28.049,4.134,31.843,1020.064,1533.855
2026-04-18 20:24:53.499,1.384,28.073,4.138,31.826,1020.032,1533.828
2026-04-18 20:24:54.500,1.256,28.115,4.136,31.811,1020.023,1533.915
2026-04-18 20:24:55.500,1.202,28.107,4.136,31.836,1020.026,1533.89
2026-04-18 20:24:56.499,1.118,28.095,4.144,31.829,1019.991,1533.785
2026-04-18 20:24:57.500,1.069,28.15,4.136,31.82,1019.972,1533.977
2026-04-18 20:24:58.500,0.999,28.14,4.126,31.802,1019.96,1534.028
2026-04-18 20:24:59.500,1.001,28.16,4.143,31.818,1020.008,1533.94
2026-04-18 20:25:00.500,0.94,28.159,4.131,31.798,1019.961,1533.892
2026-04-18 20:25:01.500,0.971,28.163,4.142,31.783,1019.978,1534.021
2026-04-18 20:25:02.500,0.945,28.172,4.146,31.81,1019.956,1533.938
2026-04-18 20:25:03.499,0.912,28.182,4.141,31.808,1019.954,1533.982
2026-04-18 20:25:04.500,0.912,28.213,4.134,31.789,1019.951,1534.145
2026-04-18 20:25:05.500,0.873,28.232,4.141,31.786,1019.92,1534.09
2026-04-18 20:25:06.499,0.858,28.22,4.15,31.768,1019.94,1534.169
2026-04-18 20:25:07.500,0.829,28.205,4.145,31.792,1019.929,1534.095
2026-04-18 20:25:08.499,0.811,28.211,4.147,31.765,1019.892,1534.022
2026-04-18 20:25:09.500,0.749,28.235,4.147,31.779,1019.938,1534.22
2026-04-18 20:25:10.500,0.743,28.231,4.154,31.782,1019.955,1534.069
2026-04-18 20:25:11.499,0.682,28.288,4.15,31.769,1019.888,1534.26
2026-04-18 20:25:12.500,0.691,28.255,4.157,31.772,1019.939,1534.236
2026-04-18 20:25:13.499,0.625,28.269,4.148,31.78,1019.903,1534.131
2026-04-18 20:25:14.496,0.621,28.269,4.16,31.766,1019.879,1534.108
2026-04-18 20:25:15.500,0.567,28.334,4.161,31.767,1019.865,1534.264
2026-04-18 20:25:16.500,0.565,28.3,4.154,31.775,1019.877,1534.224
2026-04-18 20:25:17.499,0.599,28.308,4.161,31.776,1019.876,1534.324
2026-04-18 20:25:18.500,0.62,28.345,4.161,31.74,1019.858,1534.36
2026-04-18 20:25:19.500,0.67,28.326,4.167,31.772,1019.885,1534.456
2026-04-18 20:25:20.500,0.733,28.328,4.167,31.743,1019.861,1534.314
2026-04-18 20:25:21.500,0.806,28.337,4.18,31.766,1019.881,1534.423
2026-04-18 20:25:22.500,0.869,28.327,4.173,31.731,1019.899,1534.424
2026-04-18 20:25:23.500,0.966,28.318,4.183,31.728,1019.887,1534.433
2026-04-18 20:25:24.500,1.087,28.276,4.182,31.75,1019.88,1534.21
2026-04-18 20:25:25.499,1.238,28.252,4.176,31.759,1019.948,1534.247
2026-04-18 20:25:26.499,1.406,28.241,4.177,31.757,1019.92,1534.274
2026-04-18 20:25:27.500,1.6,28.259,4.19,31.733,1019.907,1534.332
2026-04-18 20:25:28.500,1.775,28.243,4.178,31.718,1019.934,1534.273
2026-04-18 20:25:29.499,1.957,28.232,4.188,31.74,1019.941,1534.289
2026-04-18 20:25:30.500,2.134,28.189,4.197,31.735,1019.977,1534.218
2026-04-18 20:25:31.500,2.333,28.174,4.182,31.725,1019.972,1534.27
2026-04-18 20:25:32.500,2.482,28.148,4.199,31.712,1019.949,1534.057
2026-04-18 20:25:33.500,2.625,28.132,4.191,31.704,1019.97,1533.995
2026-04-18 20:25:34.500,2.775,28.106,4.188,31.691,1019.968,1534.108
