timestamp,write_speed_Bps,cpu_percent,ram_percent,jetson_temp_c,gps_hz,imu_hz,ctd_hz,adcp_hz,battery_hz,sbes_hz
2026-04-18 20:15:03.885,0.00,74.50,79.80,52.22,0.00,0.00,0.00,0.00,0.00,0.00
2026-04-18 20:15:05.049,0.00,28.40,79.80,52.38,0.00,0.00,0.00,0.00,0.00,0.00
2026-04-18 20:15:05.884,3100.05,24.20,79.80,52.28,5.99,5.99,1.20,1.20,4.79,1.20
2026-04-18 20:15:06.889,2679.81,19.80,79.80,51.94,4.97,4.97,0.99,0.99,4.97,0.99
2026-04-18 20:15:07.884,2742.69,17.90,79.80,51.88,5.03,5.03,1.01,1.01,5.03,1.01
2026-04-18 20:15:08.890,2683.12,22.30,79.90,52.25,4.97,4.97,0.99,0.99,4.97,0.99
2026-04-18 20:15:09.884,2750.31,21.90,79.90,51.91,5.03,5.03,1.01,1.01,5.03,1.01
2026-04-18 20:15:10.889,2705.12,24.50,79.90,52.00,4.98,4.98,1.00,1.00,4.98,1.00
2026-04-18 20:15:11.884,2737.18,21.80,79.90,52.09,5.02,5.02,1.00,1.00,5.02,1.00
2026-04-18 20:15:12.890,2692.32,21.90,79.90,51.84,4.97,4.97,0.99,0.99,4.97,0.99
2026-04-18 20:15:13.884,2737.39,19.60,79.90,51.91,5.03,5.03,1.01,1.01,5.03,1.01
2026-04-18 20:15:14.889,2692.59,22.10,79.90,52.09,4.97,4.97,0.99,0.99,4.97,0.99
2026-04-18 20:15:15.884,2473.82,22.90,79.60,51.75,4.02,4.02,1.01,1.01,5.03,1.01
2026-04-18 20:15:16.890,2058.12,18.50,79.60,51.78,1.99,3.98,0.99,0.99,3.98,0.99
2026-04-18 20:15:17.884,2101.29,23.00,79.60,52.09,2.01,4.02,1.01,1.01,4.02,1.01
2026-04-18 20:15:18.889,2330.53,24.80,79.70,51.81,2.99,3.98,1.00,1.00,4.98,1.00
2026-04-18 20:15:19.884,2755.01,29.90,79.80,52.34,5.03,5.03,1.01,1.01,5.03,1.01
2026-04-18 20:15:20.889,2276.17,26.90,79.80,51.94,2.98,4.97,0.99,0.99,3.98,0.99
2026-04-18 20:15:21.885,2717.76,22.20,79.80,51.75,5.02,5.02,1.00,1.00,5.02,1.00
2026-04-18 20:15:22.889,2621.35,20.60,79.80,52.06,3.98,4.98,1.00,1.00,4.98,1.00
2026-04-18 20:15:23.884,2750.90,23.30,79.80,52.12,5.02,5.02,1.00,1.00,5.02,1.00
2026-04-18 20:15:24.889,2684.05,20.80,79.80,52.06,4.97,4.97,0.99,0.99,4.97,0.99
2026-04-18 20:15:25.884,2610.22,20.50,79.80,51.78,4.02,5.03,1.01,1.01,5.03,1.01
2026-04-18 20:15:26.889,2593.49,22.80,79.80,51.84,3.98,4.98,1.00,1.00,4.98,1.00
2026-04-18 20:15:27.884,2760.97,20.80,79.80,52.03,5.02,5.02,1.00,1.00,5.02,1.00
2026-04-18 20:15:28.889,2563.25,22.70,79.80,51.91,4.98,3.98,1.00,1.00,4.98,1.00
2026-04-18 20:15:29.884,2760.39,24.90,79.80,51.97,5.03,5.03,1.01,1.01,5.03,1.01
2026-04-18 20:15:30.890,2725.72,20.10,79.80,52.06,4.97,4.97,0.99,0.99,4.97,0.99
2026-04-18 20:15:31.884,2763.05,18.90,79.80,51.81,5.03,5.03,1.01,1.01,5.03,1.01
2026-04-18 20:15:32.889,2620.29,22.30,79.80,51.84,3.98,4.97,0.99,0.99,4.97,0.99
2026-04-18 20:15:33.884,2777.94,20.80,79.80,52.16,5.03,5.03,1.01,1.01,5.03,1.01
2026-04-18 20:15:34.890,2584.74,21.40,79.80,51.94,3.98,4.97,0.99,0.99,4.97,0.99
2026-04-18 20:15:35.884,2758.62,20.90,79.80,51.97,5.03,5.03,1.01,1.01,5.03,1.01
2026-04-18 20:15:36.889,2744.86,20.30,79.80,51.81,4.98,4.98,1.00,1.00,4.98,1.00
2026-04-18 20:15:37.884,2623.80,20.70,79.80,51.84,5.03,4.02,1.01,1.01,5.03,1.01
2026-04-18 20:15:38.889,2754.93,22.80,79.80,51.75,4.97,4.97,0.99,0.99,4.97,0.99
2026-04-18 20:15:39.884,2774.31,20.60,79.80,51.94,5.03,5.03,1.01,1.01,5.03,1.01
2026-04-18 20:15:40.889,2497.73,20.30,79.80,51.94,2.99,4.98,1.00,1.00,4.98,1.00
2026-04-18 20:15:41.884,2775.74,21.70,79.80,51.66,5.02,5.02,1.00,1.00,5.02,1.00
2026-04-18 20:15:42.889,2727.85,21.80,79.80,51.75,4.97,4.97,0.99,0.99,4.97,0.99
2026-04-18 20:15:43.884,2635.09,20.00,79.80,51.78,4.02,5.03,1.01,1.01,5.03,1.01
2026-04-18 20:15:44.889,2737.76,19.70,79.80,52.03,4.97,4.97,0.99,0.99,4.97,0.99
2026-04-18 20:15:45.884,2641.52,19.50,79.80,51.75,4.02,5.03,1.01,1.01,5.03,1.01
2026-04-18 20:15:46.890,2616.38,20.30,79.80,51.94,3.98,4.97,0.99,0.99,4.97,0.99
2026-04-18 20:15:47.884,2656.52,19.80,79.80,52.00,5.03,5.03,1.01,1.01,4.02,1.01
2026-04-18 20:15:48.889,2612.70,21.80,79.80,51.69,4.97,3.98,0.99,0.99,4.97,0.99
2026-04-18 20:15:49.884,2382.91,20.20,79.80,51.94,3.02,4.02,1.01,1.01,5.03,1.01
2026-04-18 20:15:50.888,1841.56,21.10,79.80,51.94,1.00,3.98,1.00,1.00,2.99,1.00
2026-04-18 20:15:51.884,2248.47,20.40,79.80,51.78,2.01,4.02,1.00,1.00,5.02,1.00
2026-04-18 20:15:52.889,1950.62,19.20,79.80,51.78,1.00,3.98,1.00,1.00,3.98,1.00
2026-04-18 20:15:53.884,2251.01,22.80,79.80,51.91,2.01,4.02,1.00,1.00,5.02,1.00
2026-04-18 20:15:54.888,2084.16,19.60,79.80,51.66,1.99,2.99,1.00,1.00,4.98,1.00
2026-04-18 20:15:55.884,2113.95,17.80,79.80,51.78,1.00,4.02,1.00,1.00,5.02,1.00
2026-04-18 20:15:56.889,2214.93,19.70,79.80,51.88,1.99,3.98,1.00,1.00,4.98,1.00
2026-04-18 20:15:57.884,2112.56,18.90,79.80,51.66,2.01,4.02,1.01,1.01,4.02,1.01
2026-04-18 20:15:58.889,2072.63,20.00,79.80,51.78,1.99,3.98,0.99,0.99,3.98,0.99
2026-04-18 20:15:59.884,2244.19,20.80,79.90,51.88,2.01,4.02,1.01,1.01,5.03,1.01
2026-04-18 20:16:00.888,1447.12,21.00,79.90,51.94,0.00,3.98,1.00,1.00,1.00,1.00
2026-04-18 20:16:01.884,2240.64,16.90,79.80,51.78,2.01,4.02,1.00,1.00,5.02,1.00
2026-04-18 20:16:02.889,1818.92,21.10,79.80,51.91,1.00,3.98,1.00,1.00,2.99,1.00
2026-04-18 20:16:03.884,2756.00,21.60,79.90,51.97,5.02,5.02,1.00,1.00,5.02,1.00
2026-04-18 20:16:04.889,2471.52,18.00,79.80,51.81,2.99,4.98,1.00,1.00,4.98,1.00
2026-04-18 20:16:05.884,2231.79,20.10,79.80,51.75,2.01,5.02,1.00,1.00,4.02,1.00
2026-04-18 20:16:06.889,2465.15,19.50,79.80,51.97,3.98,4.98,1.00,1.00,3.98,1.00
2026-04-18 20:16:07.884,2766.00,17.70,79.80,51.66,5.03,5.03,1.01,1.01,5.03,1.01
2026-04-18 20:16:08.889,2729.30,20.60,79.80,51.78,4.97,4.97,0.99,0.99,4.97,0.99
2026-04-18 20:16:09.884,2757.18,18.70,79.80,52.00,5.02,5.02,1.00,1.00,5.02,1.00
2026-04-18 20:16:10.890,2723.41,22.80,79.80,51.88,4.97,4.97,0.99,0.99,4.97,0.99
2026-04-18 20:16:11.884,2624.65,22.10,79.80,51.84,4.03,5.03,1.01,1.01,5.03,1.01
2026-04-18 20:16:12.890,2578.83,20.60,79.80,51.94,3.98,4.97,0.99,0.99,4.97,0.99
2026-04-18 20:16:13.884,2757.35,21.20,79.80,51.75,5.03,5.03,1.01,1.01,5.03,1.01
2026-04-18 20:16:14.889,2449.10,21.00,79.80,51.75,2.98,4.97,0.99,0.99,4.97,0.99
2026-04-18 20:16:15.887,2715.96,19.60,79.80,51.94,5.01,5.01,1.00,1.00,5.01,1.00
2026-04-18 20:16:16.889,2606.42,21.90,79.80,51.72,4.99,3.99,1.00,1.00,4.99,1.00
2026-04-18 20:16:17.884,2708.10,23.60,79.80,51.84,5.02,5.02,1.00,1.00,5.02,1.00
2026-04-18 20:16:18.886,2729.87,22.90,79.80,51.94,4.99,4.99,1.00,1.00,4.99,1.00
2026-04-18 20:16:19.885,2726.41,27.30,79.90,51.88,5.00,5.00,1.00,1.00,5.00,1.00
2026-04-18 20:16:20.890,2326.11,56.70,80.80,52.03,2.98,3.98,0.99,0.99,4.97,0.99
2026-04-18 20:16:21.884,2489.22,27.80,80.80,52.31,4.02,5.03,1.01,1.01,4.02,1.01
2026-04-18 20:16:22.886,2591.62,41.60,81.10,52.66,3.99,4.99,1.00,1.00,4.99,1.00
2026-04-18 20:16:23.884,2709.53,41.60,82.00,52.53,5.01,5.01,1.00,1.00,5.01,1.00
2026-04-18 20:16:24.885,2601.58,39.70,83.70,52.72,5.00,5.00,1.00,1.00,4.00,1.00
2026-04-18 20:16:25.884,2565.69,47.50,85.00,52.47,5.01,5.01,1.00,1.00,4.01,1.00
2026-04-18 20:16:26.885,2606.05,38.50,86.00,52.62,4.99,3.99,1.00,1.00,4.99,1.00
2026-04-18 20:16:27.884,2571.80,48.80,85.80,52.88,5.01,5.01,1.00,1.00,4.01,1.00
2026-04-18 20:16:28.885,2704.48,35.00,85.90,52.50,4.99,4.99,1.00,1.00,4.99,1.00
2026-04-18 20:16:29.885,2603.75,29.20,86.00,52.28,4.00,5.00,1.00,1.00,5.00,1.00
2026-04-18 20:16:30.890,2584.69,39.80,86.10,52.38,4.97,4.97,0.99,0.99,3.98,0.99
2026-04-18 20:16:31.885,2765.60,30.40,86.20,52.47,5.03,5.03,1.01,1.01,5.03,1.01
2026-04-18 20:16:32.890,2600.90,30.20,86.20,52.28,3.98,4.97,0.99,0.99,4.97,0.99
2026-04-18 20:16:33.884,2382.23,29.40,86.40,52.91,4.03,5.03,1.01,1.01,3.02,1.01
2026-04-18 20:16:34.890,2697.74,37.90,86.40,52.50,4.97,4.97,0.99,0.99,4.97,0.99
2026-04-18 20:16:35.884,2494.05,72.40,87.00,52.53,4.03,5.03,1.01,1.01,4.03,1.01
2026-04-18 20:16:36.889,2467.82,64.30,87.00,52.97,3.98,4.98,1.00,1.00,3.98,1.00
2026-04-18 20:16:37.884,1970.18,89.20,87.30,53.50,2.01,4.02,1.01,1.01,3.02,1.01
2026-04-18 20:16:38.886,2335.12,80.60,87.70,53.62,2.99,4.99,1.00,1.00,3.99,1.00
2026-04-18 20:16:39.884,2704.87,77.70,88.20,53.50,5.01,5.01,1.00,1.00,5.01,1.00
2026-04-18 20:16:40.887,2462.43,76.20,88.40,53.88,3.99,3.99,1.00,1.00,4.98,1.00
2026-04-18 20:16:41.884,1958.60,80.00,88.70,53.72,2.01,5.02,1.00,1.00,2.01,1.00
2026-04-18 20:16:42.889,4171.45,41.20,88.70,52.97,7.96,9.95,1.00,1.00,10.95,1.00
2026-04-18 20:16:43.884,4456.12,38.80,88.70,52.72,8.04,10.05,1.00,1.00,10.05,1.00
2026-04-18 20:16:44.888,4604.37,37.70,88.20,52.75,9.96,9.96,1.00,1.00,9.96,1.00
2026-04-18 20:16:45.884,3887.70,40.10,87.80,52.97,6.03,10.05,1.00,1.00,8.04,1.00
2026-04-18 20:16:46.893,4622.09,47.40,87.80,52.88,9.91,9.91,0.99,0.99,9.91,0.99
2026-04-18 20:16:47.885,4147.71,50.50,87.80,52.81,8.06,10.08,1.01,1.01,8.06,1.01
2026-04-18 20:16:48.893,3620.63,43.80,87.80,52.72,5.95,7.94,0.99,0.99,7.94,0.99
2026-04-18 20:16:49.885,4666.91,46.10,87.80,52.72,10.08,10.08,1.01,1.01,10.08,1.01
2026-04-18 20:16:50.893,4615.78,48.30,87.80,52.97,9.93,9.93,0.99,0.99,9.93,0.99
2026-04-18 20:16:51.885,4411.18,45.40,87.50,52.78,10.08,8.06,1.01,1.01,10.08,1.01
2026-04-18 20:16:52.886,2343.39,71.90,86.90,53.75,4.00,4.00,1.00,1.00,4.00,1.00
2026-04-18 20:16:53.884,1181.09,89.80,87.00,53.88,1.00,1.00,1.00,1.00,1.00,1.00
2026-04-18 20:16:54.886,1165.05,87.00,87.20,53.91,1.00,1.00,1.00,1.00,1.00,1.00
2026-04-18 20:16:55.884,1567.87,82.50,87.20,54.09,2.00,2.00,1.00,1.00,2.00,1.00
2026-04-18 20:16:56.887,2091.13,85.10,87.20,54.31,1.99,3.99,1.00,1.00,3.99,1.00
2026-04-18 20:16:57.884,6541.69,76.20,87.20,54.00,14.05,16.05,1.00,1.00,14.05,1.00
2026-04-18 20:16:58.886,3611.77,55.40,87.20,53.78,5.99,7.98,1.00,1.00,7.98,1.00
2026-04-18 20:16:59.884,4181.82,61.40,87.30,53.69,8.02,10.02,1.00,1.00,8.02,1.00
2026-04-18 20:17:00.888,3911.81,56.10,87.30,53.34,7.97,7.97,1.00,1.00,7.97,1.00
2026-04-18 20:17:01.884,4407.88,57.80,87.20,53.88,10.04,8.03,1.00,1.00,10.04,1.00
2026-04-18 20:17:02.889,4683.00,54.90,87.00,53.47,9.95,9.95,1.00,1.00,9.95,1.00
2026-04-18 20:17:03.884,4733.42,49.40,87.10,53.25,10.05,10.05,1.00,1.00,10.05,1.00
2026-04-18 20:17:04.889,3911.10,49.60,87.10,53.31,3.98,9.96,1.00,1.00,9.96,1.00
2026-04-18 20:17:05.884,4463.40,49.70,87.10,53.22,10.04,8.03,1.00,1.00,10.04,1.00
2026-04-18 20:17:06.889,4708.78,48.00,87.20,53.34,9.96,9.96,1.00,1.00,9.96,1.00
2026-04-18 20:17:07.884,3412.81,58.10,88.20,54.00,4.02,10.05,1.00,1.00,6.03,1.00
2026-04-18 20:17:08.889,4422.58,60.00,88.50,53.38,9.95,7.96,1.00,1.00,9.95,1.00
2026-04-18 20:17:09.884,4468.75,57.60,88.70,53.44,10.04,8.03,1.00,1.00,10.04,1.00
2026-04-18 20:17:10.888,4386.29,36.20,88.70,53.12,7.97,9.96,1.00,1.00,9.96,1.00
2026-04-18 20:17:11.885,4198.12,44.20,88.70,53.19,6.02,10.03,1.00,1.00,10.03,1.00
2026-04-18 20:17:12.894,4629.68,50.50,88.70,53.25,9.91,9.91,0.99,0.99,9.91,0.99
2026-04-18 20:17:13.885,4426.43,48.20,88.80,53.31,8.07,10.09,1.01,1.01,10.09,1.01
2026-04-18 20:17:14.891,4667.96,54.20,88.70,53.38,9.94,9.94,0.99,0.99,9.94,0.99
2026-04-18 20:17:15.884,4420.75,56.00,88.70,53.28,10.07,10.07,1.01,1.01,8.06,1.01
2026-04-18 20:17:16.893,4408.69,54.30,88.70,53.41,9.91,9.91,0.99,0.99,7.93,0.99
2026-04-18 20:17:17.884,3700.11,58.80,88.70,53.66,6.06,8.07,1.01,1.01,8.07,1.01
2026-04-18 20:17:18.889,4124.97,61.30,88.90,53.84,7.96,9.95,0.99,0.99,7.96,0.99
2026-04-18 20:17:19.884,4165.38,44.90,89.30,53.91,8.04,10.05,1.01,1.01,8.04,1.01
2026-04-18 20:17:20.886,3602.40,67.20,90.20,54.44,7.98,5.98,1.00,1.00,7.98,1.00
2026-04-18 20:17:21.884,4402.22,74.40,90.70,54.56,10.03,8.02,1.00,1.00,10.03,1.00
2026-04-18 20:17:22.887,4170.09,67.60,90.90,54.31,7.97,9.97,1.00,1.00,7.97,1.00
2026-04-18 20:17:23.884,4416.63,73.70,90.80,54.34,8.03,10.03,1.00,1.00,10.03,1.00
2026-04-18 20:17:24.889,4035.74,76.70,91.00,54.78,7.96,8.96,1.00,1.00,7.96,1.00
2026-04-18 20:17:25.884,1957.85,85.20,91.00,54.69,2.01,4.02,1.01,1.01,3.02,1.01
2026-04-18 20:17:26.886,1928.05,90.10,91.10,54.84,2.00,3.99,1.00,1.00,2.99,1.00
2026-04-18 20:17:27.884,1959.99,84.20,87.90,54.97,2.00,3.01,1.00,1.00,4.01,1.00
2026-04-18 20:17:28.886,2218.78,43.70,88.20,54.25,2.00,3.99,1.00,1.00,4.99,1.00
2026-04-18 20:17:29.884,2227.31,38.60,88.60,54.03,2.00,4.01,1.00,1.00,5.01,1.00
2026-04-18 20:17:30.885,1821.37,36.00,88.90,53.97,1.00,3.99,1.00,1.00,3.00,1.00
2026-04-18 20:17:31.884,2119.12,45.70,89.10,54.47,2.00,4.01,1.00,1.00,4.01,1.00
2026-04-18 20:17:32.885,2094.66,58.30,89.50,54.72,1.00,3.99,1.00,1.00,4.99,1.00
2026-04-18 20:17:33.884,2728.26,46.50,90.10,54.38,5.01,5.01,1.00,1.00,5.01,1.00
2026-04-18 20:17:34.885,2621.89,53.90,90.40,54.50,4.99,4.99,1.00,1.00,3.99,1.00
2026-04-18 20:17:35.884,2423.75,56.90,91.00,54.34,4.01,5.01,1.00,1.00,4.01,1.00
2026-04-18 20:17:36.886,2583.59,60.10,91.20,54.84,3.99,4.99,1.00,1.00,4.99,1.00
2026-04-18 20:17:37.884,2474.05,79.70,91.90,55.03,5.01,5.01,1.00,1.00,3.01,1.00
2026-04-18 20:17:38.885,2512.08,74.70,92.30,55.22,4.99,3.00,1.00,1.00,4.99,1.00
2026-04-18 20:17:39.884,2700.23,76.30,92.30,55.09,5.01,5.01,1.00,1.00,5.01,1.00
2026-04-18 20:17:40.885,2172.63,74.40,92.30,55.09,3.99,3.00,1.00,1.00,3.99,1.00
2026-04-18 20:17:41.884,2383.87,86.40,92.60,55.12,4.01,5.01,1.00,1.00,3.00,1.00
2026-04-18 20:17:42.886,2459.38,73.30,92.50,55.00,3.99,3.99,1.00,1.00,4.99,1.00
2026-04-18 20:17:43.884,2490.57,72.80,92.50,55.38,4.01,5.01,1.00,1.00,4.01,1.00
2026-04-18 20:17:44.885,2464.19,77.10,92.50,55.38,3.99,4.99,1.00,1.00,3.99,1.00
2026-04-18 20:17:45.884,2588.05,71.50,92.50,55.34,5.01,5.01,1.00,1.00,4.01,1.00
2026-04-18 20:17:46.885,2705.73,71.00,92.70,54.94,4.99,4.99,1.00,1.00,4.99,1.00
2026-04-18 20:17:47.884,2756.63,46.50,91.10,54.19,5.01,5.01,1.00,1.00,5.01,1.00
2026-04-18 20:17:48.887,2741.72,22.80,91.00,54.31,4.98,4.98,1.00,1.00,4.98,1.00
2026-04-18 20:17:49.885,2760.61,23.20,91.00,54.19,5.01,5.01,1.00,1.00,5.01,1.00
2026-04-18 20:17:50.889,2579.46,30.30,91.00,53.88,3.98,4.98,1.00,1.00,4.98,1.00
2026-04-18 20:17:51.885,2352.39,24.50,91.00,53.94,3.01,4.02,1.00,1.00,5.02,1.00
2026-04-18 20:17:52.890,2732.28,25.10,91.00,53.94,4.98,4.98,1.00,1.00,4.98,1.00
2026-04-18 20:17:53.884,2752.79,28.20,91.00,53.88,5.03,5.03,1.01,1.01,5.03,1.01
2026-04-18 20:17:54.890,2186.77,28.20,91.00,53.78,1.99,4.97,0.99,0.99,3.98,0.99
2026-04-18 20:17:55.885,2614.60,24.50,91.00,53.94,4.02,5.03,1.01,1.01,5.03,1.01
2026-04-18 20:17:56.889,2310.14,28.20,91.00,54.03,1.99,4.98,1.00,1.00,4.98,1.00
2026-04-18 20:17:57.884,2598.15,27.10,91.00,53.78,4.02,5.03,1.01,1.01,5.03,1.01
2026-04-18 20:17:58.889,2699.31,28.70,91.10,54.00,4.97,4.97,0.99,0.99,4.97,0.99
2026-04-18 20:17:59.887,2084.78,29.00,91.10,53.84,4.01,3.01,1.00,1.00,3.01,1.00
2026-04-18 20:18:00.885,783.64,57.50,91.20,55.06,0.00,0.00,1.00,1.00,0.00,1.00
2026-04-18 20:18:01.885,765.60,17.70,88.30,53.81,0.00,0.00,1.00,1.00,0.00,1.00
2026-04-18 20:18:02.887,780.47,14.00,88.30,53.81,0.00,0.00,1.00,1.00,0.00,1.00
2026-04-18 20:18:03.885,763.52,15.90,88.30,53.56,0.00,0.00,1.00,1.00,0.00,1.00
2026-04-18 20:18:04.887,766.54,10.60,88.40,53.50,0.00,0.00,1.00,1.00,0.00,1.00
2026-04-18 20:18:05.885,775.52,11.20,88.40,53.72,0.00,0.00,1.00,1.00,0.00,1.00
2026-04-18 20:18:06.887,768.62,10.80,88.40,53.44,0.00,0.00,1.00,1.00,0.00,1.00
2026-04-18 20:18:07.885,767.40,13.30,88.30,53.44,0.00,0.00,1.00,1.00,0.00,1.00
2026-04-18 20:18:08.887,766.52,13.80,88.30,53.47,0.00,0.00,1.00,1.00,0.00,1.00
2026-04-18 20:18:09.885,757.47,12.00,88.30,53.31,0.00,0.00,1.00,1.00,0.00,1.00
2026-04-18 20:18:10.887,756.38,15.20,88.40,53.50,0.00,0.00,1.00,1.00,0.00,1.00
2026-04-18 20:18:11.885,763.68,11.80,88.40,53.41,0.00,0.00,1.00,1.00,0.00,1.00
2026-04-18 20:18:12.887,770.37,14.50,88.40,53.38,0.00,0.00,1.00,1.00,0.00,1.00
2026-04-18 20:18:13.885,771.53,13.20,88.40,53.53,0.00,0.00,1.00,1.00,0.00,1.00
2026-04-18 20:18:14.885,766.10,36.00,86.80,53.97,0.00,0.00,1.00,1.00,0.00,1.00
2026-04-18 20:18:15.885,761.97,11.30,86.50,53.25,0.00,0.00,1.00,1.00,0.00,1.00
2026-04-18 20:18:16.887,770.49,14.10,86.50,53.56,0.00,0.00,1.00,1.00,0.00,1.00
2026-04-18 20:18:17.884,774.27,25.10,85.70,53.94,0.00,0.00,1.00,1.00,0.00,1.00
2026-04-18 20:18:18.887,767.79,25.90,85.40,53.38,0.00,0.00,1.00,1.00,0.00,1.00
2026-04-18 20:18:19.885,775.44,13.10,85.30,53.19,0.00,0.00,1.00,1.00,0.00,1.00
2026-04-18 20:18:20.887,762.63,12.90,85.30,53.09,0.00,0.00,1.00,1.00,0.00,1.00
2026-04-18 20:18:21.884,776.47,35.20,83.90,53.84,0.00,0.00,1.00,1.00,0.00,1.00
2026-04-18 20:18:22.887,773.35,31.30,83.60,53.53,0.00,0.00,1.00,1.00,0.00,1.00
2026-04-18 20:18:23.885,775.59,14.20,83.60,53.34,0.00,0.00,1.00,1.00,0.00,1.00
2026-04-18 20:18:24.887,768.45,12.90,83.60,53.16,0.00,0.00,1.00,1.00,0.00,1.00
2026-04-18 20:18:25.885,775.51,12.20,83.60,53.16,0.00,0.00,1.00,1.00,0.00,1.00
2026-04-18 20:18:26.887,774.74,15.80,83.60,53.03,0.00,0.00,1.00,1.00,0.00,1.00
2026-04-18 20:18:27.885,785.43,17.00,83.60,53.31,0.00,0.00,1.00,1.00,0.00,1.00
2026-04-18 20:18:28.887,770.50,12.80,83.60,53.22,0.00,0.00,1.00,1.00,0.00,1.00
2026-04-18 20:18:29.885,783.36,14.80,83.60,53.03,0.00,0.00,1.00,1.00,0.00,1.00
2026-04-18 20:18:30.887,782.62,13.00,83.60,52.94,0.00,0.00,1.00,1.00,0.00,1.00
2026-04-18 20:18:31.885,775.48,12.50,83.60,53.00,0.00,0.00,1.00,1.00,0.00,1.00
2026-04-18 20:18:32.887,774.52,14.70,83.60,53.16,0.00,0.00,1.00,1.00,0.00,1.00
2026-04-18 20:18:33.884,782.50,16.60,83.70,53.31,0.00,0.00,1.00,1.00,0.00,1.00
2026-04-18 20:18:34.887,777.48,12.70,83.60,53.06,0.00,0.00,1.00,1.00,0.00,1.00
2026-04-18 20:18:35.885,789.59,13.90,83.60,52.88,0.00,0.00,1.00,1.00,0.00,1.00
2026-04-18 20:18:36.887,792.59,13.50,83.60,52.88,0.00,0.00,1.00,1.00,0.00,1.00
2026-04-18 20:18:37.885,785.57,12.80,83.60,52.94,0.00,0.00,1.00,1.00,0.00,1.00
2026-04-18 20:18:38.887,788.41,14.60,83.60,53.06,0.00,0.00,1.00,1.00,0.00,1.00
2026-04-18 20:18:39.885,793.31,13.10,83.60,52.88,0.00,0.00,1.00,1.00,0.00,1.00
2026-04-18 20:18:40.887,790.74,11.20,83.60,52.91,0.00,0.00,1.00,1.00,0.00,1.00
2026-04-18 20:18:41.885,795.44,14.30,83.60,53.03,0.00,0.00,1.00,1.00,0.00,1.00
2026-04-18 20:18:42.887,790.35,12.60,83.60,52.72,0.00,0.00,1.00,1.00,0.00,1.00
2026-04-18 20:18:43.885,795.43,14.70,83.60,52.97,0.00,0.00,1.00,1.00,0.00,1.00
2026-04-18 20:18:44.887,790.59,13.90,83.60,52.91,0.00,0.00,1.00,1.00,0.00,1.00
2026-04-18 20:18:45.885,797.63,13.30,83.60,52.72,0.00,0.00,1.00,1.00,0.00,1.00
2026-04-18 20:18:46.887,798.67,13.60,83.60,52.62,0.00,0.00,1.00,1.00,0.00,1.00
2026-04-18 20:18:47.885,787.40,13.10,83.60,52.91,0.00,0.00,1.00,1.00,0.00,1.00
2026-04-18 20:18:48.887,798.46,12.10,83.60,52.78,0.00,0.00,1.00,1.00,0.00,1.00
2026-04-18 20:18:49.886,790.80,12.60,83.60,52.66,0.00,0.00,1.00,1.00,0.00,1.00
2026-04-18 20:18:50.887,778.93,15.90,83.60,52.84,0.00,0.00,1.00,1.00,0.00,1.00
2026-04-18 20:18:51.885,791.59,18.50,83.60,53.09,0.00,0.00,1.00,1.00,0.00,1.00
2026-04-18 20:18:52.887,782.17,12.90,83.60,52.97,0.00,0.00,1.00,1.00,0.00,1.00
2026-04-18 20:18:53.885,791.98,16.00,83.60,52.84,0.00,0.00,1.00,1.00,0.00,1.00
2026-04-18 20:18:54.887,782.49,12.90,83.60,52.97,0.00,0.00,1.00,1.00,0.00,1.00
2026-04-18 20:18:55.885,787.47,13.10,83.60,52.62,0.00,0.00,1.00,1.00,0.00,1.00
2026-04-18 20:18:56.887,780.66,12.90,83.60,52.53,0.00,0.00,1.00,1.00,0.00,1.00
2026-04-18 20:18:57.885,789.40,12.30,83.60,52.84,0.00,0.00,1.00,1.00,0.00,1.00
2026-04-18 20:18:58.887,790.42,13.50,83.60,52.78,0.00,0.00,1.00,1.00,0.00,1.00
2026-04-18 20:18:59.885,781.42,15.20,83.60,52.66,0.00,0.00,1.00,1.00,0.00,1.00
2026-04-18 20:19:00.887,780.67,17.40,83.60,52.75,0.00,0.00,1.00,1.00,0.00,1.00
2026-04-18 20:19:01.885,775.36,14.10,83.60,52.53,0.00,0.00,1.00,1.00,0.00,1.00
2026-04-18 20:19:02.887,778.59,12.80,83.60,52.81,0.00,0.00,1.00,1.00,0.00,1.00
2026-04-18 20:19:03.885,781.43,12.20,83.60,52.81,0.00,0.00,1.00,1.00,0.00,1.00
2026-04-18 20:19:04.887,772.58,12.90,83.60,52.66,0.00,0.00,1.00,1.00,0.00,1.00
2026-04-18 20:19:05.885,769.44,12.90,83.60,52.56,0.00,0.00,1.00,1.00,0.00,1.00
2026-04-18 20:19:06.887,772.60,12.10,83.60,52.47,0.00,0.00,1.00,1.00,0.00,1.00
2026-04-18 20:19:07.885,771.38,13.00,83.60,52.59,0.00,0.00,1.00,1.00,0.00,1.00
2026-04-18 20:19:08.887,774.58,13.40,83.70,52.78,0.00,0.00,1.00,1.00,0.00,1.00
2026-04-18 20:19:09.885,767.39,12.60,83.70,52.69,0.00,0.00,1.00,1.00,0.00,1.00
2026-04-18 20:19:10.887,760.59,11.50,83.70,52.56,0.00,0.00,1.00,1.00,0.00,1.00
2026-04-18 20:19:11.885,765.44,15.20,83.70,52.47,0.00,0.00,1.00,1.00,0.00,1.00
2026-04-18 20:19:12.887,752.60,13.40,83.70,52.41,0.00,0.00,1.00,1.00,0.00,1.00
2026-04-18 20:19:13.885,765.46,11.70,83.70,52.41,0.00,0.00,1.00,1.00,0.00,1.00
2026-04-18 20:19:14.887,764.61,11.80,83.70,52.56,0.00,0.00,1.00,1.00,0.00,1.00
2026-04-18 20:19:15.885,769.34,11.60,83.70,52.47,0.00,0.00,1.00,1.00,0.00,1.00
2026-04-18 20:19:16.887,768.57,13.00,83.70,52.34,0.00,0.00,1.00,1.00,0.00,1.00
2026-04-18 20:19:17.885,769.50,13.10,83.70,52.41,0.00,0.00,1.00,1.00,0.00,1.00
2026-04-18 20:19:18.887,766.48,12.50,83.70,52.34,0.00,0.00,1.00,1.00,0.00,1.00
2026-04-18 20:19:19.885,771.43,10.90,83.70,52.56,0.00,0.00,1.00,1.00,0.00,1.00
2026-04-18 20:19:20.887,774.68,12.00,83.70,52.53,0.00,0.00,1.00,1.00,0.00,1.00
2026-04-18 20:19:21.885,775.46,12.20,83.70,52.41,0.00,0.00,1.00,1.00,0.00,1.00
2026-04-18 20:19:22.887,770.56,10.80,83.70,52.34,0.00,0.00,1.00,1.00,0.00,1.00
2026-04-18 20:19:23.885,769.34,15.10,83.70,52.31,0.00,0.00,1.00,1.00,0.00,1.00
2026-04-18 20:19:24.887,770.70,12.10,83.70,52.31,0.00,0.00,1.00,1.00,0.00,1.00
2026-04-18 20:19:25.885,777.41,11.10,83.70,52.47,0.00,0.00,1.00,1.00,0.00,1.00
2026-04-18 20:19:26.887,776.55,11.60,83.70,52.34,0.00,0.00,1.00,1.00,0.00,1.00
2026-04-18 20:19:27.885,779.52,11.30,83.70,52.22,0.00,0.00,1.00,1.00,0.00,1.00
2026-04-18 20:19:28.887,778.51,11.40,83.70,52.31,0.00,0.00,1.00,1.00,0.00,1.00
2026-04-18 20:19:29.885,781.30,12.90,83.70,52.41,0.00,0.00,1.00,1.00,0.00,1.00
2026-04-18 20:19:30.887,774.65,12.00,83.70,52.53,0.00,0.00,1.00,1.00,0.00,1.00
2026-04-18 20:19:31.885,787.46,10.50,83.70,52.34,0.00,0.00,1.00,1.00,0.00,1.00
2026-04-18 20:19:32.887,786.64,11.60,83.70,52.38,0.00,0.00,1.00,1.00,0.00,1.00
2026-04-18 20:19:33.885,777.35,12.20,83.70,52.47,0.00,0.00,1.00,1.00,0.00,1.00
2026-04-18 20:19:34.887,784.49,13.00,83.70,52.31,0.00,0.00,1.00,1.00,0.00,1.00
2026-04-18 20:19:35.885,783.56,13.10,83.70,52.25,0.00,0.00,1.00,1.00,0.00,1.00
2026-04-18 20:19:36.887,782.50,12.00,83.70,52.50,0.00,0.00,1.00,1.00,0.00,1.00
2026-04-18 20:19:37.885,789.43,12.10,83.70,52.06,0.00,0.00,1.00,1.00,0.00,1.00
2026-04-18 20:19:38.887,792.58,12.80,83.70,52.22,0.00,0.00,1.00,1.00,0.00,1.00
2026-04-18 20:19:39.885,793.39,12.40,83.70,52.38,0.00,0.00,1.00,1.00,0.00,1.00
2026-04-18 20:19:40.887,790.71,11.40,83.70,52.22,0.00,0.00,1.00,1.00,0.00,1.00
2026-04-18 20:19:41.885,789.27,11.60,83.70,52.03,0.00,0.00,1.00,1.00,0.00,1.00
2026-04-18 20:19:42.887,790.63,13.50,83.70,52.16,0.00,0.00,1.00,1.00,0.00,1.00
2026-04-18 20:19:43.885,795.46,11.80,83.70,52.06,0.00,0.00,1.00,1.00,0.00,1.00
2026-04-18 20:19:44.887,794.55,11.70,83.70,52.06,0.00,0.00,1.00,1.00,0.00,1.00
2026-04-18 20:19:45.885,785.46,10.50,83.70,52.19,0.00,0.00,1.00,1.00,0.00,1.00
2026-04-18 20:19:46.887,788.43,11.60,83.70,52.16,0.00,0.00,1.00,1.00,0.00,1.00
2026-04-18 20:19:47.885,801.50,13.70,83.70,52.00,0.00,0.00,1.00,1.00,0.00,1.00
2026-04-18 20:19:48.884,794.75,13.20,83.70,52.22,0.00,0.00,1.00,1.00,0.00,1.00
2026-04-18 20:19:49.884,797.98,12.60,83.70,52.31,0.00,0.00,1.00,1.00,0.00,1.00
2026-04-18 20:19:50.887,795.67,13.40,83.70,52.25,0.00,0.00,1.00,1.00,0.00,1.00
2026-04-18 20:19:51.885,795.63,11.10,83.70,52.19,0.00,0.00,1.00,1.00,0.00,1.00
2026-04-18 20:19:52.887,784.67,11.30,83.70,52.00,0.00,0.00,1.00,1.00,0.00,1.00
2026-04-18 20:19:53.886,796.76,15.50,83.80,52.22,0.00,0.00,1.00,1.00,0.00,1.00
2026-04-18 20:19:54.885,784.79,13.90,83.70,52.06,0.00,0.00,1.00,1.00,0.00,1.00
2026-04-18 20:19:55.885,799.80,13.40,83.70,52.31,0.00,0.00,1.00,1.00,0.00,1.00
2026-04-18 20:19:56.887,796.59,12.80,83.70,52.25,0.00,0.00,1.00,1.00,0.00,1.00
2026-04-18 20:19:57.885,793.56,13.40,83.70,52.16,0.00,0.00,1.00,1.00,0.00,1.00
2026-04-18 20:19:58.884,794.51,14.60,83.70,52.19,0.00,0.00,1.00,1.00,0.00,1.00
2026-04-18 20:19:59.885,795.40,13.20,83.70,52.09,0.00,0.00,1.00,1.00,0.00,1.00
2026-04-18 20:20:00.887,784.57,12.10,83.70,52.34,0.00,0.00,1.00,1.00,0.00,1.00
2026-04-18 20:20:01.885,797.34,11.70,83.70,52.22,0.00,0.00,1.00,1.00,0.00,1.00
2026-04-18 20:20:02.887,786.57,11.60,83.70,52.09,0.00,0.00,1.00,1.00,0.00,1.00
2026-04-18 20:20:03.884,784.23,16.00,83.70,52.03,0.00,0.00,1.00,1.00,0.00,1.00
2026-04-18 20:20:04.885,781.25,11.80,83.70,52.09,0.00,0.00,1.00,1.00,0.00,1.00
2026-04-18 20:20:05.885,787.97,12.90,83.70,51.94,0.00,0.00,1.00,1.00,0.00,1.00
2026-04-18 20:20:06.887,782.56,12.20,83.70,52.22,0.00,0.00,1.00,1.00,0.00,1.00
2026-04-18 20:20:07.885,783.55,10.80,83.70,52.06,0.00,0.00,1.00,1.00,0.00,1.00
2026-04-18 20:20:08.886,775.42,14.80,83.70,52.06,0.00,0.00,1.00,1.00,0.00,1.00
2026-04-18 20:20:09.884,775.24,12.10,83.70,52.34,0.00,0.00,1.00,1.00,0.00,1.00
2026-04-18 20:20:10.887,775.92,13.10,83.70,51.91,0.00,0.00,1.00,1.00,0.00,1.00
2026-04-18 20:20:11.885,777.48,14.60,83.70,52.22,0.00,0.00,1.00,1.00,0.00,1.00
2026-04-18 20:20:12.887,764.44,13.30,83.70,52.12,0.00,0.00,1.00,1.00,0.00,1.00
2026-04-18 20:20:13.885,767.34,13.20,83.70,52.00,0.00,0.00,1.00,1.00,0.00,1.00
2026-04-18 20:20:14.887,758.88,13.60,83.70,51.91,0.00,0.00,1.00,1.00,0.00,1.00
2026-04-18 20:20:15.885,759.28,11.90,83.70,51.97,0.00,0.00,1.00,1.00,0.00,1.00
2026-04-18 20:20:16.887,748.57,11.70,83.70,51.84,0.00,0.00,1.00,1.00,0.00,1.00
2026-04-18 20:20:17.885,753.32,14.60,83.70,52.06,0.00,0.00,1.00,1.00,0.00,1.00
2026-04-18 20:20:18.887,752.58,12.30,83.70,52.06,0.00,0.00,1.00,1.00,0.00,1.00
2026-04-18 20:20:19.885,755.51,10.60,83.70,51.88,0.00,0.00,1.00,1.00,0.00,1.00
2026-04-18 20:20:20.887,754.63,14.50,83.70,51.91,0.00,0.00,1.00,1.00,0.00,1.00
2026-04-18 20:20:21.885,757.26,12.10,83.70,51.97,0.00,0.00,1.00,1.00,0.00,1.00
2026-04-18 20:20:22.887,766.74,12.80,83.70,52.19,0.00,0.00,1.00,1.00,0.00,1.00
2026-04-18 20:20:23.885,763.22,13.20,83.70,51.97,0.00,0.00,1.00,1.00,0.00,1.00
2026-04-18 20:20:24.887,768.88,12.00,83.70,51.94,0.00,0.00,1.00,1.00,0.00,1.00
2026-04-18 20:20:25.885,757.40,13.00,83.70,51.81,0.00,0.00,1.00,1.00,0.00,1.00
2026-04-18 20:20:26.887,760.39,13.00,83.70,51.81,0.00,0.00,1.00,1.00,0.00,1.00
2026-04-18 20:20:27.885,755.39,13.10,83.70,51.94,0.00,0.00,1.00,1.00,0.00,1.00
2026-04-18 20:20:28.887,764.49,13.20,83.70,51.97,0.00,0.00,1.00,1.00,0.00,1.00
2026-04-18 20:20:29.885,765.51,12.90,83.70,51.91,0.00,0.00,1.00,1.00,0.00,1.00
2026-04-18 20:20:30.887,760.49,14.40,83.80,51.94,0.00,0.00,1.00,1.00,0.00,1.00
2026-04-18 20:20:31.885,767.44,11.60,83.80,52.03,0.00,0.00,1.00,1.00,0.00,1.00
2026-04-18 20:20:32.887,762.69,13.50,83.80,51.88,0.00,0.00,1.00,1.00,0.00,1.00
2026-04-18 20:20:33.885,765.34,12.80,83.80,51.94,0.00,0.00,1.00,1.00,0.00,1.00
2026-04-18 20:20:34.887,768.55,11.10,83.80,52.03,0.00,0.00,1.00,1.00,0.00,1.00
2026-04-18 20:20:35.885,767.54,12.00,83.70,51.69,0.00,0.00,1.00,1.00,0.00,1.00
2026-04-18 20:20:36.887,758.66,23.60,83.70,51.94,0.00,0.00,1.00,1.00,0.00,1.00
2026-04-18 20:20:37.885,769.59,11.00,83.70,51.97,0.00,0.00,1.00,1.00,0.00,1.00
2026-04-18 20:20:38.887,774.36,13.70,83.70,51.94,0.00,0.00,1.00,1.00,0.00,1.00
2026-04-18 20:20:39.885,767.36,13.50,83.70,51.78,0.00,0.00,1.00,1.00,0.00,1.00
2026-04-18 20:20:40.887,776.66,11.50,83.70,51.88,0.00,0.00,1.00,1.00,0.00,1.00
2026-04-18 20:20:41.885,775.32,13.50,83.70,51.81,0.00,0.00,1.00,1.00,0.00,1.00
2026-04-18 20:20:42.887,782.58,13.20,83.70,52.06,0.00,0.00,1.00,1.00,0.00,1.00
2026-04-18 20:20:43.885,775.47,10.20,83.70,51.88,0.00,0.00,1.00,1.00,0.00,1.00
2026-04-18 20:20:44.887,782.63,13.80,83.70,52.00,0.00,0.00,1.00,1.00,0.00,1.00
2026-04-18 20:20:45.885,783.40,14.50,83.70,51.78,0.00,0.00,1.00,1.00,0.00,1.00
2026-04-18 20:20:46.887,788.57,12.60,83.70,51.75,0.00,0.00,1.00,1.00,0.00,1.00
2026-04-18 20:20:47.885,785.47,12.90,83.70,52.09,0.00,0.00,1.00,1.00,0.00,1.00
2026-04-18 20:20:48.887,790.41,12.90,83.70,52.06,0.00,0.00,1.00,1.00,0.00,1.00
2026-04-18 20:20:49.885,795.51,12.10,83.70,51.84,0.00,0.00,1.00,1.00,0.00,1.00
2026-04-18 20:20:50.887,790.45,13.30,83.70,51.94,0.00,0.00,1.00,1.00,0.00,1.00
2026-04-18 20:20:51.884,802.33,14.40,83.70,52.03,0.00,0.00,1.00,1.00,0.00,1.00
2026-04-18 20:20:52.887,789.80,13.10,83.70,51.75,0.00,0.00,1.00,1.00,0.00,1.00
2026-04-18 20:20:53.885,793.35,14.40,83.70,52.06,0.00,0.00,1.00,1.00,0.00,1.00
2026-04-18 20:20:54.887,796.60,12.60,83.70,51.88,0.00,0.00,1.00,1.00,0.00,1.00
2026-04-18 20:20:55.885,805.40,12.10,83.70,51.84,0.00,0.00,1.00,1.00,0.00,1.00
2026-04-18 20:20:56.885,798.23,14.20,83.70,51.78,0.00,0.00,1.00,1.00,0.00,1.00
2026-04-18 20:20:57.885,797.84,13.80,83.70,51.69,0.00,0.00,1.00,1.00,0.00,1.00
2026-04-18 20:20:58.887,792.51,13.00,83.70,52.00,0.00,0.00,1.00,1.00,0.00,1.00
2026-04-18 20:20:59.885,797.64,13.90,83.70,51.94,0.00,0.00,1.00,1.00,0.00,1.00
2026-04-18 20:21:00.887,800.39,12.40,83.70,51.78,0.00,0.00,1.00,1.00,0.00,1.00
2026-04-18 20:21:01.884,796.21,12.10,83.70,51.72,0.00,0.00,1.00,1.00,0.00,1.00
2026-04-18 20:21:02.887,801.78,12.90,83.70,51.69,0.00,0.00,1.00,1.00,0.00,1.00
2026-04-18 20:21:03.885,789.46,15.60,83.70,51.75,0.00,0.00,1.00,1.00,0.00,1.00
2026-04-18 20:21:04.887,802.49,13.30,83.70,51.91,0.00,0.00,1.00,1.00,0.00,1.00
2026-04-18 20:21:05.885,793.58,11.90,83.70,51.78,0.00,0.00,1.00,1.00,0.00,1.00
2026-04-18 20:21:06.887,798.41,11.90,83.70,51.84,0.00,0.00,1.00,1.00,0.00,1.00
2026-04-18 20:21:07.885,797.61,10.90,83.70,51.69,0.00,0.00,1.00,1.00,0.00,1.00
2026-04-18 20:21:08.887,792.48,15.70,83.70,51.66,0.00,0.00,1.00,1.00,0.00,1.00
2026-04-18 20:21:09.885,791.47,12.90,83.60,51.88,0.00,0.00,1.00,1.00,0.00,1.00
2026-04-18 20:21:10.887,790.52,14.60,83.60,51.91,0.00,0.00,1.00,1.00,0.00,1.00
2026-04-18 20:21:11.885,789.46,12.60,83.60,51.75,0.00,0.00,1.00,1.00,0.00,1.00
2026-04-18 20:21:12.887,790.49,14.80,83.70,51.69,0.00,0.00,1.00,1.00,0.00,1.00
2026-04-18 20:21:13.885,787.43,13.30,83.70,51.72,0.00,0.00,1.00,1.00,0.00,1.00
2026-04-18 20:21:14.887,790.60,10.70,83.70,51.66,0.00,0.00,1.00,1.00,0.00,1.00
2026-04-18 20:21:15.885,789.34,10.50,83.70,52.09,0.00,0.00,1.00,1.00,0.00,1.00
2026-04-18 20:21:16.887,782.56,12.40,83.70,51.81,0.00,0.00,1.00,1.00,0.00,1.00
2026-04-18 20:21:17.885,783.41,16.90,83.70,51.59,0.00,0.00,1.00,1.00,0.00,1.00
2026-04-18 20:21:18.887,778.57,13.70,83.70,51.59,0.00,0.00,1.00,1.00,0.00,1.00
2026-04-18 20:21:19.885,787.35,12.50,83.70,51.69,0.00,0.00,1.00,1.00,0.00,1.00
2026-04-18 20:21:20.887,778.71,22.10,79.70,51.94,0.00,0.00,1.00,1.00,0.00,1.00
2026-04-18 20:21:21.885,793.64,11.40,79.70,51.75,0.00,0.00,1.00,1.00,0.00,1.00
2026-04-18 20:21:22.887,778.37,13.30,79.70,51.72,0.00,0.00,1.00,1.00,0.00,1.00
2026-04-18 20:21:23.885,781.46,12.90,79.70,51.62,0.00,0.00,1.00,1.00,0.00,1.00
2026-04-18 20:21:24.887,772.56,12.70,79.60,51.62,0.00,0.00,1.00,1.00,0.00,1.00
2026-04-18 20:21:25.885,783.57,12.40,79.60,51.62,0.00,0.00,1.00,1.00,0.00,1.00
2026-04-18 20:21:26.887,780.46,11.60,79.60,51.94,0.00,0.00,1.00,1.00,0.00,1.00
2026-04-18 20:21:27.885,771.45,13.20,79.60,51.62,0.00,0.00,1.00,1.00,0.00,1.00
2026-04-18 20:21:28.887,766.61,11.50,79.60,51.69,0.00,0.00,1.00,1.00,0.00,1.00
2026-04-18 20:21:29.885,767.37,14.10,79.60,51.91,0.00,0.00,1.00,1.00,0.00,1.00
2026-04-18 20:21:30.887,776.72,11.80,79.60,51.59,0.00,0.00,1.00,1.00,0.00,1.00
2026-04-18 20:21:31.885,765.52,12.90,79.60,51.59,0.00,0.00,1.00,1.00,0.00,1.00
2026-04-18 20:21:32.887,764.10,14.50,79.60,51.91,0.00,0.00,1.00,1.00,0.00,1.00
2026-04-18 20:21:33.885,773.66,12.70,79.60,51.50,0.00,0.00,1.00,1.00,0.00,1.00
2026-04-18 20:21:34.887,764.60,11.20,79.60,51.53,0.00,0.00,1.00,1.00,0.00,1.00
2026-04-18 20:21:35.885,757.43,12.30,79.60,51.81,0.00,0.00,1.00,1.00,0.00,1.00
2026-04-18 20:21:36.887,764.68,12.50,79.60,51.56,0.00,0.00,1.00,1.00,0.00,1.00
2026-04-18 20:21:37.885,763.30,10.70,79.60,51.56,0.00,0.00,1.00,1.00,0.00,1.00
2026-04-18 20:21:38.887,766.63,13.00,79.60,51.66,0.00,0.00,1.00,1.00,0.00,1.00
2026-04-18 20:21:39.885,767.45,12.90,79.60,51.44,0.00,0.00,1.00,1.00,0.00,1.00
2026-04-18 20:21:40.887,762.44,11.80,79.60,51.91,0.00,0.00,1.00,1.00,0.00,1.00
2026-04-18 20:21:41.885,769.55,13.40,79.60,51.66,0.00,0.00,1.00,1.00,0.00,1.00
2026-04-18 20:21:42.887,764.44,13.20,79.60,51.81,0.00,0.00,1.00,1.00,0.00,1.00
2026-04-18 20:21:43.885,773.57,12.30,79.70,51.59,0.00,0.00,1.00,1.00,0.00,1.00
2026-04-18 20:21:44.887,772.56,13.30,79.70,51.50,0.00,0.00,1.00,1.00,0.00,1.00
2026-04-18 20:21:45.885,765.37,12.10,79.70,51.94,0.00,0.00,1.00,1.00,0.00,1.00
2026-04-18 20:21:46.887,766.62,12.50,79.70,51.72,0.00,0.00,1.00,1.00,0.00,1.00
2026-04-18 20:21:47.885,779.43,13.70,79.70,51.59,0.00,0.00,1.00,1.00,0.00,1.00
2026-04-18 20:21:48.887,768.50,14.10,79.60,51.59,0.00,0.00,1.00,1.00,0.00,1.00
2026-04-18 20:21:49.885,761.44,11.80,79.60,51.53,0.00,0.00,1.00,1.00,0.00,1.00
2026-04-18 20:21:50.887,774.62,13.90,79.60,51.53,0.00,0.00,1.00,1.00,0.00,1.00
2026-04-18 20:21:51.885,775.44,13.40,79.60,51.78,0.00,0.00,1.00,1.00,0.00,1.00
2026-04-18 20:21:52.887,768.61,12.00,79.60,51.62,0.00,0.00,1.00,1.00,0.00,1.00
2026-04-18 20:21:53.885,783.38,12.50,79.70,51.66,0.00,0.00,1.00,1.00,0.00,1.00
2026-04-18 20:21:54.887,776.58,12.60,79.70,51.50,0.00,0.00,1.00,1.00,0.00,1.00
2026-04-18 20:21:55.885,779.52,12.50,79.70,51.53,0.00,0.00,1.00,1.00,0.00,1.00
2026-04-18 20:21:56.887,778.43,14.60,79.70,51.75,0.00,0.00,1.00,1.00,0.00,1.00
2026-04-18 20:21:57.885,781.49,13.70,79.70,51.78,0.00,0.00,1.00,1.00,0.00,1.00
2026-04-18 20:21:58.887,774.43,12.60,79.70,51.66,0.00,0.00,1.00,1.00,0.00,1.00
2026-04-18 20:21:59.885,785.55,12.00,79.70,51.53,0.00,0.00,1.00,1.00,0.00,1.00
2026-04-18 20:22:00.886,782.99,12.00,79.70,51.44,0.00,0.00,1.00,1.00,0.00,1.00
2026-04-18 20:22:01.885,775.27,12.80,79.70,51.44,0.00,0.00,1.00,1.00,0.00,1.00
2026-04-18 20:22:02.887,776.59,14.00,79.70,51.84,0.00,0.00,1.00,1.00,0.00,1.00
2026-04-18 20:22:03.885,763.33,12.00,79.70,51.69,0.00,0.00,1.00,1.00,0.00,1.00
2026-04-18 20:22:04.887,770.42,13.10,79.70,51.69,0.00,0.00,1.00,1.00,0.00,1.00
2026-04-18 20:22:05.885,789.47,13.20,79.70,51.50,0.00,0.00,1.00,1.00,0.00,1.00
2026-04-18 20:22:06.887,774.65,13.50,79.70,51.53,0.00,0.00,1.00,1.00,0.00,1.00
2026-04-18 20:22:07.885,781.45,12.10,79.70,51.84,0.00,0.00,1.00,1.00,0.00,1.00
2026-04-18 20:22:08.887,774.44,14.80,79.60,51.75,0.00,0.00,1.00,1.00,0.00,1.00
2026-04-18 20:22:09.885,781.56,12.20,79.60,51.59,0.00,0.00,1.00,1.00,0.00,1.00
2026-04-18 20:22:10.887,772.48,12.50,79.60,51.59,0.00,0.00,1.00,1.00,0.00,1.00
2026-04-18 20:22:11.885,777.49,12.90,79.60,51.59,0.00,0.00,1.00,1.00,0.00,1.00
2026-04-18 20:22:12.887,772.50,13.60,79.60,51.53,0.00,0.00,1.00,1.00,0.00,1.00
2026-04-18 20:22:13.885,787.41,13.60,79.60,51.69,0.00,0.00,1.00,1.00,0.00,1.00
2026-04-18 20:22:14.887,770.75,11.70,79.70,51.59,0.00,0.00,1.00,1.00,0.00,1.00
2026-04-18 20:22:15.885,789.51,11.80,79.70,51.47,0.00,0.00,1.00,1.00,0.00,1.00
2026-04-18 20:22:16.887,790.49,12.00,79.70,51.44,0.00,0.00,1.00,1.00,0.00,1.00
2026-04-18 20:22:17.885,781.38,14.00,79.70,51.59,0.00,0.00,1.00,1.00,0.00,1.00
2026-04-18 20:22:18.887,768.76,13.00,79.70,51.81,0.00,0.00,1.00,1.00,0.00,1.00
2026-04-18 20:22:19.885,791.40,13.10,79.70,51.66,0.00,0.00,1.00,1.00,0.00,1.00
2026-04-18 20:22:20.887,778.68,14.70,79.70,51.47,0.00,0.00,1.00,1.00,0.00,1.00
2026-04-18 20:22:21.885,779.19,13.00,79.70,51.69,0.00,0.00,1.00,1.00,0.00,1.00
2026-04-18 20:22:22.887,774.64,11.00,79.70,51.56,0.00,0.00,1.00,1.00,0.00,1.00
2026-04-18 20:22:23.885,781.28,14.30,79.70,51.62,0.00,0.00,1.00,1.00,0.00,1.00
2026-04-18 20:22:24.887,780.45,12.70,79.70,51.81,0.00,0.00,1.00,1.00,0.00,1.00
2026-04-18 20:22:25.885,783.61,13.30,79.70,51.47,0.00,0.00,1.00,1.00,0.00,1.00
2026-04-18 20:22:26.887,776.56,13.20,79.70,51.44,0.00,0.00,1.00,1.00,0.00,1.00
2026-04-18 20:22:27.885,775.48,12.40,79.70,51.75,0.00,0.00,1.00,1.00,0.00,1.00
2026-04-18 20:22:28.887,780.50,12.10,79.70,51.69,0.00,0.00,1.00,1.00,0.00,1.00
2026-04-18 20:22:29.885,787.37,14.10,79.70,51.56,0.00,0.00,1.00,1.00,0.00,1.00
2026-04-18 20:22:30.887,778.42,14.20,79.70,51.62,0.00,0.00,1.00,1.00,0.00,1.00
2026-04-18 20:22:31.885,787.65,12.00,79.70,51.50,0.00,0.00,1.00,1.00,0.00,1.00
2026-04-18 20:22:32.887,786.60,12.50,79.70,51.44,0.00,0.00,1.00,1.00,0.00,1.00
2026-04-18 20:22:33.885,769.37,13.70,79.70,51.66,0.00,0.00,1.00,1.00,0.00,1.00
2026-04-18 20:22:34.887,778.61,11.70,79.70,51.50,0.00,0.00,1.00,1.00,0.00,1.00
2026-04-18 20:22:35.885,781.51,13.20,79.70,51.41,0.00,0.00,1.00,1.00,0.00,1.00
2026-04-18 20:22:36.887,784.50,12.60,79.70,51.50,0.00,0.00,1.00,1.00,0.00,1.00
2026-04-18 20:22:37.885,783.44,12.40,79.70,51.31,0.00,0.00,1.00,1.00,0.00,1.00
2026-04-18 20:22:38.887,782.38,12.70,79.70,51.78,0.00,0.00,1.00,1.00,0.00,1.00
2026-04-18 20:22:39.885,775.60,11.90,79.80,51.50,0.00,0.00,1.00,1.00,0.00,1.00
2026-04-18 20:22:40.887,784.48,10.90,79.80,51.53,0.00,0.00,1.00,1.00,0.00,1.00
2026-04-18 20:22:41.885,783.50,11.90,79.80,51.44,0.00,0.00,1.00,1.00,0.00,1.00
2026-04-18 20:22:42.887,782.52,12.50,79.80,51.38,0.00,0.00,1.00,1.00,0.00,1.00
2026-04-18 20:22:43.885,797.43,10.00,79.80,51.72,0.00,0.00,1.00,1.00,0.00,1.00
2026-04-18 20:22:44.887,776.59,12.20,79.80,51.59,0.00,0.00,1.00,1.00,0.00,1.00
2026-04-18 20:22:45.885,783.46,11.40,79.80,51.50,0.00,0.00,1.00,1.00,0.00,1.00
2026-04-18 20:22:46.887,786.78,10.00,79.80,51.44,0.00,0.00,1.00,1.00,0.00,1.00
2026-04-18 20:22:47.885,789.32,11.90,79.80,51.47,0.00,0.00,1.00,1.00,0.00,1.00
2026-04-18 20:22:48.887,784.49,12.30,79.80,51.34,0.00,0.00,1.00,1.00,0.00,1.00
2026-04-18 20:22:49.885,773.36,12.40,79.80,51.66,0.00,0.00,1.00,1.00,0.00,1.00
2026-04-18 20:22:50.887,778.64,13.80,79.80,51.53,0.00,0.00,1.00,1.00,0.00,1.00
2026-04-18 20:22:51.885,787.56,13.80,79.80,51.53,0.00,0.00,1.00,1.00,0.00,1.00
2026-04-18 20:22:52.887,770.80,11.80,79.80,51.41,0.00,0.00,1.00,1.00,0.00,1.00
2026-04-18 20:22:53.885,769.02,14.60,79.80,51.44,0.00,0.00,1.00,1.00,0.00,1.00
2026-04-18 20:22:54.887,776.59,12.10,79.80,51.59,0.00,0.00,1.00,1.00,0.00,1.00
2026-04-18 20:22:55.886,771.02,15.60,79.80,51.66,0.00,0.00,1.00,1.00,0.00,1.00
2026-04-18 20:22:56.887,773.04,14.60,79.70,51.56,0.00,0.00,1.00,1.00,0.00,1.00
2026-04-18 20:22:57.885,785.46,13.60,79.80,51.38,0.00,0.00,1.00,1.00,0.00,1.00
2026-04-18 20:22:58.887,776.43,12.90,79.80,51.44,0.00,0.00,1.00,1.00,0.00,1.00
2026-04-18 20:22:59.885,773.56,14.50,79.80,51.44,0.00,0.00,1.00,1.00,0.00,1.00
2026-04-18 20:23:00.887,780.49,12.70,79.80,51.69,0.00,0.00,1.00,1.00,0.00,1.00
2026-04-18 20:23:01.885,783.48,11.70,79.80,51.53,0.00,0.00,1.00,1.00,0.00,1.00
2026-04-18 20:23:02.887,778.61,16.20,79.80,51.59,0.00,0.00,1.00,1.00,0.00,1.00
2026-04-18 20:23:03.885,783.50,15.20,79.80,51.47,0.00,0.00,1.00,1.00,0.00,1.00
2026-04-18 20:23:04.887,780.43,13.80,79.80,51.34,0.00,0.00,1.00,1.00,0.00,1.00
2026-04-18 20:23:05.885,781.50,13.00,79.80,51.75,0.00,0.00,1.00,1.00,0.00,1.00
2026-04-18 20:23:06.887,780.60,13.00,79.80,51.59,0.00,0.00,1.00,1.00,0.00,1.00
2026-04-18 20:23:07.885,777.47,11.80,79.80,51.34,0.00,0.00,1.00,1.00,0.00,1.00
2026-04-18 20:23:08.887,778.41,13.60,79.80,51.44,0.00,0.00,1.00,1.00,0.00,1.00
2026-04-18 20:23:09.885,773.47,13.30,79.80,51.56,0.00,0.00,1.00,1.00,0.00,1.00
2026-04-18 20:23:10.887,766.58,13.90,79.80,51.38,0.00,0.00,1.00,1.00,0.00,1.00
2026-04-18 20:23:11.885,777.46,15.00,79.80,51.56,0.00,0.00,1.00,1.00,0.00,1.00
2026-04-18 20:23:12.887,778.48,13.60,79.80,51.59,0.00,0.00,1.00,1.00,0.00,1.00
2026-04-18 20:23:13.885,779.43,18.40,79.80,51.50,0.00,0.00,1.00,1.00,0.00,1.00
2026-04-18 20:23:14.887,770.38,21.80,79.10,51.44,0.00,0.00,1.00,1.00,0.00,1.00
2026-04-18 20:23:15.885,772.10,10.80,79.10,51.53,0.00,0.00,1.00,1.00,0.00,1.00
2026-04-18 20:23:16.887,778.33,12.90,79.00,51.69,0.00,0.00,1.00,1.00,0.00,1.00
2026-04-18 20:23:17.885,775.73,12.40,79.00,51.41,0.00,0.00,1.00,1.00,0.00,1.00
2026-04-18 20:23:18.886,772.73,10.60,79.00,51.44,0.00,0.00,1.00,1.00,0.00,1.00
2026-04-18 20:23:19.885,767.19,10.80,79.00,51.66,0.00,0.00,1.00,1.00,0.00,1.00
2026-04-18 20:23:20.887,764.49,12.00,79.10,51.56,0.00,0.00,1.00,1.00,0.00,1.00
2026-04-18 20:23:21.884,776.12,13.30,79.10,51.50,0.00,0.00,1.00,1.00,0.00,1.00
2026-04-18 20:23:22.886,771.95,9.90,79.10,51.44,0.00,0.00,1.00,1.00,0.00,1.00
2026-04-18 20:23:23.885,757.26,14.20,79.10,51.34,0.00,0.00,1.00,1.00,0.00,1.00
2026-04-18 20:23:24.887,760.55,12.10,79.10,51.38,0.00,0.00,1.00,1.00,0.00,1.00
2026-04-18 20:23:25.885,765.31,11.10,79.10,51.62,0.00,0.00,1.00,1.00,0.00,1.00
2026-04-18 20:23:26.888,761.81,13.90,79.10,51.44,0.00,0.00,1.00,1.00,0.00,1.00
2026-04-18 20:23:27.885,764.47,12.40,79.10,51.38,0.00,0.00,1.00,1.00,0.00,1.00
2026-04-18 20:23:28.886,765.05,10.60,79.10,51.31,0.00,0.00,1.00,1.00,0.00,1.00
2026-04-18 20:23:29.885,770.84,11.10,79.10,51.31,0.00,0.00,1.00,1.00,0.00,1.00
2026-04-18 20:23:30.887,766.61,13.20,79.10,51.44,0.00,0.00,1.00,1.00,0.00,1.00
2026-04-18 20:23:31.885,757.42,9.70,79.10,51.59,0.00,0.00,1.00,1.00,0.00,1.00
2026-04-18 20:23:32.886,768.84,11.50,79.10,51.41,0.00,0.00,1.00,1.00,0.00,1.00
2026-04-18 20:23:33.885,769.06,10.50,79.10,51.38,0.00,0.00,1.00,1.00,0.00,1.00
2026-04-18 20:23:34.886,766.93,9.60,79.10,51.31,0.00,0.00,1.00,1.00,0.00,1.00
2026-04-18 20:23:35.885,768.92,16.50,79.10,51.22,0.00,0.00,1.00,1.00,0.00,1.00
2026-04-18 20:23:36.887,772.69,12.30,79.10,51.59,0.00,0.00,1.00,1.00,0.00,1.00
2026-04-18 20:23:37.884,778.03,9.70,79.10,51.47,0.00,0.00,1.00,1.00,0.00,1.00
2026-04-18 20:23:38.887,772.19,11.90,79.10,51.34,0.00,0.00,1.00,1.00,0.00,1.00
2026-04-18 20:23:39.885,779.43,10.90,79.10,51.31,0.00,0.00,1.00,1.00,0.00,1.00
2026-04-18 20:23:40.885,781.42,9.70,79.10,51.25,0.00,0.00,1.00,1.00,0.00,1.00
2026-04-18 20:23:41.885,776.52,11.20,79.10,51.53,0.00,0.00,1.00,1.00,0.00,1.00
2026-04-18 20:23:42.887,776.54,13.60,79.10,51.53,0.00,0.00,1.00,1.00,0.00,1.00
2026-04-18 20:23:43.884,777.71,10.60,79.10,51.44,0.00,0.00,1.00,1.00,0.00,1.00
2026-04-18 20:23:44.887,780.28,12.00,79.10,51.34,0.00,0.00,1.00,1.00,0.00,1.00
2026-04-18 20:23:45.884,781.99,11.70,79.10,51.44,0.00,0.00,1.00,1.00,0.00,1.00
2026-04-18 20:23:46.887,776.02,10.40,79.10,51.31,0.00,0.00,1.00,1.00,0.00,1.00
2026-04-18 20:23:47.885,785.43,16.90,79.10,51.66,0.00,0.00,1.00,1.00,0.00,1.00
2026-04-18 20:23:48.886,780.85,10.90,79.10,51.44,0.00,0.00,1.00,1.00,0.00,1.00
2026-04-18 20:23:49.885,782.98,14.30,79.10,51.53,0.00,0.00,1.00,1.00,0.00,1.00
2026-04-18 20:23:50.886,778.89,13.60,79.20,51.44,0.00,0.00,1.00,1.00,0.00,1.00
2026-04-18 20:23:51.885,789.16,10.80,79.20,51.31,0.00,0.00,1.00,1.00,0.00,1.00
2026-04-18 20:23:52.887,790.62,9.70,79.20,51.59,0.00,0.00,1.00,1.00,0.00,1.00
2026-04-18 20:23:53.885,797.37,11.30,79.20,51.50,0.00,0.00,1.00,1.00,0.00,1.00
2026-04-18 20:23:54.887,784.68,10.60,79.20,51.31,0.00,0.00,1.00,1.00,0.00,1.00
2026-04-18 20:23:55.885,795.34,11.00,79.20,51.41,0.00,0.00,1.00,1.00,0.00,1.00
2026-04-18 20:23:56.887,796.63,11.90,79.20,51.28,0.00,0.00,1.00,1.00,0.00,1.00
2026-04-18 20:23:57.885,801.43,11.80,79.20,51.34,0.00,0.00,1.00,1.00,0.00,1.00
2026-04-18 20:23:58.887,790.71,10.30,79.20,51.53,0.00,0.00,1.00,1.00,0.00,1.00
2026-04-18 20:23:59.885,793.27,12.80,79.20,51.34,0.00,0.00,1.00,1.00,0.00,1.00
2026-04-18 20:24:00.887,790.57,13.70,79.20,51.31,0.00,0.00,1.00,1.00,0.00,1.00
2026-04-18 20:24:01.885,801.48,10.40,79.30,51.53,0.00,0.00,1.00,1.00,0.00,1.00
2026-04-18 20:24:02.887,790.49,12.70,79.30,51.41,0.00,0.00,1.00,1.00,0.00,1.00
2026-04-18 20:24:03.885,795.41,10.90,79.30,51.62,0.00,0.00,1.00,1.00,0.00,1.00
2026-04-18 20:24:04.887,792.72,10.40,79.30,51.44,0.00,0.00,1.00,1.00,0.00,1.00
2026-04-18 20:24:05.885,797.37,11.60,79.30,51.38,0.00,0.00,1.00,1.00,0.00,1.00
2026-04-18 20:24:06.887,786.62,12.10,79.30,51.25,0.00,0.00,1.00,1.00,0.00,1.00
2026-04-18 20:24:07.885,791.09,13.40,79.30,51.44,0.00,0.00,1.00,1.00,0.00,1.00
2026-04-18 20:24:08.886,785.10,11.10,79.30,51.22,0.00,0.00,1.00,1.00,0.00,1.00
2026-04-18 20:24:09.885,787.18,10.60,79.30,51.41,0.00,0.00,1.00,1.00,0.00,1.00
2026-04-18 20:24:10.887,774.75,11.20,79.30,51.41,0.00,0.00,1.00,1.00,0.00,1.00
2026-04-18 20:24:11.885,781.13,12.50,79.20,51.31,0.00,0.00,1.00,1.00,0.00,1.00
2026-04-18 20:24:12.887,776.72,12.90,79.20,51.31,0.00,0.00,1.00,1.00,0.00,1.00
2026-04-18 20:24:13.885,783.80,12.00,79.20,51.34,0.00,0.00,1.00,1.00,0.00,1.00
2026-04-18 20:24:14.887,770.18,13.30,79.20,51.50,0.00,0.00,1.00,1.00,0.00,1.00
2026-04-18 20:24:15.885,777.69,10.20,79.20,51.28,0.00,0.00,1.00,1.00,0.00,1.00
2026-04-18 20:24:16.887,774.35,11.20,79.20,51.38,0.00,0.00,1.00,1.00,0.00,1.00
2026-04-18 20:24:17.885,777.50,13.90,79.20,51.47,0.00,0.00,1.00,1.00,0.00,1.00
2026-04-18 20:24:18.886,770.81,12.00,79.20,51.31,0.00,0.00,1.00,1.00,0.00,1.00
2026-04-18 20:24:19.885,769.45,10.60,79.20,51.34,0.00,0.00,1.00,1.00,0.00,1.00
2026-04-18 20:24:20.887,780.46,13.30,79.20,51.44,0.00,0.00,1.00,1.00,0.00,1.00
2026-04-18 20:24:21.885,767.19,12.90,79.30,51.19,0.00,0.00,1.00,1.00,0.00,1.00
2026-04-18 20:24:22.887,768.80,12.20,79.30,51.28,0.00,0.00,1.00,1.00,0.00,1.00
2026-04-18 20:24:23.885,761.38,14.20,79.30,51.47,0.00,0.00,1.00,1.00,0.00,1.00
2026-04-18 20:24:24.887,768.37,12.60,79.30,51.47,0.00,0.00,1.00,1.00,0.00,1.00
2026-04-18 20:24:25.885,761.58,11.90,79.30,51.34,0.00,0.00,1.00,1.00,0.00,1.00
2026-04-18 20:24:26.887,768.59,16.00,79.30,51.25,0.00,0.00,1.00,1.00,0.00,1.00
2026-04-18 20:24:27.885,763.23,11.90,79.30,51.16,0.00,0.00,1.00,1.00,0.00,1.00
2026-04-18 20:24:28.887,752.50,15.50,79.30,51.53,0.00,0.00,1.00,1.00,0.00,1.00
2026-04-18 20:24:29.885,773.53,13.70,79.30,51.56,0.00,0.00,1.00,1.00,0.00,1.00
2026-04-18 20:24:30.887,766.81,12.00,79.30,51.34,0.00,0.00,1.00,1.00,0.00,1.00
2026-04-18 20:24:31.885,763.07,12.00,79.30,51.41,0.00,0.00,1.00,1.00,0.00,1.00
2026-04-18 20:24:32.887,772.81,12.60,79.30,51.25,0.00,0.00,1.00,1.00,0.00,1.00
2026-04-18 20:24:33.885,759.29,11.80,79.30,51.22,0.00,0.00,1.00,1.00,0.00,1.00
2026-04-18 20:24:34.887,772.59,13.40,79.30,51.53,0.00,0.00,1.00,1.00,0.00,1.00
2026-04-18 20:24:35.885,779.45,13.10,79.30,51.38,0.00,0.00,1.00,1.00,0.00,1.00
2026-04-18 20:24:36.887,774.72,10.00,79.30,51.28,0.00,0.00,1.00,1.00,0.00,1.00
2026-04-18 20:24:37.885,767.32,11.10,79.30,51.31,0.00,0.00,1.00,1.00,0.00,1.00
2026-04-18 20:24:38.887,758.53,14.00,79.30,51.06,0.00,0.00,1.00,1.00,0.00,1.00
2026-04-18 20:24:39.884,773.98,10.90,79.30,51.50,0.00,0.00,1.00,1.00,0.00,1.00
2026-04-18 20:24:40.886,774.30,10.00,79.30,51.41,0.00,0.00,1.00,1.00,0.00,1.00
2026-04-18 20:24:41.884,781.57,11.20,79.30,51.34,0.00,0.00,1.00,1.00,0.00,1.00
2026-04-18 20:24:42.887,780.30,12.00,79.30,51.19,0.00,0.00,1.00,1.00,0.00,1.00
2026-04-18 20:24:43.885,779.62,10.60,79.30,51.31,0.00,0.00,1.00,1.00,0.00,1.00
2026-04-18 20:24:44.887,764.28,12.10,79.30,51.12,0.00,0.00,1.00,1.00,0.00,1.00
2026-04-18 20:24:45.884,776.03,15.90,79.40,51.59,0.00,0.00,1.00,1.00,0.00,1.00
2026-04-18 20:24:46.885,785.48,16.60,79.40,51.28,0.00,0.00,1.00,1.00,0.00,1.00
2026-04-18 20:24:47.885,783.85,25.40,79.40,51.34,0.00,0.00,1.00,1.00,0.00,1.00
2026-04-18 20:24:48.888,789.57,16.50,79.50,51.44,0.00,0.00,1.00,1.00,0.00,1.00
2026-04-18 20:24:49.885,782.61,14.90,79.50,51.22,0.00,0.00,1.00,1.00,0.00,1.00
2026-04-18 20:24:50.887,786.05,17.20,79.50,51.56,0.00,0.00,1.00,1.00,0.00,1.00
2026-04-18 20:24:51.885,787.74,33.40,79.90,51.44,0.00,0.00,1.00,1.00,0.00,1.00
2026-04-18 20:24:52.887,796.10,20.70,80.00,51.50,0.00,0.00,1.00,1.00,0.00,1.00
2026-04-18 20:24:53.885,796.02,14.10,80.00,51.25,0.00,0.00,1.00,1.00,0.00,1.00
2026-04-18 20:24:54.887,784.41,12.40,80.00,51.25,0.00,0.00,1.00,1.00,0.00,1.00
2026-04-18 20:24:55.885,785.41,14.60,80.10,51.41,0.00,0.00,1.00,1.00,0.00,1.00
2026-04-18 20:24:56.887,798.69,11.50,80.10,51.50,0.00,0.00,1.00,1.00,0.00,1.00
2026-04-18 20:24:57.885,791.57,12.80,80.10,51.31,0.00,0.00,1.00,1.00,0.00,1.00
2026-04-18 20:24:58.887,790.54,8.90,80.10,51.25,0.00,0.00,1.00,1.00,0.00,1.00
2026-04-18 20:24:59.885,793.30,13.50,80.20,51.69,0.00,0.00,1.00,1.00,0.00,1.00
2026-04-18 20:25:00.887,792.53,13.40,80.10,51.16,0.00,0.00,1.00,1.00,0.00,1.00
2026-04-18 20:25:01.885,801.61,12.60,80.10,51.47,0.00,0.00,1.00,1.00,0.00,1.00
2026-04-18 20:25:02.886,794.74,11.80,80.10,51.25,0.00,0.00,1.00,1.00,0.00,1.00
2026-04-18 20:25:03.885,803.19,8.80,80.10,51.28,0.00,0.00,1.00,1.00,0.00,1.00
2026-04-18 20:25:04.886,796.95,17.50,80.70,51.25,0.00,0.00,1.00,1.00,0.00,1.00
2026-04-18 20:25:05.885,790.99,13.00,80.70,51.44,0.00,0.00,1.00,1.00,0.00,1.00
2026-04-18 20:25:06.886,790.85,9.60,80.70,51.31,0.00,0.00,1.00,1.00,0.00,1.00
2026-04-18 20:25:07.885,803.48,9.30,80.70,51.25,0.00,0.00,1.00,1.00,0.00,1.00
2026-04-18 20:25:08.887,794.49,8.80,80.70,51.31,0.00,0.00,1.00,1.00,0.00,1.00
2026-04-18 20:25:09.885,797.40,11.60,80.70,51.12,0.00,0.00,1.00,1.00,0.00,1.00
2026-04-18 20:25:10.887,790.45,10.50,80.70,51.44,0.00,0.00,1.00,1.00,0.00,1.00
2026-04-18 20:25:11.885,795.55,10.00,80.70,51.31,0.00,0.00,1.00,1.00,0.00,1.00
2026-04-18 20:25:12.887,794.61,10.60,80.70,51.47,0.00,0.00,1.00,1.00,0.00,1.00
2026-04-18 20:25:13.885,787.50,8.00,80.70,51.25,0.00,0.00,1.00,1.00,0.00,1.00
2026-04-18 20:25:14.887,784.53,37.70,82.30,51.34,0.00,0.00,1.00,1.00,0.00,1.00
2026-04-18 20:25:15.885,789.47,11.50,82.30,51.50,0.00,0.00,1.00,1.00,0.00,1.00
2026-04-18 20:25:16.887,784.09,13.90,82.30,51.62,0.00,0.00,1.00,1.00,0.00,1.00
2026-04-18 20:25:17.885,783.58,18.70,82.30,51.38,0.00,0.00,1.00,1.00,0.00,1.00
2026-04-18 20:25:18.887,778.71,16.80,82.40,51.34,0.00,0.00,1.00,1.00,0.00,1.00
2026-04-18 20:25:19.884,781.79,11.20,82.40,51.16,0.00,0.00,1.00,1.00,0.00,1.00
2026-04-18 20:25:20.887,763.97,14.60,82.40,51.19,0.00,0.00,1.00,1.00,0.00,1.00
2026-04-18 20:25:21.885,773.76,12.00,82.40,51.44,0.00,0.00,1.00,1.00,0.00,1.00
2026-04-18 20:25:22.887,764.61,10.80,82.40,51.38,0.00,0.00,1.00,1.00,0.00,1.00
2026-04-18 20:25:23.885,777.35,11.60,82.40,51.28,0.00,0.00,1.00,1.00,0.00,1.00
2026-04-18 20:25:24.887,758.76,10.80,82.40,51.22,0.00,0.00,1.00,1.00,0.00,1.00
2026-04-18 20:25:25.884,769.66,10.50,82.40,51.12,0.00,0.00,1.00,1.00,0.00,1.00
2026-04-18 20:25:26.887,764.29,13.60,82.40,51.41,0.00,0.00,1.00,1.00,0.00,1.00
2026-04-18 20:25:27.885,757.48,11.50,82.40,51.44,0.00,0.00,1.00,1.00,0.00,1.00
2026-04-18 20:25:28.887,756.51,9.90,82.40,51.38,0.00,0.00,1.00,1.00,0.00,1.00
2026-04-18 20:25:29.885,761.38,11.30,82.40,51.09,0.00,0.00,1.00,1.00,0.00,1.00
2026-04-18 20:25:30.887,758.50,11.50,82.40,51.22,0.00,0.00,1.00,1.00,0.00,1.00
2026-04-18 20:25:31.885,757.52,9.20,82.40,51.12,0.00,0.00,1.00,1.00,0.00,1.00
2026-04-18 20:25:32.887,756.61,10.80,82.50,51.41,0.00,0.00,1.00,1.00,0.00,1.00
2026-04-18 20:25:33.885,761.47,10.30,82.40,51.25,0.00,0.00,1.00,1.00,0.00,1.00
2026-04-18 20:25:34.887,754.42,11.40,82.50,51.31,0.00,0.00,1.00,1.00,0.00,1.00
