timestamp,depth,water_temp,quality_flag
2026-05-02 09:57:27.826,12.745,28.044,1.0
2026-05-02 09:57:28.825,12.852,28.035,1.0
2026-05-02 09:57:29.826,12.964,28.078,1.0
2026-05-02 09:57:30.825,13.048,28.063,1.0
2026-05-02 09:57:31.827,13.142,28.088,1.0
2026-05-02 09:57:32.826,13.266,28.106,1.0
2026-05-02 09:57:33.825,13.345,28.106,1.0
2026-05-02 09:57:34.824,13.357,28.1,1.0
2026-05-02 09:57:35.825,13.47,28.101,1.0
2026-05-02 09:57:36.826,13.528,28.135,1.0
2026-05-02 09:57:37.826,13.52,28.123,1.0
2026-05-02 09:57:38.826,13.464,28.122,1.0
2026-05-02 09:57:39.827,13.507,28.149,1.0
2026-05-02 09:57:40.826,13.491,28.162,1.0
2026-05-02 09:57:41.826,13.386,28.155,1.0
2026-05-02 09:57:42.826,13.376,28.186,1.0
2026-05-02 09:57:43.825,13.344,28.184,1.0
2026-05-02 09:57:44.827,13.198,28.164,1.0
2026-05-02 09:57:45.826,13.083,28.202,1.0
2026-05-02 09:57:46.826,12.983,28.214,1.0
2026-05-02 09:57:47.826,12.925,28.211,1.0
2026-05-02 09:57:48.826,12.724,28.211,1.0
2026-05-02 09:57:49.825,12.622,28.236,1.0
2026-05-02 09:57:50.825,12.521,28.216,1.0
2026-05-02 09:57:51.825,12.39,28.238,1.0
2026-05-02 09:57:52.825,12.235,28.219,1.0
2026-05-02 09:57:53.828,12.062,28.244,1.0
2026-05-02 09:57:54.824,11.91,28.265,1.0
2026-05-02 09:57:55.825,11.804,28.258,1.0
2026-05-02 09:57:56.826,11.606,28.275,1.0
2026-05-02 09:57:57.826,11.498,28.264,1.0
2026-05-02 09:57:58.826,11.297,28.263,1.0
2026-05-02 09:57:59.826,11.222,28.255,1.0
2026-05-02 09:58:00.825,11.058,28.275,1.0
2026-05-02 09:58:01.826,10.991,28.266,1.0
2026-05-02 09:58:02.827,10.854,28.298,1.0
2026-05-02 09:58:03.826,10.797,28.283,1.0
2026-05-02 09:58:04.826,10.7,28.302,1.0
2026-05-02 09:58:05.826,10.605,28.277,1.0
2026-05-02 09:58:06.826,10.542,28.291,1.0
2026-05-02 09:58:07.826,10.548,28.291,1.0
2026-05-02 09:58:08.826,10.514,28.313,1.0
2026-05-02 09:58:09.826,10.486,28.285,1.0
2026-05-02 09:58:10.828,10.547,28.282,1.0
2026-05-02 09:58:11.826,10.574,28.286,1.0
2026-05-02 09:58:12.826,10.538,28.287,1.0
2026-05-02 09:58:13.826,10.569,28.283,1.0
2026-05-02 09:58:14.828,10.664,28.285,1.0
2026-05-02 09:58:15.826,10.742,28.301,1.0
2026-05-02 09:58:16.826,10.798,28.316,1.0
2026-05-02 09:58:17.824,10.898,28.292,1.0
2026-05-02 09:58:18.826,11.017,28.311,1.0
2026-05-02 09:58:19.827,11.196,28.302,1.0
2026-05-02 09:58:20.826,11.312,28.3,1.0
2026-05-02 09:58:21.824,11.412,28.301,1.0
2026-05-02 09:58:22.826,11.626,28.299,1.0
2026-05-02 09:58:23.825,11.713,28.282,1.0
2026-05-02 09:58:24.828,11.917,28.296,1.0
2026-05-02 09:58:25.826,12.028,28.285,1.0
2026-05-02 09:58:26.825,12.162,28.267,1.0
2026-05-02 09:58:27.824,12.372,28.296,1.0
2026-05-02 09:58:28.826,12.476,28.288,1.0
2026-05-02 09:58:29.826,12.562,28.289,1.0
2026-05-02 09:58:30.826,12.783,28.256,1.0
2026-05-02 09:58:31.826,12.907,28.255,1.0
2026-05-02 09:58:32.828,12.939,28.274,1.0
2026-05-02 09:58:33.826,13.065,28.247,1.0
2026-05-02 09:58:34.827,13.216,28.234,1.0
2026-05-02 09:58:35.827,13.326,28.251,1.0
2026-05-02 09:58:36.826,13.338,28.251,1.0
2026-05-02 09:58:37.823,13.449,28.232,1.0
2026-05-02 09:58:38.828,13.456,28.216,1.0
2026-05-02 09:58:39.825,13.489,28.219,1.0
2026-05-02 09:58:40.825,13.459,28.214,1.0
2026-05-02 09:58:41.824,13.466,28.209,1.0
2026-05-02 09:58:42.823,13.472,28.192,1.0
2026-05-02 09:58:43.825,13.411,28.187,1.0
2026-05-02 09:58:44.826,13.361,28.208,1.0
2026-05-02 09:58:45.827,13.389,28.189,1.0
2026-05-02 09:58:46.827,13.239,28.17,1.0
2026-05-02 09:58:47.823,13.164,28.178,1.0
2026-05-02 09:58:48.826,13.135,28.145,1.0
2026-05-02 09:58:49.827,12.982,28.16,1.0
2026-05-02 09:58:50.827,12.885,28.136,1.0
2026-05-02 09:58:51.827,12.704,28.123,1.0
2026-05-02 09:58:52.827,12.57,28.119,1.0
2026-05-02 09:58:53.827,12.518,28.136,1.0
2026-05-02 09:58:54.827,12.323,28.119,1.0
2026-05-02 09:58:55.823,12.155,28.114,1.0
2026-05-02 09:58:56.826,12.038,28.079,1.0
2026-05-02 09:58:57.826,11.914,28.087,1.0
2026-05-02 09:58:58.826,11.706,28.086,1.0
2026-05-02 09:58:59.827,11.638,28.086,1.0
2026-05-02 09:59:00.826,11.421,28.073,1.0
2026-05-02 09:59:01.828,11.352,28.042,1.0
2026-05-02 09:59:02.826,11.167,28.026,1.0
2026-05-02 09:59:03.827,11.076,28.029,1.0
2026-05-02 09:59:04.827,10.998,28.016,1.0
2026-05-02 09:59:05.826,10.834,28.001,1.0
2026-05-02 09:59:06.826,10.783,28.013,1.0
2026-05-02 09:59:07.826,10.73,28.009,1.0
2026-05-02 09:59:08.826,10.597,27.974,1.0
2026-05-02 09:59:09.826,10.557,27.99,1.0
2026-05-02 09:59:10.827,10.509,27.953,1.0
2026-05-02 09:59:11.826,10.491,27.979,1.0
2026-05-02 09:59:12.826,10.516,27.939,1.0
2026-05-02 09:59:13.826,10.551,27.939,1.0
2026-05-02 09:59:14.826,10.552,27.932,1.0
2026-05-02 09:59:15.826,10.592,27.906,1.0
2026-05-02 09:59:16.826,10.611,27.921,1.0
2026-05-02 09:59:17.826,10.681,27.916,1.0
2026-05-02 09:59:18.826,10.766,27.916,1.0
2026-05-02 09:59:19.827,10.84,27.894,1.0
2026-05-02 09:59:20.827,10.91,27.867,1.0
2026-05-02 09:59:21.827,11.056,27.875,1.0
2026-05-02 09:59:22.827,11.202,27.863,1.0
2026-05-02 09:59:23.827,11.365,27.87,1.0
2026-05-02 09:59:24.828,11.421,27.842,1.0
2026-05-02 09:59:25.827,11.655,27.837,1.0
2026-05-02 09:59:26.827,11.718,27.835,1.0
2026-05-02 09:59:27.826,11.87,27.828,1.0
2026-05-02 09:59:28.827,12.009,27.808,1.0
2026-05-02 09:59:29.827,12.192,27.814,1.0
2026-05-02 09:59:30.827,12.328,27.825,1.0
2026-05-02 09:59:31.827,12.473,27.805,1.0
2026-05-02 09:59:32.827,12.583,27.807,1.0
2026-05-02 09:59:33.827,12.724,27.782,1.0
2026-05-02 09:59:34.826,12.869,27.786,1.0
2026-05-02 09:59:35.826,12.97,27.764,1.0
2026-05-02 09:59:36.826,13.143,27.755,1.0
2026-05-02 09:59:37.826,13.197,27.768,1.0
2026-05-02 09:59:38.827,13.329,27.743,1.0
2026-05-02 09:59:39.826,13.342,27.753,1.0
2026-05-02 09:59:40.826,13.426,27.749,1.0
2026-05-02 09:59:41.827,13.414,27.732,1.0
2026-05-02 09:59:42.826,13.455,27.721,1.0
2026-05-02 09:59:43.826,13.482,27.737,1.0
2026-05-02 09:59:44.824,13.532,27.711,1.0
2026-05-02 09:59:45.827,13.482,27.735,1.0
2026-05-02 09:59:46.827,13.43,27.708,1.0
2026-05-02 09:59:47.829,13.396,27.733,1.0
2026-05-02 09:59:48.828,13.383,27.709,1.0
2026-05-02 09:59:49.827,13.275,27.705,1.0
2026-05-02 09:59:50.826,13.15,27.719,1.0
2026-05-02 09:59:51.827,13.127,27.689,1.0
2026-05-02 09:59:52.827,13.015,27.723,1.0
2026-05-02 09:59:53.827,12.819,27.709,1.0
2026-05-02 09:59:54.823,12.687,27.72,1.0
2026-05-02 09:59:55.826,12.596,27.706,1.0
2026-05-02 09:59:56.827,12.504,27.716,1.0
2026-05-02 09:59:57.824,12.319,27.708,1.0
2026-05-02 09:59:58.824,12.197,27.68,1.0
2026-05-02 09:59:59.824,12.061,27.691,1.0
2026-05-02 10:00:00.824,11.849,27.701,1.0
2026-05-02 10:00:01.823,11.72,27.689,1.0
2026-05-02 10:00:02.828,11.614,27.7,1.0
2026-05-02 10:00:03.828,11.394,27.692,1.0
2026-05-02 10:00:04.825,11.313,27.71,1.0
2026-05-02 10:00:05.826,11.117,27.717,1.0
2026-05-02 10:00:06.824,11.083,27.713,1.0
2026-05-02 10:00:07.824,10.911,27.716,1.0
2026-05-02 10:00:08.823,10.855,27.696,1.0
2026-05-02 10:00:09.824,10.744,27.713,1.0
2026-05-02 10:00:10.824,10.658,27.706,1.0
2026-05-02 10:00:11.825,10.594,27.721,1.0
2026-05-02 10:00:12.823,10.57,27.711,1.0
2026-05-02 10:00:13.824,10.569,27.736,1.0
2026-05-02 10:00:14.823,10.505,27.732,1.0
2026-05-02 10:00:15.824,10.513,27.721,1.0
2026-05-02 10:00:16.823,10.49,27.746,1.0
2026-05-02 10:00:17.824,10.488,27.748,1.0
2026-05-02 10:00:18.824,10.529,27.736,1.0
2026-05-02 10:00:19.824,10.59,27.764,1.0
2026-05-02 10:00:20.824,10.664,27.753,1.0
2026-05-02 10:00:21.825,10.755,27.762,1.0
2026-05-02 10:00:22.824,10.883,27.759,1.0
2026-05-02 10:00:23.824,10.988,27.756,1.0
2026-05-02 10:00:24.823,11.068,27.791,1.0
2026-05-02 10:00:25.824,11.198,27.772,1.0
2026-05-02 10:00:26.823,11.365,27.802,1.0
2026-05-02 10:00:27.823,11.527,27.809,1.0
2026-05-02 10:00:28.827,11.642,27.788,1.0
2026-05-02 10:00:29.827,11.807,27.799,1.0
2026-05-02 10:00:30.825,11.888,27.833,1.0
2026-05-02 10:00:31.824,12.048,27.844,1.0
2026-05-02 10:00:32.824,12.228,27.852,1.0
2026-05-02 10:00:33.825,12.418,27.838,1.0
2026-05-02 10:00:34.826,12.489,27.87,1.0
2026-05-02 10:00:35.826,12.666,27.875,1.0
2026-05-02 10:00:36.826,12.776,27.855,1.0
2026-05-02 10:00:37.827,12.902,27.869,1.0
2026-05-02 10:00:38.825,13.063,27.897,1.0
2026-05-02 10:00:39.825,13.121,27.874,1.0
2026-05-02 10:00:40.827,13.247,27.917,1.0
2026-05-02 10:00:41.826,13.324,27.924,1.0
2026-05-02 10:00:42.826,13.406,27.911,1.0
2026-05-02 10:00:43.826,13.379,27.909,1.0
2026-05-02 10:00:44.828,13.466,27.922,1.0
2026-05-02 10:00:45.826,13.497,27.935,1.0
2026-05-02 10:00:46.827,13.496,27.932,1.0
2026-05-02 10:00:47.825,13.474,27.975,1.0
2026-05-02 10:00:48.826,13.48,27.983,1.0
2026-05-02 10:00:49.825,13.481,27.984,1.0
2026-05-02 10:00:50.825,13.381,27.972,1.0
2026-05-02 10:00:51.826,13.29,27.983,1.0
2026-05-02 10:00:52.826,13.21,28.001,1.0
2026-05-02 10:00:53.827,13.178,28.0,1.0
2026-05-02 10:00:54.823,13.09,28.026,1.0
2026-05-02 10:00:55.826,12.939,28.043,1.0
2026-05-02 10:00:56.825,12.829,28.056,1.0
2026-05-02 10:00:57.826,12.666,28.032,1.0
2026-05-02 10:00:58.825,12.574,28.06,1.0
2026-05-02 10:00:59.825,12.471,28.074,1.0
2026-05-02 10:01:00.829,12.242,28.079,1.0
2026-05-02 10:01:01.825,12.179,28.099,1.0
2026-05-02 10:01:02.827,12.019,28.08,1.0
2026-05-02 10:01:03.825,11.791,28.114,1.0
2026-05-02 10:01:04.827,11.72,28.099,1.0
2026-05-02 10:01:05.825,11.551,28.103,1.0
2026-05-02 10:01:06.823,11.406,28.132,1.0
2026-05-02 10:01:07.823,11.263,28.131,1.0
2026-05-02 10:01:08.826,11.14,28.134,1.0
2026-05-02 10:01:09.825,11.012,28.151,1.0
2026-05-02 10:01:10.831,10.883,28.16,1.0
2026-05-02 10:01:11.824,10.816,28.161,1.0
2026-05-02 10:01:12.823,10.698,28.193,1.0
2026-05-02 10:01:13.830,10.669,28.177,1.0
2026-05-02 10:01:14.824,10.574,28.184,1.0
2026-05-02 10:01:15.830,10.522,28.197,1.0
2026-05-02 10:01:16.829,10.521,28.221,1.0
2026-05-02 10:01:17.824,10.531,28.215,1.0
2026-05-02 10:01:18.829,10.473,28.229,1.0
2026-05-02 10:01:19.825,10.5,28.235,1.0
2026-05-02 10:01:20.843,10.534,28.222,1.0
2026-05-02 10:01:21.828,10.618,28.244,1.0
2026-05-02 10:01:22.828,10.655,28.23,1.0
2026-05-02 10:01:23.836,10.689,28.238,1.0
2026-05-02 10:01:24.826,10.805,28.237,1.0
2026-05-02 10:01:25.831,10.889,28.248,1.0
2026-05-02 10:01:26.833,11.017,28.258,1.0
2026-05-02 10:01:27.827,11.104,28.243,1.0
2026-05-02 10:01:28.833,11.285,28.252,1.0
2026-05-02 10:01:29.834,11.338,28.269,1.0
2026-05-02 10:01:30.836,11.543,28.287,1.0
2026-05-02 10:01:31.833,11.628,28.259,1.0
2026-05-02 10:01:32.833,11.841,28.289,1.0
2026-05-02 10:01:33.831,11.93,28.296,1.0
2026-05-02 10:01:34.833,12.07,28.304,1.0
2026-05-02 10:01:35.835,12.218,28.293,1.0
2026-05-02 10:01:36.830,12.372,28.276,1.0
2026-05-02 10:01:37.831,12.494,28.311,1.0
2026-05-02 10:01:38.834,12.723,28.314,1.0
2026-05-02 10:01:39.831,12.842,28.308,1.0
2026-05-02 10:01:40.827,12.942,28.28,1.0
2026-05-02 10:01:41.827,13.066,28.3,1.0
2026-05-02 10:01:42.827,13.134,28.294,1.0
2026-05-02 10:01:43.832,13.271,28.294,1.0
2026-05-02 10:01:44.828,13.328,28.29,1.0
2026-05-02 10:01:45.827,13.373,28.29,1.0
2026-05-02 10:01:46.827,13.461,28.307,1.0
2026-05-02 10:01:47.824,13.447,28.284,1.0
2026-05-02 10:01:48.828,13.503,28.279,1.0
2026-05-02 10:01:49.827,13.542,28.291,1.0
2026-05-02 10:01:50.828,13.493,28.288,1.0
2026-05-02 10:01:51.828,13.452,28.283,1.0
2026-05-02 10:01:52.828,13.42,28.272,1.0
2026-05-02 10:01:53.827,13.428,28.291,1.0
2026-05-02 10:01:54.827,13.319,28.27,1.0
2026-05-02 10:01:55.827,13.193,28.277,1.0
2026-05-02 10:01:56.827,13.147,28.294,1.0
2026-05-02 10:01:57.827,13.063,28.295,1.0
2026-05-02 10:01:58.827,12.982,28.254,1.0
2026-05-02 10:01:59.827,12.828,28.25,1.0
2026-05-02 10:02:00.827,12.676,28.271,1.0
2026-05-02 10:02:01.827,12.509,28.27,1.0
2026-05-02 10:02:02.827,12.452,28.251,1.0
2026-05-02 10:02:03.827,12.271,28.24,1.0
2026-05-02 10:02:04.827,12.076,28.251,1.0
2026-05-02 10:02:05.827,11.993,28.255,1.0
2026-05-02 10:02:06.827,11.803,28.254,1.0
2026-05-02 10:02:07.827,11.678,28.236,1.0
2026-05-02 10:02:08.829,11.474,28.238,1.0
2026-05-02 10:02:09.827,11.362,28.219,1.0
2026-05-02 10:02:10.827,11.198,28.232,1.0
2026-05-02 10:02:11.827,11.09,28.215,1.0
2026-05-02 10:02:12.827,10.992,28.201,1.0
2026-05-02 10:02:13.827,10.894,28.176,1.0
2026-05-02 10:02:14.827,10.753,28.173,1.0
2026-05-02 10:02:15.827,10.721,28.164,1.0
2026-05-02 10:02:16.827,10.657,28.185,1.0
2026-05-02 10:02:17.827,10.573,28.182,1.0
2026-05-02 10:02:18.827,10.57,28.175,1.0
2026-05-02 10:02:19.827,10.496,28.152,1.0
2026-05-02 10:02:20.827,10.529,28.145,1.0
2026-05-02 10:02:21.827,10.48,28.147,1.0
2026-05-02 10:02:22.827,10.498,28.117,1.0
2026-05-02 10:02:23.826,10.546,28.126,1.0
2026-05-02 10:02:24.827,10.643,28.116,1.0
2026-05-02 10:02:25.825,10.604,28.112,1.0
2026-05-02 10:02:26.827,10.678,28.098,1.0
2026-05-02 10:02:27.827,10.772,28.099,1.0
2026-05-02 10:02:28.826,10.875,28.073,1.0
2026-05-02 10:02:29.826,11.06,28.079,1.0
2026-05-02 10:02:30.827,11.163,28.049,1.0
2026-05-02 10:02:31.827,11.259,28.029,1.0
2026-05-02 10:02:32.827,11.352,28.032,1.0
2026-05-02 10:02:33.827,11.534,28.04,1.0
2026-05-02 10:02:34.829,11.651,28.027,1.0
2026-05-02 10:02:35.827,11.784,28.026,1.0
2026-05-02 10:02:36.827,12.018,28.008,1.0
2026-05-02 10:02:37.828,12.143,28.012,1.0
2026-05-02 10:02:38.827,12.3,27.969,1.0
2026-05-02 10:02:39.827,12.449,27.991,1.0
2026-05-02 10:02:40.827,12.592,27.982,1.0
2026-05-02 10:02:41.829,12.7,27.952,1.0
2026-05-02 10:02:42.827,12.852,27.961,1.0
2026-05-02 10:02:43.827,12.938,27.947,1.0
2026-05-02 10:02:44.827,13.086,27.925,1.0
2026-05-02 10:02:45.827,13.158,27.917,1.0
2026-05-02 10:02:46.827,13.263,27.921,1.0
2026-05-02 10:02:47.827,13.327,27.898,1.0
2026-05-02 10:02:48.828,13.382,27.879,1.0
2026-05-02 10:02:49.827,13.439,27.871,1.0
2026-05-02 10:02:50.827,13.467,27.873,1.0
2026-05-02 10:02:51.828,13.452,27.879,1.0
2026-05-02 10:02:52.827,13.483,27.872,1.0
2026-05-02 10:02:53.827,13.497,27.846,1.0
2026-05-02 10:02:54.829,13.439,27.831,1.0
2026-05-02 10:02:55.827,13.377,27.833,1.0
2026-05-02 10:02:56.828,13.393,27.817,1.0
2026-05-02 10:02:57.827,13.298,27.841,1.0
2026-05-02 10:02:58.827,13.201,27.818,1.0
2026-05-02 10:02:59.827,13.178,27.802,1.0
2026-05-02 10:03:00.827,12.997,27.785,1.0
2026-05-02 10:03:01.827,12.888,27.796,1.0
2026-05-02 10:03:02.828,12.784,27.786,1.0
2026-05-02 10:03:03.827,12.701,27.804,1.0
2026-05-02 10:03:04.827,12.528,27.768,1.0
2026-05-02 10:03:05.827,12.358,27.774,1.0
2026-05-02 10:03:06.827,12.241,27.75,1.0
2026-05-02 10:03:07.827,12.106,27.76,1.0
2026-05-02 10:03:08.827,11.954,27.748,1.0
2026-05-02 10:03:09.827,11.791,27.746,1.0
2026-05-02 10:03:10.827,11.622,27.753,1.0
2026-05-02 10:03:11.827,11.544,27.745,1.0
2026-05-02 10:03:12.827,11.329,27.721,1.0
2026-05-02 10:03:13.827,11.18,27.727,1.0
2026-05-02 10:03:14.827,11.081,27.73,1.0
2026-05-02 10:03:15.827,10.985,27.732,1.0
2026-05-02 10:03:16.827,10.898,27.729,1.0
2026-05-02 10:03:17.827,10.8,27.726,1.0
2026-05-02 10:03:18.827,10.67,27.697,1.0
2026-05-02 10:03:19.827,10.655,27.731,1.0
2026-05-02 10:03:20.827,10.6,27.713,1.0
2026-05-02 10:03:21.828,10.547,27.72,1.0
2026-05-02 10:03:22.827,10.484,27.706,1.0
2026-05-02 10:03:23.827,10.523,27.706,1.0
2026-05-02 10:03:24.827,10.457,27.701,1.0
2026-05-02 10:03:25.827,10.567,27.702,1.0
2026-05-02 10:03:26.827,10.551,27.71,1.0
2026-05-02 10:03:27.828,10.638,27.699,1.0
2026-05-02 10:03:28.828,10.672,27.7,1.0
2026-05-02 10:03:29.827,10.74,27.712,1.0
2026-05-02 10:03:30.827,10.847,27.681,1.0
2026-05-02 10:03:31.828,10.967,27.689,1.0
2026-05-02 10:03:32.827,11.007,27.714,1.0
2026-05-02 10:03:33.826,11.129,27.713,1.0
2026-05-02 10:03:34.826,11.246,27.72,1.0
2026-05-02 10:03:35.827,11.408,27.707,1.0
2026-05-02 10:03:36.829,11.548,27.694,1.0
2026-05-02 10:03:37.827,11.749,27.716,1.0
2026-05-02 10:03:38.828,11.892,27.719,1.0
2026-05-02 10:03:39.827,12.05,27.705,1.0
2026-05-02 10:03:40.826,12.168,27.698,1.0
2026-05-02 10:03:41.827,12.335,27.719,1.0
2026-05-02 10:03:42.827,12.46,27.719,1.0
2026-05-02 10:03:43.828,12.537,27.728,1.0
2026-05-02 10:03:44.827,12.693,27.724,1.0
2026-05-02 10:03:45.827,12.853,27.728,1.0
2026-05-02 10:03:46.827,12.952,27.729,1.0
2026-05-02 10:03:47.827,13.082,27.764,1.0
2026-05-02 10:03:48.828,13.214,27.765,1.0
2026-05-02 10:03:49.827,13.298,27.738,1.0
2026-05-02 10:03:50.828,13.361,27.771,1.0
2026-05-02 10:03:51.828,13.389,27.751,1.0
2026-05-02 10:03:52.827,13.483,27.767,1.0
2026-05-02 10:03:53.827,13.459,27.79,1.0
2026-05-02 10:03:54.826,13.459,27.768,1.0
2026-05-02 10:03:55.827,13.481,27.799,1.0
2026-05-02 10:03:56.829,13.498,27.783,1.0
2026-05-02 10:03:57.829,13.479,27.817,1.0
2026-05-02 10:03:58.826,13.384,27.796,1.0
2026-05-02 10:03:59.826,13.405,27.814,1.0
2026-05-02 10:04:00.827,13.323,27.837,1.0
2026-05-02 10:04:01.827,13.211,27.816,1.0
2026-05-02 10:04:02.827,13.153,27.846,1.0
2026-05-02 10:04:03.827,12.996,27.854,1.0
2026-05-02 10:04:04.827,12.911,27.861,1.0
2026-05-02 10:04:05.827,12.787,27.856,1.0
2026-05-02 10:04:06.827,12.663,27.863,1.0
2026-05-02 10:04:07.828,12.548,27.892,1.0
2026-05-02 10:04:08.827,12.392,27.901,1.0
2026-05-02 10:04:09.827,12.246,27.905,1.0
2026-05-02 10:04:10.827,12.012,27.897,1.0
2026-05-02 10:04:11.827,11.895,27.925,1.0
2026-05-02 10:04:12.827,11.749,27.929,1.0
2026-05-02 10:04:13.826,11.66,27.926,1.0
2026-05-02 10:04:14.827,11.504,27.934,1.0
2026-05-02 10:04:15.827,11.325,27.965,1.0
2026-05-02 10:04:16.827,11.232,27.969,1.0
2026-05-02 10:04:17.823,11.055,27.954,1.0
2026-05-02 10:04:18.826,10.971,27.993,1.0
2026-05-02 10:04:19.824,10.839,27.967,1.0
2026-05-02 10:04:20.827,10.793,27.986,1.0
2026-05-02 10:04:21.827,10.718,27.999,1.0
2026-05-02 10:04:22.826,10.595,28.009,1.0
2026-05-02 10:04:23.827,10.526,28.006,1.0
2026-05-02 10:04:24.825,10.556,28.047,1.0
2026-05-02 10:04:25.828,10.493,28.043,1.0
2026-05-02 10:04:26.827,10.493,28.042,1.0
2026-05-02 10:04:27.827,10.514,28.055,1.0
2026-05-02 10:04:28.827,10.482,28.073,1.0
2026-05-02 10:04:29.827,10.564,28.077,1.0
2026-05-02 10:04:30.827,10.565,28.092,1.0
2026-05-02 10:04:31.827,10.689,28.082,1.0
2026-05-02 10:04:32.827,10.716,28.104,1.0
2026-05-02 10:04:33.827,10.81,28.115,1.0
2026-05-02 10:04:34.828,10.962,28.134,1.0
2026-05-02 10:04:35.827,11.102,28.104,1.0
2026-05-02 10:04:36.827,11.162,28.124,1.0
2026-05-02 10:04:37.827,11.314,28.144,1.0
2026-05-02 10:04:38.827,11.45,28.129,1.0
2026-05-02 10:04:39.827,11.553,28.153,1.0
2026-05-02 10:04:40.827,11.775,28.145,1.0
2026-05-02 10:04:41.827,11.896,28.166,1.0
2026-05-02 10:04:42.828,12.031,28.195,1.0
2026-05-02 10:04:43.827,12.184,28.192,1.0
2026-05-02 10:04:44.827,12.349,28.198,1.0
2026-05-02 10:04:45.827,12.452,28.185,1.0
2026-05-02 10:04:46.827,12.654,28.207,1.0
2026-05-02 10:04:47.828,12.781,28.215,1.0
2026-05-02 10:04:48.827,12.918,28.214,1.0
2026-05-02 10:04:49.827,12.97,28.216,1.0
2026-05-02 10:04:50.828,13.104,28.219,1.0
2026-05-02 10:04:51.827,13.161,28.222,1.0
2026-05-02 10:04:52.827,13.292,28.233,1.0
2026-05-02 10:04:53.827,13.338,28.25,1.0
2026-05-02 10:04:54.827,13.387,28.244,1.0
2026-05-02 10:04:55.827,13.415,28.24,1.0
2026-05-02 10:04:56.827,13.474,28.264,1.0
2026-05-02 10:04:57.828,13.463,28.246,1.0
2026-05-02 10:04:58.827,13.468,28.284,1.0
2026-05-02 10:04:59.827,13.461,28.256,1.0
2026-05-02 10:05:00.828,13.496,28.282,1.0
2026-05-02 10:05:01.827,13.417,28.271,1.0
2026-05-02 10:05:02.827,13.384,28.282,1.0
2026-05-02 10:05:03.827,13.267,28.294,1.0
2026-05-02 10:05:04.827,13.246,28.298,1.0
2026-05-02 10:05:05.827,13.105,28.292,1.0
2026-05-02 10:05:06.827,13.017,28.278,1.0
2026-05-02 10:05:07.827,12.907,28.292,1.0
2026-05-02 10:05:08.828,12.76,28.282,1.0
2026-05-02 10:05:09.827,12.636,28.308,1.0
2026-05-02 10:05:10.827,12.468,28.318,1.0
2026-05-02 10:05:11.828,12.372,28.297,1.0
2026-05-02 10:05:12.828,12.231,28.283,1.0
2026-05-02 10:05:13.827,12.054,28.31,1.0
2026-05-02 10:05:14.827,11.854,28.293,1.0
2026-05-02 10:05:15.827,11.751,28.31,1.0
2026-05-02 10:05:16.827,11.555,28.28,1.0
2026-05-02 10:05:17.827,11.476,28.309,1.0
2026-05-02 10:05:18.827,11.278,28.306,1.0
2026-05-02 10:05:19.827,11.213,28.276,1.0
2026-05-02 10:05:20.827,11.027,28.303,1.0
2026-05-02 10:05:21.828,10.991,28.311,1.0
2026-05-02 10:05:22.824,10.857,28.284,1.0
2026-05-02 10:05:23.827,10.755,28.273,1.0
2026-05-02 10:05:24.827,10.691,28.275,1.0
2026-05-02 10:05:25.827,10.604,28.274,1.0
2026-05-02 10:05:26.827,10.534,28.295,1.0
2026-05-02 10:05:27.824,10.483,28.259,1.0
2026-05-02 10:05:28.827,10.524,28.272,1.0
2026-05-02 10:05:29.827,10.52,28.261,1.0
2026-05-02 10:05:30.827,10.47,28.273,1.0
2026-05-02 10:05:31.827,10.518,28.27,1.0
2026-05-02 10:05:32.827,10.534,28.249,1.0
2026-05-02 10:05:33.828,10.601,28.237,1.0
2026-05-02 10:05:34.827,10.726,28.226,1.0
2026-05-02 10:05:35.824,10.807,28.257,1.0
2026-05-02 10:05:36.827,10.89,28.245,1.0
2026-05-02 10:05:37.828,10.946,28.243,1.0
2026-05-02 10:05:38.828,11.07,28.227,1.0
2026-05-02 10:05:39.827,11.17,28.227,1.0
2026-05-02 10:05:40.828,11.368,28.198,1.0
2026-05-02 10:05:41.827,11.499,28.212,1.0
2026-05-02 10:05:42.824,11.61,28.19,1.0
2026-05-02 10:05:43.912,11.712,28.191,1.0
2026-05-02 10:05:44.828,11.934,28.167,1.0
2026-05-02 10:05:45.828,12.025,28.175,1.0
2026-05-02 10:05:46.826,12.206,28.172,1.0
2026-05-02 10:05:47.829,12.343,28.144,1.0
2026-05-02 10:05:48.827,12.443,28.16,1.0
2026-05-02 10:05:49.828,12.622,28.161,1.0
2026-05-02 10:05:50.827,12.753,28.125,1.0
2026-05-02 10:05:51.827,12.849,28.125,1.0
2026-05-02 10:05:52.827,13.054,28.137,1.0
2026-05-02 10:05:53.827,13.133,28.097,1.0
2026-05-02 10:05:54.827,13.217,28.09,1.0
2026-05-02 10:05:55.824,13.333,28.076,1.0
2026-05-02 10:05:56.827,13.351,28.105,1.0
2026-05-02 10:05:57.827,13.369,28.068,1.0
2026-05-02 10:05:58.827,13.444,28.049,1.0
2026-05-02 10:05:59.827,13.497,28.073,1.0
2026-05-02 10:06:00.827,13.45,28.063,1.0
2026-05-02 10:06:01.827,13.504,28.023,1.0
2026-05-02 10:06:02.827,13.48,28.023,1.0
2026-05-02 10:06:03.827,13.482,28.009,1.0
2026-05-02 10:06:04.827,13.378,28.01,1.0
2026-05-02 10:06:05.827,13.356,28.0,1.0
2026-05-02 10:06:06.827,13.24,27.998,1.0
2026-05-02 10:06:07.827,13.212,28.004,1.0
2026-05-02 10:06:08.827,13.121,27.982,1.0
2026-05-02 10:06:09.827,12.977,27.966,1.0
2026-05-02 10:06:10.827,12.84,27.952,1.0
2026-05-02 10:06:11.827,12.748,27.947,1.0
2026-05-02 10:06:12.827,12.605,27.925,1.0
2026-05-02 10:06:13.827,12.46,27.948,1.0
2026-05-02 10:06:14.827,12.321,27.939,1.0
2026-05-02 10:06:15.827,12.205,27.899,1.0
2026-05-02 10:06:16.827,11.996,27.893,1.0
2026-05-02 10:06:17.827,11.863,27.884,1.0
2026-05-02 10:06:18.828,11.719,27.901,1.0
2026-05-02 10:06:19.827,11.556,27.874,1.0
2026-05-02 10:06:20.827,11.41,27.873,1.0
2026-05-02 10:06:21.827,11.26,27.883,1.0
2026-05-02 10:06:22.827,11.134,27.85,1.0
2026-05-02 10:06:23.827,11.069,27.863,1.0
2026-05-02 10:06:24.828,10.904,27.849,1.0
2026-05-02 10:06:25.827,10.833,27.824,1.0
2026-05-02 10:06:26.827,10.716,27.81,1.0
2026-05-02 10:06:27.827,10.627,27.806,1.0
2026-05-02 10:06:28.829,10.646,27.8,1.0
2026-05-02 10:06:29.827,10.581,27.813,1.0
2026-05-02 10:06:30.827,10.486,27.816,1.0
2026-05-02 10:06:31.827,10.472,27.812,1.0
2026-05-02 10:06:32.827,10.543,27.789,1.0
2026-05-02 10:06:33.827,10.558,27.79,1.0
2026-05-02 10:06:34.827,10.491,27.782,1.0
2026-05-02 10:06:35.827,10.627,27.781,1.0
2026-05-02 10:06:36.827,10.588,27.754,1.0
2026-05-02 10:06:37.828,10.719,27.751,1.0
2026-05-02 10:06:38.827,10.811,27.748,1.0
2026-05-02 10:06:39.827,10.878,27.763,1.0
2026-05-02 10:06:40.827,10.976,27.742,1.0
2026-05-02 10:06:41.827,11.059,27.727,1.0
2026-05-02 10:06:42.827,11.228,27.721,1.0
2026-05-02 10:06:43.827,11.348,27.725,1.0
2026-05-02 10:06:44.827,11.521,27.743,1.0
2026-05-02 10:06:45.827,11.587,27.73,1.0
2026-05-02 10:06:46.825,11.747,27.711,1.0
2026-05-02 10:06:47.827,11.917,27.704,1.0
2026-05-02 10:06:48.827,12.057,27.73,1.0
2026-05-02 10:06:49.826,12.263,27.704,1.0
2026-05-02 10:06:50.827,12.338,27.701,1.0
2026-05-02 10:06:51.826,12.511,27.706,1.0
2026-05-02 10:06:52.827,12.657,27.722,1.0
2026-05-02 10:06:53.827,12.814,27.707,1.0
2026-05-02 10:06:54.826,12.956,27.698,1.0
2026-05-02 10:06:55.827,13.011,27.701,1.0
2026-05-02 10:06:56.823,13.079,27.71,1.0
2026-05-02 10:06:57.827,13.257,27.701,1.0
2026-05-02 10:06:58.827,13.28,27.703,1.0
2026-05-02 10:06:59.827,13.343,27.697,1.0
2026-05-02 10:07:00.827,13.397,27.691,1.0
2026-05-02 10:07:01.827,13.449,27.695,1.0
2026-05-02 10:07:02.827,13.489,27.686,1.0
2026-05-02 10:07:03.827,13.538,27.699,1.0
2026-05-02 10:07:04.827,13.47,27.71,1.0
2026-05-02 10:07:05.827,13.451,27.708,1.0
2026-05-02 10:07:06.827,13.42,27.728,1.0
2026-05-02 10:07:07.827,13.368,27.731,1.0
2026-05-02 10:07:08.827,13.306,27.695,1.0
2026-05-02 10:07:09.827,13.256,27.714,1.0
2026-05-02 10:07:10.827,13.157,27.714,1.0
2026-05-02 10:07:11.827,13.11,27.712,1.0
2026-05-02 10:07:12.827,12.954,27.721,1.0
2026-05-02 10:07:13.827,12.884,27.721,1.0
2026-05-02 10:07:14.827,12.672,27.753,1.0
2026-05-02 10:07:15.827,12.587,27.748,1.0
2026-05-02 10:07:16.827,12.413,27.723,1.0
2026-05-02 10:07:17.825,12.264,27.73,1.0
2026-05-02 10:07:18.827,12.164,27.763,1.0
2026-05-02 10:07:19.827,11.937,27.763,1.0
2026-05-02 10:07:20.827,11.81,27.75,1.0
2026-05-02 10:07:21.827,11.734,27.776,1.0
2026-05-02 10:07:22.828,11.578,27.766,1.0
2026-05-02 10:07:23.827,11.382,27.792,1.0
2026-05-02 10:07:24.827,11.296,27.792,1.0
2026-05-02 10:07:25.827,11.137,27.794,1.0
2026-05-02 10:07:26.827,11.039,27.789,1.0
2026-05-02 10:07:27.827,10.958,27.808,1.0
2026-05-02 10:07:28.827,10.85,27.813,1.0
2026-05-02 10:07:29.827,10.736,27.819,1.0
2026-05-02 10:07:30.827,10.618,27.817,1.0
2026-05-02 10:07:31.827,10.606,27.817,1.0
2026-05-02 10:07:32.827,10.565,27.824,1.0
2026-05-02 10:07:33.827,10.478,27.865,1.0
2026-05-02 10:07:34.827,10.517,27.852,1.0
2026-05-02 10:07:35.827,10.465,27.873,1.0
2026-05-02 10:07:36.827,10.472,27.869,1.0
2026-05-02 10:07:37.824,10.574,27.885,1.0
2026-05-02 10:07:38.827,10.615,27.894,1.0
2026-05-02 10:07:39.827,10.652,27.892,1.0
2026-05-02 10:07:40.827,10.699,27.896,1.0
2026-05-02 10:07:41.828,10.748,27.924,1.0
2026-05-02 10:07:42.827,10.935,27.937,1.0
2026-05-02 10:07:43.827,11.017,27.938,1.0
2026-05-02 10:07:44.828,11.069,27.961,1.0
2026-05-02 10:07:45.827,11.282,27.96,1.0
2026-05-02 10:07:46.828,11.391,27.96,1.0
2026-05-02 10:07:47.828,11.55,27.963,1.0
2026-05-02 10:07:48.827,11.66,27.981,1.0
2026-05-02 10:07:49.827,11.784,27.98,1.0
2026-05-02 10:07:50.827,11.975,27.993,1.0
2026-05-02 10:07:51.827,12.149,27.99,1.0
2026-05-02 10:07:52.827,12.293,28.008,1.0
2026-05-02 10:07:53.827,12.42,28.023,1.0
2026-05-02 10:07:54.827,12.57,28.029,1.0
2026-05-02 10:07:55.827,12.697,28.031,1.0
2026-05-02 10:07:56.827,12.779,28.039,1.0
2026-05-02 10:07:57.827,12.977,28.047,1.0
2026-05-02 10:07:58.827,13.08,28.082,1.0
2026-05-02 10:07:59.828,13.193,28.06,1.0
2026-05-02 10:08:00.824,13.23,28.075,1.0
2026-05-02 10:08:01.827,13.325,28.1,1.0
2026-05-02 10:08:02.828,13.345,28.089,1.0
2026-05-02 10:08:03.827,13.406,28.128,1.0
2026-05-02 10:08:04.827,13.506,28.12,1.0
2026-05-02 10:08:05.827,13.535,28.136,1.0
2026-05-02 10:08:06.827,13.535,28.122,1.0
2026-05-02 10:08:07.827,13.486,28.128,1.0
2026-05-02 10:08:08.829,13.481,28.137,1.0
2026-05-02 10:08:09.827,13.412,28.171,1.0
2026-05-02 10:08:10.827,13.342,28.164,1.0
2026-05-02 10:08:11.827,13.312,28.179,1.0
2026-05-02 10:08:12.827,13.203,28.198,1.0
2026-05-02 10:08:13.828,13.123,28.185,1.0
2026-05-02 10:08:14.827,13.037,28.194,1.0
2026-05-02 10:08:15.827,12.947,28.219,1.0
2026-05-02 10:08:16.827,12.764,28.213,1.0
2026-05-02 10:08:17.827,12.7,28.219,1.0
2026-05-02 10:08:18.824,12.513,28.221,1.0
2026-05-02 10:08:19.827,12.402,28.231,1.0
2026-05-02 10:08:20.827,12.246,28.226,1.0
2026-05-02 10:08:21.827,12.081,28.237,1.0
2026-05-02 10:08:22.827,11.942,28.247,1.0
2026-05-02 10:08:23.827,11.842,28.241,1.0
2026-05-02 10:08:24.827,11.71,28.242,1.0
2026-05-02 10:08:25.827,11.535,28.251,1.0
2026-05-02 10:08:26.827,11.375,28.277,1.0
2026-05-02 10:08:27.827,11.27,28.255,1.0
2026-05-02 10:08:28.828,11.08,28.26,1.0
2026-05-02 10:08:29.828,10.988,28.258,1.0
2026-05-02 10:08:30.827,10.884,28.29,1.0
2026-05-02 10:08:31.827,10.763,28.293,1.0
2026-05-02 10:08:32.827,10.7,28.267,1.0
2026-05-02 10:08:33.824,10.621,28.3,1.0
2026-05-02 10:08:34.828,10.621,28.297,1.0
2026-05-02 10:08:35.828,10.539,28.274,1.0
2026-05-02 10:08:36.828,10.552,28.305,1.0
2026-05-02 10:08:37.827,10.475,28.313,1.0
2026-05-02 10:08:38.827,10.49,28.298,1.0
2026-05-02 10:08:39.827,10.554,28.308,1.0
2026-05-02 10:08:40.827,10.584,28.304,1.0
2026-05-02 10:08:41.829,10.624,28.281,1.0
2026-05-02 10:08:42.827,10.694,28.281,1.0
2026-05-02 10:08:43.827,10.763,28.28,1.0
2026-05-02 10:08:44.827,10.842,28.307,1.0
2026-05-02 10:08:45.827,10.865,28.304,1.0
2026-05-02 10:08:46.828,10.996,28.296,1.0
2026-05-02 10:08:47.828,11.177,28.295,1.0
2026-05-02 10:08:48.827,11.215,28.302,1.0
2026-05-02 10:08:49.827,11.426,28.289,1.0
2026-05-02 10:08:50.827,11.536,28.304,1.0
2026-05-02 10:08:51.827,11.646,28.291,1.0
2026-05-02 10:08:52.827,11.801,28.291,1.0
2026-05-02 10:08:53.827,12.002,28.301,1.0
2026-05-02 10:08:54.828,12.149,28.265,1.0
2026-05-02 10:08:55.826,12.258,28.281,1.0
2026-05-02 10:08:56.827,12.406,28.27,1.0
2026-05-02 10:08:57.827,12.595,28.254,1.0
2026-05-02 10:08:58.827,12.678,28.255,1.0
2026-05-02 10:08:59.824,12.842,28.263,1.0
2026-05-02 10:09:00.827,12.904,28.278,1.0
2026-05-02 10:09:01.827,13.07,28.263,1.0
2026-05-02 10:09:02.827,13.158,28.262,1.0
2026-05-02 10:09:03.827,13.298,28.263,1.0
2026-05-02 10:09:04.827,13.353,28.244,1.0
2026-05-02 10:09:05.827,13.341,28.254,1.0
2026-05-02 10:09:06.827,13.466,28.243,1.0
2026-05-02 10:09:07.827,13.514,28.209,1.0
2026-05-02 10:09:08.827,13.513,28.237,1.0
2026-05-02 10:09:09.828,13.493,28.199,1.0
2026-05-02 10:09:10.827,13.529,28.186,1.0
2026-05-02 10:09:11.824,13.491,28.194,1.0
2026-05-02 10:09:12.827,13.422,28.2,1.0
2026-05-02 10:09:13.827,13.339,28.18,1.0
2026-05-02 10:09:14.827,13.345,28.181,1.0
2026-05-02 10:09:15.829,13.23,28.156,1.0
2026-05-02 10:09:16.827,13.155,28.149,1.0
2026-05-02 10:09:17.829,13.032,28.158,1.0
2026-05-02 10:09:18.827,12.866,28.157,1.0
2026-05-02 10:09:19.827,12.758,28.137,1.0
2026-05-02 10:09:20.828,12.7,28.121,1.0
2026-05-02 10:09:21.826,12.528,28.142,1.0
2026-05-02 10:09:22.827,12.423,28.123,1.0
2026-05-02 10:09:23.827,12.23,28.087,1.0
2026-05-02 10:09:24.827,12.082,28.089,1.0
2026-05-02 10:09:25.827,11.938,28.069,1.0
2026-05-02 10:09:26.826,11.804,28.074,1.0
2026-05-02 10:09:27.827,11.599,28.058,1.0
2026-05-02 10:09:28.828,11.517,28.07,1.0
2026-05-02 10:09:29.827,11.347,28.055,1.0
2026-05-02 10:09:30.827,11.239,28.046,1.0
2026-05-02 10:09:31.827,11.05,28.031,1.0
2026-05-02 10:09:32.827,10.957,28.047,1.0
2026-05-02 10:09:33.828,10.83,28.01,1.0
2026-05-02 10:09:34.827,10.78,28.02,1.0
2026-05-02 10:09:35.827,10.698,27.999,1.0
2026-05-02 10:09:36.827,10.618,27.983,1.0
2026-05-02 10:09:37.827,10.626,27.971,1.0
2026-05-02 10:09:38.829,10.506,27.974,1.0
2026-05-02 10:09:39.827,10.525,27.96,1.0
2026-05-02 10:09:40.827,10.467,27.949,1.0
2026-05-02 10:09:41.827,10.506,27.928,1.0
2026-05-02 10:09:42.827,10.57,27.949,1.0
2026-05-02 10:09:43.827,10.523,27.922,1.0
2026-05-02 10:09:44.828,10.651,27.91,1.0
2026-05-02 10:09:45.827,10.664,27.894,1.0
2026-05-02 10:09:46.827,10.749,27.89,1.0
2026-05-02 10:09:47.827,10.85,27.907,1.0
2026-05-02 10:09:48.827,10.954,27.874,1.0
2026-05-02 10:09:49.827,11.06,27.886,1.0
2026-05-02 10:09:50.824,11.154,27.871,1.0
2026-05-02 10:09:51.827,11.311,27.871,1.0
2026-05-02 10:09:52.827,11.447,27.838,1.0
2026-05-02 10:09:53.828,11.558,27.842,1.0
2026-05-02 10:09:54.829,11.698,27.849,1.0
2026-05-02 10:09:55.827,11.868,27.825,1.0
2026-05-02 10:09:56.827,12.016,27.835,1.0
2026-05-02 10:09:57.827,12.166,27.829,1.0
2026-05-02 10:09:58.824,12.321,27.821,1.0
2026-05-02 10:09:59.827,12.426,27.801,1.0
2026-05-02 10:10:00.828,12.573,27.789,1.0
2026-05-02 10:10:01.827,12.732,27.795,1.0
2026-05-02 10:10:02.827,12.806,27.784,1.0
2026-05-02 10:10:03.827,12.98,27.768,1.0
2026-05-02 10:10:04.827,13.078,27.751,1.0
2026-05-02 10:10:05.827,13.132,27.778,1.0
2026-05-02 10:10:06.827,13.216,27.751,1.0
2026-05-02 10:10:07.827,13.316,27.744,1.0
2026-05-02 10:10:08.827,13.435,27.745,1.0
2026-05-02 10:10:09.827,13.431,27.731,1.0
2026-05-02 10:10:10.825,13.5,27.739,1.0
2026-05-02 10:10:11.827,13.457,27.734,1.0
2026-05-02 10:10:12.827,13.528,27.739,1.0
2026-05-02 10:10:13.827,13.478,27.743,1.0
2026-05-02 10:10:14.827,13.51,27.743,1.0
2026-05-02 10:10:15.824,13.395,27.701,1.0
2026-05-02 10:10:16.827,13.393,27.733,1.0
2026-05-02 10:10:17.826,13.262,27.734,1.0
2026-05-02 10:10:18.826,13.185,27.713,1.0
2026-05-02 10:10:19.827,13.116,27.714,1.0
2026-05-02 10:10:20.827,13.035,27.697,1.0
2026-05-02 10:10:21.826,12.863,27.7,1.0
2026-05-02 10:10:22.827,12.732,27.718,1.0
2026-05-02 10:10:23.827,12.649,27.707,1.0
2026-05-02 10:10:24.827,12.528,27.721,1.0
2026-05-02 10:10:25.828,12.381,27.681,1.0
2026-05-02 10:10:26.824,12.222,27.682,1.0
2026-05-02 10:10:27.827,12.039,27.715,1.0
2026-05-02 10:10:28.828,11.862,27.718,1.0
2026-05-02 10:10:29.827,11.729,27.693,1.0
2026-05-02 10:10:30.827,11.596,27.702,1.0
2026-05-02 10:10:31.827,11.458,27.704,1.0
2026-05-02 10:10:32.827,11.326,27.708,1.0
2026-05-02 10:10:33.827,11.238,27.724,1.0
2026-05-02 10:10:34.827,11.034,27.722,1.0
2026-05-02 10:10:35.827,11.0,27.715,1.0
2026-05-02 10:10:36.827,10.853,27.706,1.0
2026-05-02 10:10:37.827,10.781,27.72,1.0
2026-05-02 10:10:38.827,10.735,27.711,1.0
2026-05-02 10:10:39.827,10.635,27.725,1.0
2026-05-02 10:10:40.827,10.571,27.709,1.0
2026-05-02 10:10:41.824,10.515,27.718,1.0
2026-05-02 10:10:42.827,10.496,27.743,1.0
2026-05-02 10:10:43.827,10.527,27.717,1.0
2026-05-02 10:10:44.827,10.529,27.733,1.0
2026-05-02 10:10:45.827,10.495,27.735,1.0
2026-05-02 10:10:46.827,10.568,27.762,1.0
2026-05-02 10:10:47.827,10.656,27.73,1.0
2026-05-02 10:10:48.827,10.643,27.774,1.0
2026-05-02 10:10:49.827,10.746,27.764,1.0
2026-05-02 10:10:50.827,10.889,27.779,1.0
2026-05-02 10:10:51.830,10.912,27.778,1.0
2026-05-02 10:10:52.827,11.036,27.771,1.0
2026-05-02 10:10:53.827,11.134,27.77,1.0
2026-05-02 10:10:54.827,11.28,27.794,1.0
2026-05-02 10:10:55.827,11.433,27.797,1.0
2026-05-02 10:10:56.828,11.622,27.82,1.0
2026-05-02 10:10:57.827,11.701,27.806,1.0
2026-05-02 10:10:58.828,11.881,27.808,1.0
2026-05-02 10:10:59.827,12.073,27.84,1.0
2026-05-02 10:11:00.827,12.151,27.848,1.0
2026-05-02 10:11:01.827,12.342,27.832,1.0
2026-05-02 10:11:02.827,12.503,27.833,1.0
2026-05-02 10:11:03.827,12.614,27.836,1.0
2026-05-02 10:11:04.827,12.756,27.883,1.0
2026-05-02 10:11:05.827,12.904,27.878,1.0
2026-05-02 10:11:06.827,13.011,27.885,1.0
2026-05-02 10:11:07.827,13.109,27.881,1.0
2026-05-02 10:11:08.826,13.143,27.89,1.0
2026-05-02 10:11:09.827,13.312,27.916,1.0
2026-05-02 10:11:10.827,13.357,27.91,1.0
2026-05-02 10:11:11.827,13.37,27.921,1.0
2026-05-02 10:11:12.827,13.452,27.939,1.0
2026-05-02 10:11:13.827,13.527,27.947,1.0
2026-05-02 10:11:14.827,13.458,27.942,1.0
2026-05-02 10:11:15.827,13.48,27.977,1.0
2026-05-02 10:11:16.827,13.496,27.948,1.0
2026-05-02 10:11:17.827,13.42,27.968,1.0
2026-05-02 10:11:18.827,13.368,28.003,1.0
2026-05-02 10:11:19.827,13.349,28.008,1.0
2026-05-02 10:11:20.823,13.279,28.017,1.0
2026-05-02 10:11:21.827,13.167,27.996,1.0
2026-05-02 10:11:22.827,13.102,28.013,1.0
2026-05-02 10:11:23.827,12.948,28.04,1.0
2026-05-02 10:11:24.827,12.904,28.034,1.0
2026-05-02 10:11:25.827,12.702,28.034,1.0
2026-05-02 10:11:26.827,12.612,28.05,1.0
2026-05-02 10:11:27.827,12.503,28.074,1.0
2026-05-02 10:11:28.827,12.292,28.069,1.0
2026-05-02 10:11:29.827,12.187,28.086,1.0
2026-05-02 10:11:30.827,12.014,28.074,1.0
2026-05-02 10:11:31.827,11.857,28.105,1.0
2026-05-02 10:11:32.824,11.738,28.099,1.0
2026-05-02 10:11:33.827,11.637,28.126,1.0
2026-05-02 10:11:34.827,11.419,28.122,1.0
2026-05-02 10:11:35.827,11.322,28.121,1.0
2026-05-02 10:11:36.827,11.21,28.137,1.0
2026-05-02 10:11:37.828,11.083,28.138,1.0
2026-05-02 10:11:38.824,10.9,28.147,1.0
2026-05-02 10:11:39.823,10.818,28.152,1.0
2026-05-02 10:11:40.828,10.769,28.159,1.0
2026-05-02 10:11:41.827,10.705,28.182,1.0
2026-05-02 10:11:42.827,10.621,28.171,1.0
2026-05-02 10:11:43.827,10.585,28.194,1.0
2026-05-02 10:11:44.827,10.559,28.219,1.0
2026-05-02 10:11:45.827,10.515,28.196,1.0
2026-05-02 10:11:46.827,10.502,28.213,1.0
2026-05-02 10:11:47.827,10.551,28.227,1.0
2026-05-02 10:11:48.827,10.565,28.228,1.0
2026-05-02 10:11:49.827,10.579,28.243,1.0
2026-05-02 10:11:50.827,10.63,28.234,1.0
2026-05-02 10:11:51.827,10.687,28.244,1.0
2026-05-02 10:11:52.827,10.747,28.232,1.0
2026-05-02 10:11:53.827,10.817,28.261,1.0
2026-05-02 10:11:54.827,10.92,28.272,1.0
2026-05-02 10:11:55.827,11.069,28.263,1.0
2026-05-02 10:11:56.827,11.23,28.248,1.0
2026-05-02 10:11:57.827,11.362,28.272,1.0
2026-05-02 10:11:58.827,11.45,28.267,1.0
2026-05-02 10:11:59.827,11.581,28.288,1.0
2026-05-02 10:12:00.828,11.739,28.264,1.0
2026-05-02 10:12:01.827,11.921,28.268,1.0
2026-05-02 10:12:02.827,12.008,28.277,1.0
2026-05-02 10:12:03.827,12.198,28.282,1.0
2026-05-02 10:12:04.827,12.349,28.279,1.0
2026-05-02 10:12:05.827,12.512,28.292,1.0
2026-05-02 10:12:06.828,12.638,28.305,1.0
2026-05-02 10:12:07.827,12.739,28.277,1.0
2026-05-02 10:12:08.828,12.904,28.283,1.0
2026-05-02 10:12:09.827,12.96,28.296,1.0
2026-05-02 10:12:10.827,13.154,28.315,1.0
2026-05-02 10:12:11.827,13.229,28.297,1.0
2026-05-02 10:12:12.827,13.311,28.311,1.0
2026-05-02 10:12:13.827,13.379,28.298,1.0
2026-05-02 10:12:14.827,13.442,28.286,1.0
2026-05-02 10:12:15.827,13.504,28.295,1.0
2026-05-02 10:12:16.827,13.518,28.307,1.0
2026-05-02 10:12:17.827,13.468,28.295,1.0
2026-05-02 10:12:18.827,13.485,28.3,1.0
2026-05-02 10:12:19.827,13.472,28.282,1.0
2026-05-02 10:12:20.823,13.475,28.304,1.0
2026-05-02 10:12:21.823,13.405,28.289,1.0
2026-05-02 10:12:22.824,13.367,28.287,1.0
2026-05-02 10:12:23.824,13.305,28.273,1.0
2026-05-02 10:12:24.824,13.204,28.291,1.0
2026-05-02 10:12:25.823,13.057,28.283,1.0
2026-05-02 10:12:26.824,12.967,28.268,1.0
2026-05-02 10:12:27.823,12.894,28.252,1.0
2026-05-02 10:12:28.824,12.718,28.247,1.0
2026-05-02 10:12:29.823,12.552,28.273,1.0
2026-05-02 10:12:30.825,12.443,28.259,1.0
2026-05-02 10:12:31.824,12.265,28.261,1.0
2026-05-02 10:12:32.823,12.167,28.263,1.0
2026-05-02 10:12:33.825,12.054,28.24,1.0
2026-05-02 10:12:34.827,11.834,28.223,1.0
2026-05-02 10:12:35.823,11.688,28.24,1.0
2026-05-02 10:12:36.823,11.519,28.229,1.0
2026-05-02 10:12:37.823,11.408,28.21,1.0
2026-05-02 10:12:38.823,11.29,28.217,1.0
2026-05-02 10:12:39.823,11.12,28.216,1.0
2026-05-02 10:12:40.823,11.042,28.188,1.0
2026-05-02 10:12:41.823,10.915,28.213,1.0
2026-05-02 10:12:42.823,10.794,28.192,1.0
2026-05-02 10:12:43.828,10.756,28.164,1.0
2026-05-02 10:12:44.824,10.66,28.19,1.0
2026-05-02 10:12:45.823,10.614,28.183,1.0
2026-05-02 10:12:46.823,10.535,28.168,1.0
2026-05-02 10:12:47.824,10.556,28.168,1.0
2026-05-02 10:12:48.823,10.551,28.128,1.0
2026-05-02 10:12:49.823,10.499,28.118,1.0
2026-05-02 10:12:50.829,10.507,28.109,1.0
2026-05-02 10:12:51.824,10.502,28.123,1.0
2026-05-02 10:12:52.828,10.579,28.093,1.0
2026-05-02 10:12:53.825,10.587,28.105,1.0
2026-05-02 10:12:54.823,10.742,28.089,1.0
2026-05-02 10:12:55.823,10.796,28.097,1.0
2026-05-02 10:12:56.823,10.905,28.084,1.0
2026-05-02 10:12:57.823,10.95,28.05,1.0
2026-05-02 10:12:58.823,11.087,28.041,1.0
2026-05-02 10:12:59.823,11.187,28.064,1.0
2026-05-02 10:13:00.827,11.382,28.034,1.0
2026-05-02 10:13:01.827,11.484,28.044,1.0
2026-05-02 10:13:02.827,11.681,28.028,1.0
2026-05-02 10:13:03.827,11.818,28.009,1.0
2026-05-02 10:13:04.828,11.977,27.995,1.0
2026-05-02 10:13:05.827,12.08,28.01,1.0
2026-05-02 10:13:06.827,12.232,27.998,1.0
2026-05-02 10:13:07.827,12.418,27.975,1.0
2026-05-02 10:13:08.827,12.483,27.963,1.0
2026-05-02 10:13:09.823,12.614,27.959,1.0
2026-05-02 10:13:10.824,12.781,27.948,1.0
2026-05-02 10:13:11.827,12.926,27.922,1.0
2026-05-02 10:13:12.824,13.063,27.943,1.0
2026-05-02 10:13:13.823,13.112,27.944,1.0
2026-05-02 10:13:14.823,13.27,27.924,1.0
2026-05-02 10:13:15.823,13.33,27.907,1.0
2026-05-02 10:13:16.824,13.373,27.879,1.0
2026-05-02 10:13:17.827,13.472,27.899,1.0
2026-05-02 10:13:18.827,13.485,27.894,1.0
2026-05-02 10:13:19.827,13.52,27.857,1.0
2026-05-02 10:13:20.828,13.524,27.864,1.0
2026-05-02 10:13:21.827,13.473,27.876,1.0
2026-05-02 10:13:22.827,13.507,27.867,1.0
2026-05-02 10:13:23.827,13.448,27.846,1.0
2026-05-02 10:13:24.827,13.41,27.845,1.0
2026-05-02 10:13:25.829,13.341,27.811,1.0
2026-05-02 10:13:26.827,13.291,27.805,1.0
2026-05-02 10:13:27.827,13.183,27.828,1.0
2026-05-02 10:13:28.824,13.051,27.786,1.0
2026-05-02 10:13:29.827,12.977,27.791,1.0
2026-05-02 10:13:30.827,12.79,27.798,1.0
2026-05-02 10:13:31.827,12.72,27.799,1.0
2026-05-02 10:13:32.827,12.608,27.784,1.0
2026-05-02 10:13:33.827,12.447,27.755,1.0
2026-05-02 10:13:34.823,12.264,27.772,1.0
2026-05-02 10:13:35.828,12.132,27.748,1.0
2026-05-02 10:13:36.827,11.955,27.759,1.0
2026-05-02 10:13:37.827,11.851,27.76,1.0
2026-05-02 10:13:38.826,11.73,27.758,1.0
2026-05-02 10:13:39.824,11.512,27.744,1.0
2026-05-02 10:13:40.827,11.425,27.738,1.0
2026-05-02 10:13:41.827,11.264,27.725,1.0
2026-05-02 10:13:42.827,11.138,27.713,1.0
2026-05-02 10:13:43.827,11.023,27.74,1.0
2026-05-02 10:13:44.827,10.876,27.715,1.0
2026-05-02 10:13:45.827,10.83,27.701,1.0
2026-05-02 10:13:46.824,10.733,27.72,1.0
2026-05-02 10:13:47.828,10.663,27.712,1.0
2026-05-02 10:13:48.824,10.6,27.692,1.0
2026-05-02 10:13:49.828,10.529,27.725,1.0
2026-05-02 10:13:50.824,10.521,27.691,1.0
2026-05-02 10:13:51.824,10.526,27.724,1.0
2026-05-02 10:13:52.830,10.468,27.695,1.0
2026-05-02 10:13:53.827,10.519,27.716,1.0
2026-05-02 10:13:54.827,10.587,27.718,1.0
2026-05-02 10:13:55.827,10.583,27.696,1.0
2026-05-02 10:13:56.828,10.674,27.686,1.0
2026-05-02 10:13:57.827,10.74,27.717,1.0
2026-05-02 10:13:58.827,10.757,27.699,1.0
2026-05-02 10:13:59.827,10.846,27.698,1.0
2026-05-02 10:14:00.827,10.973,27.702,1.0
2026-05-02 10:14:01.823,11.149,27.694,1.0
2026-05-02 10:14:02.827,11.279,27.706,1.0
2026-05-02 10:14:03.827,11.398,27.707,1.0
2026-05-02 10:14:04.827,11.552,27.697,1.0
2026-05-02 10:14:05.828,11.659,27.715,1.0
2026-05-02 10:14:06.827,11.815,27.697,1.0
2026-05-02 10:14:07.828,11.951,27.698,1.0
2026-05-02 10:14:08.828,12.117,27.723,1.0
2026-05-02 10:14:09.828,12.262,27.735,1.0
2026-05-02 10:14:10.827,12.398,27.734,1.0
2026-05-02 10:14:11.827,12.529,27.729,1.0
2026-05-02 10:14:12.827,12.7,27.737,1.0
2026-05-02 10:14:13.827,12.769,27.754,1.0
2026-05-02 10:14:14.827,12.957,27.725,1.0
2026-05-02 10:14:15.827,13.043,27.763,1.0
2026-05-02 10:14:16.828,13.114,27.763,1.0
2026-05-02 10:14:17.828,13.279,27.756,1.0
2026-05-02 10:14:18.827,13.331,27.744,1.0
2026-05-02 10:14:19.824,13.379,27.774,1.0
2026-05-02 10:14:20.827,13.441,27.788,1.0
2026-05-02 10:14:21.823,13.495,27.76,1.0
2026-05-02 10:14:22.828,13.449,27.796,1.0
2026-05-02 10:14:23.827,13.487,27.805,1.0
2026-05-02 10:14:24.824,13.537,27.795,1.0
2026-05-02 10:14:25.827,13.496,27.781,1.0
2026-05-02 10:14:26.829,13.449,27.822,1.0
2026-05-02 10:14:27.827,13.346,27.816,1.0
2026-05-02 10:14:28.827,13.313,27.804,1.0
2026-05-02 10:14:29.828,13.211,27.815,1.0
2026-05-02 10:14:30.827,13.154,27.843,1.0
2026-05-02 10:14:31.827,13.089,27.843,1.0
2026-05-02 10:14:32.827,12.965,27.856,1.0
2026-05-02 10:14:33.827,12.832,27.86,1.0
2026-05-02 10:14:34.827,12.694,27.856,1.0
2026-05-02 10:14:35.827,12.516,27.872,1.0
2026-05-02 10:14:36.827,12.411,27.901,1.0
2026-05-02 10:14:37.827,12.273,27.877,1.0
2026-05-02 10:14:38.827,12.119,27.9,1.0
2026-05-02 10:14:39.827,11.982,27.92,1.0
2026-05-02 10:14:40.827,11.83,27.899,1.0
2026-05-02 10:14:41.827,11.708,27.924,1.0
2026-05-02 10:14:42.827,11.554,27.948,1.0
2026-05-02 10:14:43.827,11.367,27.938,1.0
2026-05-02 10:14:44.827,11.225,27.966,1.0
2026-05-02 10:14:45.827,11.158,27.962,1.0
2026-05-02 10:14:46.827,10.989,27.991,1.0
2026-05-02 10:14:47.827,10.883,27.962,1.0
2026-05-02 10:14:48.827,10.838,27.979,1.0
2026-05-02 10:14:49.827,10.685,28.003,1.0
2026-05-02 10:14:50.827,10.686,27.989,1.0
2026-05-02 10:14:51.828,10.604,28.023,1.0
2026-05-02 10:14:52.827,10.496,28.007,1.0
2026-05-02 10:14:53.827,10.495,28.043,1.0
2026-05-02 10:14:54.827,10.453,28.063,1.0
2026-05-02 10:14:55.827,10.478,28.051,1.0
2026-05-02 10:14:56.827,10.528,28.071,1.0
2026-05-02 10:14:57.827,10.544,28.075,1.0
2026-05-02 10:14:58.827,10.619,28.08,1.0
2026-05-02 10:14:59.827,10.663,28.071,1.0
2026-05-02 10:15:00.827,10.693,28.105,1.0
2026-05-02 10:15:01.824,10.855,28.117,1.0
2026-05-02 10:15:02.827,10.86,28.12,1.0
2026-05-02 10:15:03.827,11.058,28.121,1.0
2026-05-02 10:15:04.828,11.151,28.142,1.0
2026-05-02 10:15:05.823,11.219,28.131,1.0
2026-05-02 10:15:06.827,11.351,28.131,1.0
2026-05-02 10:15:07.827,11.522,28.156,1.0
2026-05-02 10:15:08.827,11.647,28.157,1.0
2026-05-02 10:15:09.827,11.875,28.176,1.0
2026-05-02 10:15:10.827,11.988,28.168,1.0
2026-05-02 10:15:11.824,12.154,28.179,1.0
2026-05-02 10:15:12.827,12.321,28.208,1.0
2026-05-02 10:15:13.827,12.382,28.198,1.0
2026-05-02 10:15:14.827,12.571,28.187,1.0
2026-05-02 10:15:15.827,12.719,28.218,1.0
2026-05-02 10:15:16.827,12.798,28.209,1.0
2026-05-02 10:15:17.827,12.907,28.209,1.0
2026-05-02 10:15:18.827,13.091,28.21,1.0
2026-05-02 10:15:19.827,13.186,28.216,1.0
2026-05-02 10:15:20.827,13.226,28.226,1.0
2026-05-02 10:15:21.827,13.369,28.252,1.0
2026-05-02 10:15:22.827,13.379,28.242,1.0
2026-05-02 10:15:23.827,13.418,28.272,1.0
2026-05-02 10:15:24.827,13.497,28.254,1.0
2026-05-02 10:15:25.827,13.515,28.245,1.0
2026-05-02 10:15:26.827,13.542,28.255,1.0
2026-05-02 10:15:27.827,13.47,28.278,1.0
2026-05-02 10:15:28.827,13.489,28.295,1.0
2026-05-02 10:15:29.827,13.457,28.278,1.0
2026-05-02 10:15:30.827,13.417,28.298,1.0
2026-05-02 10:15:31.827,13.347,28.282,1.0
2026-05-02 10:15:32.827,13.193,28.295,1.0
2026-05-02 10:15:33.827,13.127,28.3,1.0
2026-05-02 10:15:34.827,13.005,28.307,1.0
2026-05-02 10:15:35.828,12.939,28.28,1.0
2026-05-02 10:15:36.823,12.819,28.304,1.0
2026-05-02 10:15:37.827,12.656,28.288,1.0
2026-05-02 10:15:38.827,12.55,28.294,1.0
2026-05-02 10:15:39.827,12.358,28.282,1.0
2026-05-02 10:15:40.827,12.259,28.298,1.0
2026-05-02 10:15:41.828,12.092,28.284,1.0
2026-05-02 10:15:42.827,11.962,28.313,1.0
2026-05-02 10:15:43.827,11.831,28.286,1.0
2026-05-02 10:15:44.827,11.645,28.282,1.0
2026-05-02 10:15:45.827,11.507,28.301,1.0
2026-05-02 10:15:46.823,11.384,28.316,1.0
2026-05-02 10:15:47.827,11.205,28.278,1.0
2026-05-02 10:15:48.827,11.141,28.313,1.0
2026-05-02 10:15:49.828,10.974,28.304,1.0
2026-05-02 10:15:50.827,10.899,28.302,1.0
2026-05-02 10:15:51.827,10.799,28.286,1.0
2026-05-02 10:15:52.827,10.689,28.305,1.0
2026-05-02 10:15:53.827,10.594,28.286,1.0
2026-05-02 10:15:54.827,10.578,28.265,1.0
2026-05-02 10:15:55.827,10.542,28.263,1.0
2026-05-02 10:15:56.828,10.49,28.292,1.0
2026-05-02 10:15:57.826,10.48,28.274,1.0
2026-05-02 10:15:58.824,10.499,28.251,1.0
2026-05-02 10:15:59.823,10.479,28.262,1.0
2026-05-02 10:16:00.824,10.526,28.258,1.0
2026-05-02 10:16:01.823,10.606,28.255,1.0
2026-05-02 10:16:02.824,10.708,28.237,1.0
2026-05-02 10:16:03.824,10.786,28.257,1.0
2026-05-02 10:16:04.824,10.822,28.237,1.0
2026-05-02 10:16:05.825,10.962,28.246,1.0
2026-05-02 10:16:06.825,11.046,28.236,1.0
2026-05-02 10:16:07.832,11.135,28.218,1.0
2026-05-02 10:16:08.826,11.246,28.219,1.0
2026-05-02 10:16:09.825,11.451,28.219,1.0
2026-05-02 10:16:10.824,11.598,28.19,1.0
2026-05-02 10:16:11.824,11.714,28.175,1.0
2026-05-02 10:16:12.823,11.847,28.199,1.0
2026-05-02 10:16:13.826,12.033,28.17,1.0
2026-05-02 10:16:14.823,12.116,28.175,1.0
2026-05-02 10:16:15.824,12.339,28.147,1.0
2026-05-02 10:16:16.823,12.468,28.136,1.0
2026-05-02 10:16:17.823,12.545,28.154,1.0
2026-05-02 10:16:18.824,12.73,28.149,1.0
2026-05-02 10:16:19.823,12.839,28.137,1.0
2026-05-02 10:16:20.824,13.019,28.134,1.0
2026-05-02 10:16:21.824,13.045,28.108,1.0
2026-05-02 10:16:22.824,13.223,28.086,1.0
2026-05-02 10:16:23.824,13.249,28.104,1.0
2026-05-02 10:16:24.824,13.327,28.073,1.0
2026-05-02 10:16:25.824,13.411,28.097,1.0
2026-05-02 10:16:26.824,13.462,28.065,1.0
2026-05-02 10:16:27.824,13.444,28.08,1.0
2026-05-02 10:16:28.830,13.5,28.034,1.0
2026-05-02 10:16:29.827,13.451,28.028,1.0
2026-05-02 10:16:30.828,13.444,28.031,1.0
2026-05-02 10:16:31.827,13.493,28.022,1.0
2026-05-02 10:16:32.824,13.457,28.022,1.0
2026-05-02 10:16:33.824,13.346,27.992,1.0
2026-05-02 10:16:34.824,13.272,28.004,1.0
2026-05-02 10:16:35.824,13.251,27.997,1.0
2026-05-02 10:16:36.824,13.074,27.984,1.0
2026-05-02 10:16:37.824,13.008,27.972,1.0
2026-05-02 10:16:38.823,12.929,27.971,1.0
2026-05-02 10:16:39.828,12.816,27.969,1.0
2026-05-02 10:16:40.823,12.645,27.945,1.0
2026-05-02 10:16:41.825,12.516,27.925,1.0
2026-05-02 10:16:42.825,12.337,27.925,1.0
2026-05-02 10:16:43.822,12.251,27.9,1.0
2026-05-02 10:16:44.824,12.014,27.917,1.0
2026-05-02 10:16:45.824,11.923,27.911,1.0
2026-05-02 10:16:46.824,11.721,27.877,1.0
2026-05-02 10:16:47.823,11.592,27.866,1.0
2026-05-02 10:16:48.824,11.433,27.882,1.0
2026-05-02 10:16:49.823,11.356,27.878,1.0
2026-05-02 10:16:50.825,11.183,27.847,1.0
2026-05-02 10:16:51.825,11.12,27.848,1.0
2026-05-02 10:16:52.823,10.918,27.85,1.0
2026-05-02 10:16:53.823,10.835,27.837,1.0
2026-05-02 10:16:54.823,10.783,27.82,1.0
2026-05-02 10:16:55.824,10.723,27.841,1.0
2026-05-02 10:16:56.825,10.602,27.824,1.0
2026-05-02 10:16:57.823,10.559,27.795,1.0
2026-05-02 10:16:58.824,10.57,27.819,1.0
2026-05-02 10:16:59.824,10.519,27.798,1.0
2026-05-02 10:17:00.825,10.5,27.794,1.0
2026-05-02 10:17:01.823,10.541,27.783,1.0
2026-05-02 10:17:02.824,10.535,27.768,1.0
2026-05-02 10:17:03.823,10.603,27.765,1.0
2026-05-02 10:17:04.823,10.646,27.783,1.0
2026-05-02 10:17:05.824,10.629,27.774,1.0
2026-05-02 10:17:06.825,10.705,27.763,1.0
2026-05-02 10:17:07.827,10.848,27.748,1.0
2026-05-02 10:17:08.823,10.948,27.757,1.0
2026-05-02 10:17:09.823,11.058,27.725,1.0
2026-05-02 10:17:10.825,11.205,27.754,1.0
2026-05-02 10:17:11.824,11.287,27.714,1.0
2026-05-02 10:17:12.824,11.426,27.727,1.0
2026-05-02 10:17:13.824,11.602,27.718,1.0
2026-05-02 10:17:14.823,11.687,27.723,1.0
2026-05-02 10:17:15.825,11.85,27.724,1.0
2026-05-02 10:17:16.825,12.057,27.716,1.0
2026-05-02 10:17:17.823,12.196,27.721,1.0
2026-05-02 10:17:18.823,12.335,27.698,1.0
2026-05-02 10:17:19.824,12.491,27.705,1.0
2026-05-02 10:17:20.828,12.64,27.723,1.0
2026-05-02 10:17:21.824,12.732,27.687,1.0
2026-05-02 10:17:22.825,12.843,27.712,1.0
2026-05-02 10:17:23.824,12.999,27.714,1.0
2026-05-02 10:17:24.823,13.073,27.717,1.0
2026-05-02 10:17:25.823,13.239,27.706,1.0
2026-05-02 10:17:26.825,13.239,27.687,1.0
2026-05-02 10:17:27.824,13.358,27.685,1.0
2026-05-02 10:17:28.824,13.408,27.7,1.0
2026-05-02 10:17:29.824,13.455,27.684,1.0
2026-05-02 10:17:30.824,13.434,27.701,1.0
2026-05-02 10:17:31.823,13.471,27.701,1.0
2026-05-02 10:17:32.823,13.467,27.717,1.0
2026-05-02 10:17:33.824,13.524,27.694,1.0
2026-05-02 10:17:34.826,13.412,27.724,1.0
2026-05-02 10:17:35.823,13.439,27.706,1.0
2026-05-02 10:17:36.824,13.397,27.715,1.0
2026-05-02 10:17:37.825,13.301,27.73,1.0
2026-05-02 10:17:38.830,13.232,27.716,1.0
2026-05-02 10:17:39.823,13.126,27.708,1.0
2026-05-02 10:17:40.824,12.944,27.732,1.0
2026-05-02 10:17:41.824,12.843,27.748,1.0
2026-05-02 10:17:42.823,12.758,27.738,1.0
2026-05-02 10:17:43.823,12.604,27.734,1.0
2026-05-02 10:17:44.823,12.485,27.725,1.0
2026-05-02 10:17:45.826,12.376,27.727,1.0
2026-05-02 10:17:46.824,12.183,27.741,1.0
2026-05-02 10:17:47.836,12.004,27.75,1.0
2026-05-02 10:17:48.825,11.891,27.747,1.0
2026-05-02 10:17:49.828,11.778,27.755,1.0
2026-05-02 10:17:50.834,11.632,27.792,1.0
2026-05-02 10:17:51.836,11.482,27.788,1.0
2026-05-02 10:17:52.830,11.288,27.791,1.0
2026-05-02 10:17:53.825,11.152,27.773,1.0
2026-05-02 10:17:54.825,11.014,27.81,1.0
2026-05-02 10:17:55.844,10.993,27.792,1.0
2026-05-02 10:17:56.833,10.86,27.814,1.0
2026-05-02 10:17:57.825,10.798,27.8,1.0
2026-05-02 10:17:58.832,10.693,27.845,1.0
2026-05-02 10:17:59.825,10.591,27.815,1.0
2026-05-02 10:18:00.849,10.547,27.824,1.0
2026-05-02 10:18:01.824,10.501,27.835,1.0
2026-05-02 10:18:02.824,10.486,27.87,1.0
2026-05-02 10:18:03.823,10.534,27.86,1.0
2026-05-02 10:18:04.826,10.554,27.871,1.0
2026-05-02 10:18:05.824,10.528,27.874,1.0
2026-05-02 10:18:06.823,10.559,27.876,1.0
2026-05-02 10:18:07.823,10.615,27.888,1.0
2026-05-02 10:18:08.826,10.703,27.92,1.0
2026-05-02 10:18:09.825,10.788,27.925,1.0
2026-05-02 10:18:10.823,10.849,27.938,1.0
2026-05-02 10:18:11.824,10.994,27.934,1.0
2026-05-02 10:18:12.824,11.047,27.924,1.0
2026-05-02 10:18:13.828,11.209,27.936,1.0
2026-05-02 10:18:14.828,11.291,27.975,1.0
2026-05-02 10:18:15.828,11.497,27.957,1.0
2026-05-02 10:18:16.825,11.598,27.971,1.0
2026-05-02 10:18:17.825,11.794,27.977,1.0
2026-05-02 10:18:18.824,11.95,27.996,1.0
2026-05-02 10:18:19.823,12.064,28.006,1.0
2026-05-02 10:18:20.823,12.233,28.02,1.0
2026-05-02 10:18:21.824,12.391,28.005,1.0
2026-05-02 10:18:22.824,12.504,28.05,1.0
2026-05-02 10:18:23.824,12.601,28.038,1.0
2026-05-02 10:18:24.824,12.773,28.055,1.0
2026-05-02 10:18:25.825,12.933,28.038,1.0
2026-05-02 10:18:26.825,12.963,28.061,1.0
2026-05-02 10:18:27.824,13.142,28.066,1.0
2026-05-02 10:18:28.823,13.197,28.096,1.0
2026-05-02 10:18:29.823,13.254,28.102,1.0
2026-05-02 10:18:30.824,13.395,28.099,1.0
2026-05-02 10:18:31.823,13.392,28.123,1.0
2026-05-02 10:18:32.824,13.438,28.125,1.0
2026-05-02 10:18:33.824,13.527,28.139,1.0
2026-05-02 10:18:34.824,13.522,28.124,1.0
2026-05-02 10:18:35.826,13.535,28.125,1.0
2026-05-02 10:18:36.826,13.454,28.143,1.0
2026-05-02 10:18:37.825,13.458,28.166,1.0
2026-05-02 10:18:38.824,13.415,28.154,1.0
2026-05-02 10:18:39.824,13.382,28.19,1.0
2026-05-02 10:18:40.825,13.302,28.168,1.0
2026-05-02 10:18:41.825,13.226,28.175,1.0
2026-05-02 10:18:42.824,13.104,28.183,1.0
2026-05-02 10:18:43.823,12.991,28.198,1.0
2026-05-02 10:18:44.823,12.857,28.204,1.0
2026-05-02 10:18:45.824,12.768,28.23,1.0
2026-05-02 10:18:46.825,12.619,28.212,1.0
2026-05-02 10:18:47.823,12.448,28.238,1.0
2026-05-02 10:18:48.825,12.297,28.219,1.0
2026-05-02 10:18:49.825,12.12,28.252,1.0
2026-05-02 10:18:50.823,11.974,28.241,1.0
2026-05-02 10:18:51.823,11.848,28.232,1.0
2026-05-02 10:18:52.824,11.661,28.251,1.0
2026-05-02 10:18:53.824,11.584,28.242,1.0
2026-05-02 10:18:54.824,11.448,28.245,1.0
2026-05-02 10:18:55.824,11.324,28.259,1.0
2026-05-02 10:18:56.824,11.122,28.262,1.0
2026-05-02 10:18:57.824,11.084,28.264,1.0
2026-05-02 10:18:58.823,10.906,28.285,1.0
2026-05-02 10:18:59.824,10.873,28.273,1.0
2026-05-02 10:19:00.825,10.709,28.285,1.0
2026-05-02 10:19:01.824,10.635,28.291,1.0
2026-05-02 10:19:02.824,10.56,28.283,1.0
2026-05-02 10:19:03.827,10.587,28.299,1.0
2026-05-02 10:19:04.827,10.536,28.274,1.0
2026-05-02 10:19:05.829,10.518,28.302,1.0
2026-05-02 10:19:06.827,10.52,28.288,1.0
2026-05-02 10:19:07.827,10.497,28.3,1.0
2026-05-02 10:19:08.827,10.528,28.303,1.0
2026-05-02 10:19:09.829,10.607,28.301,1.0
2026-05-02 10:19:10.828,10.632,28.317,1.0
2026-05-02 10:19:11.828,10.747,28.281,1.0
2026-05-02 10:19:12.828,10.815,28.292,1.0
2026-05-02 10:19:13.827,10.898,28.309,1.0
2026-05-02 10:19:14.828,11.027,28.308,1.0
2026-05-02 10:19:15.829,11.101,28.288,1.0
2026-05-02 10:19:16.830,11.219,28.289,1.0
2026-05-02 10:19:17.829,11.318,28.296,1.0
2026-05-02 10:19:18.828,11.495,28.292,1.0
2026-05-02 10:19:19.824,11.642,28.285,1.0
2026-05-02 10:19:20.827,11.738,28.281,1.0
2026-05-02 10:19:21.827,11.927,28.306,1.0
2026-05-02 10:19:22.827,12.046,28.264,1.0
2026-05-02 10:19:23.827,12.179,28.298,1.0
2026-05-02 10:19:24.830,12.399,28.282,1.0
2026-05-02 10:19:25.831,12.561,28.292,1.0
2026-05-02 10:19:26.830,12.614,28.271,1.0
2026-05-02 10:19:27.828,12.744,28.262,1.0
2026-05-02 10:19:28.827,12.935,28.264,1.0
2026-05-02 10:19:29.828,12.999,28.24,1.0
2026-05-02 10:19:30.824,13.118,28.263,1.0
2026-05-02 10:19:31.824,13.25,28.264,1.0
2026-05-02 10:19:32.824,13.282,28.245,1.0
2026-05-02 10:19:33.824,13.375,28.231,1.0
2026-05-02 10:19:34.823,13.442,28.248,1.0
2026-05-02 10:19:35.824,13.43,28.245,1.0
2026-05-02 10:19:36.823,13.49,28.217,1.0
2026-05-02 10:19:37.823,13.506,28.218,1.0
2026-05-02 10:19:38.824,13.449,28.206,1.0
2026-05-02 10:19:39.827,13.508,28.186,1.0
2026-05-02 10:19:40.824,13.442,28.189,1.0
2026-05-02 10:19:41.824,13.389,28.171,1.0
2026-05-02 10:19:42.830,13.346,28.186,1.0
2026-05-02 10:19:43.828,13.253,28.17,1.0
2026-05-02 10:19:44.831,13.128,28.172,1.0
2026-05-02 10:19:45.824,13.08,28.143,1.0
2026-05-02 10:19:46.824,12.996,28.149,1.0
2026-05-02 10:19:47.823,12.798,28.133,1.0
2026-05-02 10:19:48.824,12.688,28.12,1.0
2026-05-02 10:19:49.824,12.575,28.113,1.0
2026-05-02 10:19:50.825,12.41,28.111,1.0
2026-05-02 10:19:51.824,12.291,28.124,1.0
2026-05-02 10:19:52.828,12.161,28.081,1.0
2026-05-02 10:19:53.824,12.032,28.105,1.0
2026-05-02 10:19:54.824,11.881,28.077,1.0
2026-05-02 10:19:55.823,11.706,28.058,1.0
2026-05-02 10:19:56.824,11.52,28.067,1.0
2026-05-02 10:19:57.824,11.413,28.05,1.0
2026-05-02 10:19:58.824,11.229,28.068,1.0
2026-05-02 10:19:59.823,11.13,28.059,1.0
2026-05-02 10:20:00.823,11.059,28.022,1.0
2026-05-02 10:20:01.824,10.913,28.02,1.0
2026-05-02 10:20:02.830,10.801,28.023,1.0
2026-05-02 10:20:03.824,10.708,28.001,1.0
2026-05-02 10:20:04.827,10.665,28.014,1.0
2026-05-02 10:20:05.824,10.633,27.984,1.0
2026-05-02 10:20:06.827,10.512,27.978,1.0
2026-05-02 10:20:07.825,10.547,27.974,1.0
2026-05-02 10:20:08.831,10.509,27.949,1.0
2026-05-02 10:20:09.824,10.537,27.969,1.0
2026-05-02 10:20:10.824,10.477,27.956,1.0
2026-05-02 10:20:11.827,10.503,27.921,1.0
2026-05-02 10:20:12.828,10.618,27.94,1.0
2026-05-02 10:20:13.824,10.665,27.93,1.0
2026-05-02 10:20:14.836,10.698,27.917,1.0
2026-05-02 10:20:15.826,10.84,27.907,1.0
2026-05-02 10:20:16.831,10.848,27.893,1.0
2026-05-02 10:20:17.833,11.039,27.879,1.0
2026-05-02 10:20:18.824,11.154,27.857,1.0
2026-05-02 10:20:19.827,11.286,27.878,1.0
2026-05-02 10:20:20.826,11.392,27.844,1.0
2026-05-02 10:20:21.830,11.465,27.847,1.0
2026-05-02 10:20:22.836,11.631,27.835,1.0
2026-05-02 10:20:23.826,11.852,27.852,1.0
2026-05-02 10:20:24.825,11.96,27.834,1.0
2026-05-02 10:20:25.834,12.151,27.8,1.0
2026-05-02 10:20:26.830,12.29,27.83,1.0
2026-05-02 10:20:27.840,12.421,27.801,1.0
2026-05-02 10:20:28.832,12.495,27.797,1.0
2026-05-02 10:20:29.831,12.681,27.779,1.0
2026-05-02 10:20:30.834,12.811,27.768,1.0
2026-05-02 10:20:31.833,12.937,27.786,1.0
2026-05-02 10:20:32.836,13.077,27.79,1.0
2026-05-02 10:20:33.833,13.194,27.761,1.0
2026-05-02 10:20:34.832,13.279,27.762,1.0
2026-05-02 10:20:35.824,13.278,27.77,1.0
2026-05-02 10:20:36.824,13.399,27.746,1.0
2026-05-02 10:20:37.823,13.4,27.762,1.0
2026-05-02 10:20:38.832,13.42,27.756,1.0
2026-05-02 10:20:39.832,13.541,27.755,1.0
2026-05-02 10:20:40.832,13.466,27.741,1.0
2026-05-02 10:20:41.838,13.463,27.745,1.0
2026-05-02 10:20:42.835,13.463,27.742,1.0
2026-05-02 10:20:43.842,13.422,27.721,1.0
2026-05-02 10:20:44.837,13.35,27.718,1.0
2026-05-02 10:20:45.836,13.304,27.716,1.0
2026-05-02 10:20:46.832,13.263,27.722,1.0
2026-05-02 10:20:47.837,13.113,27.71,1.0
2026-05-02 10:20:48.826,13.03,27.715,1.0
2026-05-02 10:20:49.823,12.927,27.706,1.0
2026-05-02 10:20:50.826,12.792,27.721,1.0
2026-05-02 10:20:51.831,12.692,27.694,1.0
2026-05-02 10:20:52.825,12.538,27.688,1.0
2026-05-02 10:20:53.825,12.367,27.712,1.0
2026-05-02 10:20:54.825,12.298,27.7,1.0
2026-05-02 10:20:55.827,12.149,27.7,1.0
2026-05-02 10:20:56.827,11.991,27.717,1.0
2026-05-02 10:20:57.825,11.797,27.715,1.0
2026-05-02 10:20:58.825,11.676,27.707,1.0
2026-05-02 10:20:59.830,11.562,27.699,1.0
2026-05-02 10:21:00.828,11.375,27.709,1.0
2026-05-02 10:21:01.827,11.232,27.705,1.0
2026-05-02 10:21:02.828,11.157,27.694,1.0
2026-05-02 10:21:03.827,10.954,27.699,1.0
2026-05-02 10:21:04.823,10.916,27.729,1.0
2026-05-02 10:21:05.823,10.825,27.732,1.0
2026-05-02 10:21:06.823,10.707,27.695,1.0
2026-05-02 10:21:07.828,10.62,27.706,1.0
2026-05-02 10:21:08.823,10.552,27.711,1.0
2026-05-02 10:21:09.826,10.565,27.708,1.0
2026-05-02 10:21:10.830,10.542,27.735,1.0
2026-05-02 10:21:11.826,10.534,27.729,1.0
2026-05-02 10:21:12.826,10.508,27.749,1.0
2026-05-02 10:21:13.827,10.521,27.741,1.0
2026-05-02 10:21:14.831,10.505,27.753,1.0
2026-05-02 10:21:15.833,10.579,27.76,1.0
2026-05-02 10:21:16.825,10.679,27.749,1.0
2026-05-02 10:21:17.823,10.75,27.739,1.0
2026-05-02 10:21:18.823,10.793,27.771,1.0
2026-05-02 10:21:19.823,10.883,27.771,1.0
2026-05-02 10:21:20.823,11.033,27.771,1.0
2026-05-02 10:21:21.824,11.161,27.772,1.0
2026-05-02 10:21:22.824,11.272,27.794,1.0
2026-05-02 10:21:23.827,11.355,27.785,1.0
2026-05-02 10:21:24.824,11.579,27.807,1.0
2026-05-02 10:21:25.826,11.665,27.814,1.0
2026-05-02 10:21:26.828,11.795,27.812,1.0
2026-05-02 10:21:27.824,12.027,27.818,1.0
2026-05-02 10:21:28.826,12.171,27.825,1.0
2026-05-02 10:21:29.824,12.245,27.818,1.0
2026-05-02 10:21:30.824,12.451,27.864,1.0
2026-05-02 10:21:31.826,12.537,27.85,1.0
2026-05-02 10:21:32.823,12.733,27.867,1.0
2026-05-02 10:21:33.827,12.837,27.883,1.0
2026-05-02 10:21:34.826,12.919,27.884,1.0
2026-05-02 10:21:35.824,13.034,27.866,1.0
2026-05-02 10:21:36.826,13.167,27.881,1.0
2026-05-02 10:21:37.823,13.256,27.905,1.0
2026-05-02 10:21:38.823,13.364,27.93,1.0
2026-05-02 10:21:39.825,13.433,27.904,1.0
2026-05-02 10:21:40.827,13.419,27.915,1.0
2026-05-02 10:21:41.825,13.459,27.928,1.0
2026-05-02 10:21:42.826,13.46,27.956,1.0
2026-05-02 10:21:43.826,13.497,27.956,1.0
2026-05-02 10:21:44.827,13.515,27.944,1.0
2026-05-02 10:21:45.826,13.467,27.989,1.0
2026-05-02 10:21:46.827,13.463,27.99,1.0
2026-05-02 10:21:47.823,13.417,27.973,1.0
2026-05-02 10:21:48.826,13.311,28.01,1.0
2026-05-02 10:21:49.827,13.187,28.005,1.0
2026-05-02 10:21:50.824,13.109,28.0,1.0
2026-05-02 10:21:51.823,13.028,28.043,1.0
2026-05-02 10:21:52.823,12.922,28.018,1.0
2026-05-02 10:21:53.824,12.832,28.044,1.0
2026-05-02 10:21:54.824,12.645,28.071,1.0
2026-05-02 10:21:55.827,12.49,28.064,1.0
2026-05-02 10:21:56.827,12.332,28.068,1.0
2026-05-02 10:21:57.826,12.23,28.065,1.0
2026-05-02 10:21:58.823,12.035,28.075,1.0
2026-05-02 10:21:59.826,11.948,28.088,1.0
2026-05-02 10:22:00.826,11.807,28.117,1.0
2026-05-02 10:22:01.827,11.631,28.118,1.0
2026-05-02 10:22:02.824,11.479,28.135,1.0
2026-05-02 10:22:03.824,11.398,28.134,1.0
2026-05-02 10:22:04.824,11.228,28.139,1.0
2026-05-02 10:22:05.824,11.087,28.15,1.0
2026-05-02 10:22:06.823,10.997,28.153,1.0
2026-05-02 10:22:07.823,10.907,28.148,1.0
2026-05-02 10:22:08.824,10.814,28.17,1.0
2026-05-02 10:22:09.823,10.738,28.157,1.0
2026-05-02 10:22:10.824,10.599,28.196,1.0
2026-05-02 10:22:11.827,10.619,28.187,1.0
2026-05-02 10:22:12.825,10.564,28.197,1.0
2026-05-02 10:22:13.827,10.562,28.203,1.0
2026-05-02 10:22:14.827,10.533,28.226,1.0
2026-05-02 10:22:15.827,10.517,28.207,1.0
2026-05-02 10:22:16.828,10.554,28.239,1.0
2026-05-02 10:22:17.827,10.598,28.228,1.0
2026-05-02 10:22:18.827,10.613,28.242,1.0
2026-05-02 10:22:19.827,10.714,28.257,1.0
2026-05-02 10:22:20.826,10.727,28.257,1.0
2026-05-02 10:22:21.828,10.781,28.254,1.0
2026-05-02 10:22:22.825,10.888,28.263,1.0
2026-05-02 10:22:23.828,11.008,28.25,1.0
2026-05-02 10:22:24.828,11.128,28.272,1.0
2026-05-02 10:22:25.827,11.257,28.249,1.0
2026-05-02 10:22:26.827,11.409,28.291,1.0
2026-05-02 10:22:27.828,11.512,28.261,1.0
2026-05-02 10:22:28.827,11.719,28.265,1.0
2026-05-02 10:22:29.825,11.83,28.287,1.0
2026-05-02 10:22:30.825,12.048,28.291,1.0
2026-05-02 10:22:31.828,12.131,28.268,1.0
2026-05-02 10:22:32.827,12.273,28.271,1.0
2026-05-02 10:22:33.827,12.409,28.301,1.0
2026-05-02 10:22:34.827,12.562,28.304,1.0
2026-05-02 10:22:35.823,12.698,28.306,1.0
2026-05-02 10:22:36.824,12.814,28.317,1.0
2026-05-02 10:22:37.827,12.971,28.308,1.0
2026-05-02 10:22:38.827,13.07,28.291,1.0
2026-05-02 10:22:39.827,13.217,28.284,1.0
2026-05-02 10:22:40.827,13.245,28.312,1.0
2026-05-02 10:22:41.825,13.298,28.281,1.0
2026-05-02 10:22:42.827,13.368,28.288,1.0
2026-05-02 10:22:43.823,13.451,28.312,1.0
2026-05-02 10:22:44.823,13.432,28.316,1.0
2026-05-02 10:22:45.823,13.454,28.291,1.0
2026-05-02 10:22:46.824,13.527,28.292,1.0
2026-05-02 10:22:47.823,13.441,28.311,1.0
2026-05-02 10:22:48.827,13.482,28.303,1.0
2026-05-02 10:22:49.825,13.402,28.304,1.0
2026-05-02 10:22:50.827,13.393,28.281,1.0
2026-05-02 10:22:51.824,13.292,28.3,1.0
2026-05-02 10:22:52.824,13.223,28.283,1.0
2026-05-02 10:22:53.827,13.147,28.269,1.0
2026-05-02 10:22:54.828,13.052,28.278,1.0
2026-05-02 10:22:55.829,12.909,28.271,1.0
2026-05-02 10:22:56.829,12.809,28.288,1.0
2026-05-02 10:22:57.828,12.653,28.248,1.0
2026-05-02 10:22:58.828,12.536,28.273,1.0
2026-05-02 10:22:59.828,12.328,28.237,1.0
2026-05-02 10:23:00.829,12.219,28.253,1.0
2026-05-02 10:23:01.828,12.014,28.249,1.0
2026-05-02 10:23:02.827,11.944,28.254,1.0
2026-05-02 10:23:03.826,11.745,28.226,1.0
2026-05-02 10:23:04.826,11.648,28.246,1.0
2026-05-02 10:23:05.828,11.515,28.234,1.0
2026-05-02 10:23:06.827,11.284,28.206,1.0
2026-05-02 10:23:07.827,11.222,28.202,1.0
2026-05-02 10:23:08.826,11.04,28.214,1.0
2026-05-02 10:23:09.827,10.963,28.205,1.0
2026-05-02 10:23:10.827,10.88,28.185,1.0
2026-05-02 10:23:11.827,10.798,28.185,1.0
2026-05-02 10:23:12.827,10.74,28.189,1.0
2026-05-02 10:23:13.827,10.632,28.154,1.0
2026-05-02 10:23:14.827,10.568,28.165,1.0
2026-05-02 10:23:15.828,10.52,28.147,1.0
2026-05-02 10:23:16.827,10.459,28.137,1.0
2026-05-02 10:23:17.827,10.544,28.14,1.0
2026-05-02 10:23:18.826,10.505,28.147,1.0
2026-05-02 10:23:19.827,10.523,28.126,1.0
2026-05-02 10:23:20.827,10.579,28.104,1.0
2026-05-02 10:23:21.827,10.592,28.095,1.0
2026-05-02 10:23:22.827,10.722,28.107,1.0
2026-05-02 10:23:23.827,10.786,28.071,1.0
2026-05-02 10:23:24.827,10.868,28.089,1.0
2026-05-02 10:23:25.827,10.928,28.061,1.0
2026-05-02 10:23:26.827,11.034,28.08,1.0
2026-05-02 10:23:27.823,11.169,28.05,1.0
2026-05-02 10:23:28.826,11.35,28.031,1.0
2026-05-02 10:23:29.827,11.399,28.049,1.0
2026-05-02 10:23:30.827,11.605,28.009,1.0
2026-05-02 10:23:31.827,11.722,28.034,1.0
2026-05-02 10:23:32.827,11.859,27.988,1.0
2026-05-02 10:23:33.828,12.013,27.995,1.0
2026-05-02 10:23:34.827,12.209,28.005,1.0
2026-05-02 10:23:35.828,12.337,27.974,1.0
2026-05-02 10:23:36.827,12.507,27.976,1.0
2026-05-02 10:23:37.827,12.598,27.97,1.0
2026-05-02 10:23:38.827,12.73,27.959,1.0
2026-05-02 10:23:39.827,12.865,27.928,1.0
2026-05-02 10:23:40.827,12.969,27.93,1.0
2026-05-02 10:23:41.824,13.132,27.937,1.0
2026-05-02 10:23:42.827,13.187,27.931,1.0
2026-05-02 10:23:43.827,13.329,27.911,1.0
2026-05-02 10:23:44.827,13.308,27.917,1.0
2026-05-02 10:23:45.827,13.451,27.886,1.0
2026-05-02 10:23:46.824,13.5,27.879,1.0
2026-05-02 10:23:47.827,13.448,27.873,1.0
2026-05-02 10:23:48.826,13.485,27.879,1.0
2026-05-02 10:23:49.832,13.53,27.842,1.0
2026-05-02 10:23:50.823,13.487,27.844,1.0
2026-05-02 10:23:51.827,13.444,27.83,1.0
2026-05-02 10:23:52.828,13.385,27.845,1.0
2026-05-02 10:23:53.827,13.384,27.836,1.0
2026-05-02 10:23:54.827,13.278,27.83,1.0
2026-05-02 10:23:55.827,13.189,27.802,1.0
2026-05-02 10:23:56.827,13.08,27.791,1.0
2026-05-02 10:23:57.827,13.038,27.802,1.0
2026-05-02 10:23:58.827,12.848,27.802,1.0
2026-05-02 10:23:59.827,12.711,27.781,1.0
2026-05-02 10:24:00.827,12.641,27.771,1.0
2026-05-02 10:24:01.832,12.488,27.788,1.0
2026-05-02 10:24:02.827,12.339,27.768,1.0
2026-05-02 10:24:03.823,12.148,27.781,1.0
2026-05-02 10:24:04.827,12.074,27.776,1.0
2026-05-02 10:24:05.828,11.851,27.76,1.0
2026-05-02 10:24:06.824,11.732,27.763,1.0
2026-05-02 10:24:07.826,11.631,27.734,1.0
2026-05-02 10:24:08.827,11.457,27.755,1.0
2026-05-02 10:24:09.823,11.282,27.72,1.0
2026-05-02 10:24:10.827,11.167,27.744,1.0
2026-05-02 10:24:11.824,11.048,27.719,1.0
2026-05-02 10:24:12.829,10.983,27.737,1.0
2026-05-02 10:24:13.827,10.843,27.716,1.0
2026-05-02 10:24:14.827,10.785,27.725,1.0
2026-05-02 10:24:15.827,10.687,27.706,1.0
2026-05-02 10:24:16.827,10.649,27.708,1.0
2026-05-02 10:24:17.827,10.571,27.689,1.0
2026-05-02 10:24:18.827,10.488,27.698,1.0
2026-05-02 10:24:19.828,10.54,27.701,1.0
2026-05-02 10:24:20.827,10.481,27.713,1.0
2026-05-02 10:24:21.825,10.489,27.715,1.0
2026-05-02 10:24:22.828,10.571,27.697,1.0
2026-05-02 10:24:23.827,10.621,27.702,1.0
2026-05-02 10:24:24.827,10.653,27.716,1.0
2026-05-02 10:24:25.827,10.735,27.72,1.0
2026-05-02 10:24:26.827,10.748,27.689,1.0
2026-05-02 10:24:27.824,10.862,27.692,1.0
2026-05-02 10:24:28.827,11.004,27.7,1.0
2026-05-02 10:24:29.825,11.058,27.702,1.0
2026-05-02 10:24:30.827,11.215,27.691,1.0
2026-05-02 10:24:31.827,11.348,27.694,1.0
2026-05-02 10:24:32.828,11.448,27.699,1.0
2026-05-02 10:24:33.827,11.636,27.706,1.0
2026-05-02 10:24:34.830,11.714,27.697,1.0
2026-05-02 10:24:35.827,11.953,27.728,1.0
2026-05-02 10:24:36.827,12.097,27.704,1.0
2026-05-02 10:24:37.827,12.24,27.715,1.0
2026-05-02 10:24:38.827,12.389,27.726,1.0
2026-05-02 10:24:39.839,12.455,27.706,1.0
2026-05-02 10:24:40.827,12.631,27.737,1.0
2026-05-02 10:24:41.827,12.737,27.727,1.0
2026-05-02 10:24:42.823,12.887,27.722,1.0
2026-05-02 10:24:43.824,12.997,27.733,1.0
2026-05-02 10:24:44.827,13.114,27.752,1.0
2026-05-02 10:24:45.827,13.16,27.745,1.0
2026-05-02 10:24:46.827,13.338,27.754,1.0
2026-05-02 10:24:47.827,13.407,27.744,1.0
2026-05-02 10:24:48.827,13.406,27.777,1.0
2026-05-02 10:24:49.828,13.415,27.787,1.0
2026-05-02 10:24:50.825,13.453,27.792,1.0
2026-05-02 10:24:51.827,13.499,27.771,1.0
2026-05-02 10:24:52.827,13.496,27.786,1.0
2026-05-02 10:24:53.827,13.525,27.81,1.0
2026-05-02 10:24:54.827,13.468,27.807,1.0
2026-05-02 10:24:55.824,13.446,27.824,1.0
2026-05-02 10:24:56.827,13.318,27.813,1.0
2026-05-02 10:24:57.829,13.307,27.836,1.0
2026-05-02 10:24:58.827,13.179,27.834,1.0
2026-05-02 10:24:59.827,13.086,27.83,1.0
2026-05-02 10:25:00.827,12.983,27.857,1.0
2026-05-02 10:25:01.824,12.821,27.872,1.0
2026-05-02 10:25:02.827,12.719,27.885,1.0
2026-05-02 10:25:03.827,12.621,27.872,1.0
2026-05-02 10:25:04.826,12.416,27.876,1.0
2026-05-02 10:25:05.825,12.288,27.87,1.0
2026-05-02 10:25:06.824,12.161,27.917,1.0
2026-05-02 10:25:07.828,12.055,27.909,1.0
2026-05-02 10:25:08.827,11.844,27.903,1.0
2026-05-02 10:25:09.824,11.72,27.941,1.0
2026-05-02 10:25:10.827,11.528,27.94,1.0
2026-05-02 10:25:11.823,11.435,27.95,1.0
2026-05-02 10:25:12.827,11.257,27.961,1.0
2026-05-02 10:25:13.827,11.185,27.973,1.0
2026-05-02 10:25:14.828,11.06,27.978,1.0
2026-05-02 10:25:15.824,10.9,27.997,1.0
2026-05-02 10:25:16.823,10.834,28.003,1.0
2026-05-02 10:25:17.827,10.765,27.995,1.0
2026-05-02 10:25:18.827,10.632,27.994,1.0
2026-05-02 10:25:19.827,10.65,28.011,1.0
2026-05-02 10:25:20.823,10.578,28.017,1.0
2026-05-02 10:25:21.828,10.565,28.03,1.0
2026-05-02 10:25:22.827,10.517,28.04,1.0
2026-05-02 10:25:23.828,10.55,28.043,1.0
2026-05-02 10:25:24.828,10.476,28.06,1.0
2026-05-02 10:25:25.828,10.584,28.072,1.0
2026-05-02 10:25:26.827,10.559,28.088,1.0
2026-05-02 10:25:27.823,10.627,28.086,1.0
2026-05-02 10:25:28.824,10.659,28.097,1.0
2026-05-02 10:25:29.827,10.773,28.107,1.0
2026-05-02 10:25:30.829,10.865,28.109,1.0
2026-05-02 10:25:31.828,10.999,28.124,1.0
2026-05-02 10:25:32.824,11.122,28.143,1.0
2026-05-02 10:25:33.827,11.247,28.133,1.0
2026-05-02 10:25:34.829,11.332,28.126,1.0
2026-05-02 10:25:35.828,11.47,28.148,1.0
2026-05-02 10:25:36.825,11.622,28.162,1.0
2026-05-02 10:25:37.828,11.748,28.174,1.0
2026-05-02 10:25:38.825,11.915,28.192,1.0
2026-05-02 10:25:39.824,12.094,28.194,1.0
2026-05-02 10:25:40.824,12.233,28.199,1.0
2026-05-02 10:25:41.825,12.364,28.189,1.0
2026-05-02 10:25:42.826,12.558,28.216,1.0
2026-05-02 10:25:43.828,12.64,28.21,1.0
2026-05-02 10:25:44.828,12.811,28.202,1.0
2026-05-02 10:25:45.827,12.956,28.23,1.0
2026-05-02 10:25:46.824,12.98,28.238,1.0
2026-05-02 10:25:47.827,13.083,28.24,1.0
2026-05-02 10:25:48.823,13.226,28.218,1.0
2026-05-02 10:25:49.825,13.352,28.25,1.0
2026-05-02 10:25:50.823,13.333,28.236,1.0
2026-05-02 10:25:51.823,13.391,28.25,1.0
2026-05-02 10:25:52.827,13.493,28.272,1.0
2026-05-02 10:25:53.824,13.468,28.255,1.0
2026-05-02 10:25:54.823,13.544,28.252,1.0
2026-05-02 10:25:55.823,13.467,28.259,1.0
2026-05-02 10:25:56.824,13.45,28.264,1.0
2026-05-02 10:25:57.824,13.41,28.269,1.0
2026-05-02 10:25:58.825,13.421,28.277,1.0
2026-05-02 10:25:59.824,13.3,28.303,1.0
2026-05-02 10:26:00.824,13.276,28.271,1.0
2026-05-02 10:26:01.824,13.15,28.272,1.0
2026-05-02 10:26:02.823,13.023,28.283,1.0
2026-05-02 10:26:03.828,12.943,28.312,1.0
2026-05-02 10:26:04.827,12.87,28.283,1.0
2026-05-02 10:26:05.824,12.678,28.292,1.0
2026-05-02 10:26:06.827,12.559,28.281,1.0
2026-05-02 10:26:07.828,12.408,28.314,1.0
2026-05-02 10:26:08.825,12.318,28.29,1.0
2026-05-02 10:26:09.828,12.113,28.29,1.0
2026-05-02 10:26:10.825,11.945,28.307,1.0
2026-05-02 10:26:11.828,11.859,28.301,1.0
2026-05-02 10:26:12.823,11.641,28.305,1.0
2026-05-02 10:26:13.824,11.52,28.316,1.0
2026-05-02 10:26:14.824,11.448,28.282,1.0
2026-05-02 10:26:15.823,11.303,28.314,1.0
2026-05-02 10:26:16.824,11.098,28.285,1.0
2026-05-02 10:26:17.824,11.0,28.3,1.0
2026-05-02 10:26:18.827,10.877,28.297,1.0
2026-05-02 10:26:19.827,10.8,28.282,1.0
2026-05-02 10:26:20.824,10.711,28.288,1.0
2026-05-02 10:26:21.825,10.701,28.287,1.0
2026-05-02 10:26:22.823,10.627,28.273,1.0
2026-05-02 10:26:23.823,10.51,28.289,1.0
2026-05-02 10:26:24.824,10.554,28.286,1.0
2026-05-02 10:26:25.824,10.48,28.273,1.0
2026-05-02 10:26:26.824,10.529,28.252,1.0
2026-05-02 10:26:27.823,10.525,28.265,1.0
2026-05-02 10:26:28.823,10.561,28.263,1.0
2026-05-02 10:26:29.824,10.55,28.266,1.0
2026-05-02 10:26:30.823,10.623,28.247,1.0
2026-05-02 10:26:31.824,10.715,28.246,1.0
2026-05-02 10:26:32.824,10.793,28.232,1.0
2026-05-02 10:26:33.823,10.921,28.233,1.0
2026-05-02 10:26:34.823,11.032,28.23,1.0
2026-05-02 10:26:35.824,11.142,28.205,1.0
2026-05-02 10:26:36.823,11.229,28.206,1.0
2026-05-02 10:26:37.823,11.41,28.197,1.0
2026-05-02 10:26:38.824,11.468,28.204,1.0
2026-05-02 10:26:39.823,11.708,28.174,1.0
2026-05-02 10:26:40.824,11.804,28.168,1.0
2026-05-02 10:26:41.828,11.99,28.177,1.0
2026-05-02 10:26:42.826,12.112,28.176,1.0
2026-05-02 10:26:43.827,12.232,28.16,1.0
2026-05-02 10:26:44.827,12.448,28.137,1.0
2026-05-02 10:26:45.827,12.53,28.137,1.0
2026-05-02 10:26:46.827,12.635,28.137,1.0
2026-05-02 10:26:47.827,12.799,28.152,1.0
2026-05-02 10:26:48.826,12.911,28.124,1.0
2026-05-02 10:26:49.827,13.022,28.13,1.0
2026-05-02 10:26:50.830,13.139,28.111,1.0
2026-05-02 10:26:51.828,13.232,28.11,1.0
2026-05-02 10:26:52.828,13.331,28.098,1.0
2026-05-02 10:26:53.828,13.335,28.077,1.0
2026-05-02 10:26:54.829,13.445,28.092,1.0
2026-05-02 10:26:55.823,13.51,28.083,1.0
2026-05-02 10:26:56.827,13.481,28.054,1.0
2026-05-02 10:26:57.828,13.495,28.038,1.0
2026-05-02 10:26:58.824,13.473,28.02,1.0
2026-05-02 10:26:59.827,13.49,28.025,1.0
2026-05-02 10:27:00.829,13.438,28.04,1.0
2026-05-02 10:27:01.824,13.427,28.0,1.0
2026-05-02 10:27:02.825,13.303,28.019,1.0
2026-05-02 10:27:03.828,13.2,27.997,1.0
2026-05-02 10:27:04.823,13.101,27.966,1.0
2026-05-02 10:27:05.827,13.004,27.989,1.0
2026-05-02 10:27:06.827,12.938,27.983,1.0
2026-05-02 10:27:07.827,12.823,27.953,1.0
2026-05-02 10:27:08.827,12.67,27.948,1.0
2026-05-02 10:27:09.828,12.546,27.925,1.0
2026-05-02 10:27:10.828,12.413,27.934,1.0
2026-05-02 10:27:11.828,12.301,27.919,1.0
2026-05-02 10:27:12.824,12.128,27.893,1.0
2026-05-02 10:27:13.827,11.95,27.902,1.0
2026-05-02 10:27:14.824,11.771,27.898,1.0
2026-05-02 10:27:15.824,11.677,27.895,1.0
2026-05-02 10:27:16.826,11.515,27.882,1.0
2026-05-02 10:27:17.827,11.346,27.884,1.0
2026-05-02 10:27:18.828,11.234,27.859,1.0
2026-05-02 10:27:19.827,11.125,27.852,1.0
2026-05-02 10:27:20.826,10.971,27.859,1.0
2026-05-02 10:27:21.826,10.85,27.859,1.0
2026-05-02 10:27:22.828,10.771,27.819,1.0
2026-05-02 10:27:23.829,10.732,27.835,1.0
2026-05-02 10:27:24.823,10.668,27.815,1.0
2026-05-02 10:27:25.827,10.608,27.827,1.0
2026-05-02 10:27:26.827,10.528,27.803,1.0
2026-05-02 10:27:27.830,10.482,27.817,1.0
2026-05-02 10:27:28.828,10.546,27.796,1.0
2026-05-02 10:27:29.828,10.493,27.79,1.0
2026-05-02 10:27:30.827,10.475,27.796,1.0
2026-05-02 10:27:31.824,10.591,27.766,1.0
2026-05-02 10:27:32.828,10.618,27.757,1.0
2026-05-02 10:27:33.828,10.645,27.764,1.0
2026-05-02 10:27:34.825,10.771,27.759,1.0
2026-05-02 10:27:35.828,10.792,27.76,1.0
2026-05-02 10:27:36.828,10.932,27.741,1.0
2026-05-02 10:27:37.825,10.991,27.728,1.0
2026-05-02 10:27:38.827,11.155,27.742,1.0
2026-05-02 10:27:39.827,11.304,27.718,1.0
2026-05-02 10:27:40.824,11.395,27.728,1.0
2026-05-02 10:27:41.836,11.507,27.717,1.0
2026-05-02 10:27:42.824,11.7,27.731,1.0
2026-05-02 10:27:43.824,11.843,27.727,1.0
2026-05-02 10:27:44.828,11.982,27.715,1.0
2026-05-02 10:27:45.827,12.126,27.698,1.0
2026-05-02 10:27:46.827,12.304,27.725,1.0
2026-05-02 10:27:47.830,12.47,27.712,1.0
2026-05-02 10:27:48.824,12.558,27.718,1.0
2026-05-02 10:27:49.824,12.696,27.707,1.0
2026-05-02 10:27:50.823,12.826,27.694,1.0
2026-05-02 10:27:51.824,12.983,27.684,1.0
2026-05-02 10:27:52.824,13.103,27.683,1.0
2026-05-02 10:27:53.825,13.181,27.712,1.0
2026-05-02 10:27:54.825,13.298,27.713,1.0
2026-05-02 10:27:55.824,13.281,27.68,1.0
2026-05-02 10:27:56.824,13.426,27.702,1.0
2026-05-02 10:27:57.823,13.444,27.72,1.0
2026-05-02 10:27:58.826,13.441,27.715,1.0
2026-05-02 10:27:59.823,13.467,27.709,1.0
2026-05-02 10:28:09.975,13.53,27.702,1.0
