timestamp,voltage,current,percentage
2026-04-07 16:08:01.083,15.030250549316406,-2.5941579341888428,99.61033463478088
2026-04-07 16:08:02.082,15.016243934631348,-0.8289780020713806,99.46467280387878
2026-04-07 16:08:03.082,14.945364952087402,-2.338752269744873,99.30000305175781
2026-04-07 16:08:04.081,15.014080047607422,-1.6854009628295898,99.24187660217285
2026-04-07 16:08:05.083,15.00317668914795,-0.7684816718101501,99.081289768219
2026-04-07 16:08:06.082,14.983122825622559,-2.464165210723877,98.93130660057068
2026-04-07 16:08:07.082,14.974767684936523,-1.9271780252456665,98.81285429000854
2026-04-07 16:08:08.083,14.916084289550781,-0.8025825023651123,98.6371099948883
2026-04-07 16:08:09.082,14.917603492736816,-2.049211025238037,98.44887256622314
2026-04-07 16:08:10.082,14.907574653625488,-2.0501084327697754,98.38985800743103
2026-04-07 16:08:11.081,14.91086483001709,-1.8880053758621216,98.30767512321472
2026-04-07 16:08:12.081,14.991523742675781,-0.7761433124542236,98.13458323478699
2026-04-07 16:08:13.081,14.902694702148438,-0.6516867876052856,98.02773594856262
2026-04-07 16:08:14.082,14.958561897277832,-0.5099959969520569,97.90023565292358
2026-04-07 16:08:15.083,14.970992088317871,-2.9744272232055664,97.79519438743591
2026-04-07 16:08:16.082,14.938458442687988,-1.3979082107543945,97.59923219680786
2026-04-07 16:08:17.083,14.904607772827148,-2.987766981124878,97.54120707511902
2026-04-07 16:08:18.081,14.901077270507812,-1.2380952835083008,97.44872450828552
2026-04-07 16:08:19.082,14.882550239562988,-1.9669036865234375,97.37626314163208
2026-04-07 16:08:20.083,14.926925659179688,-1.911266803741455,97.23463654518127
2026-04-07 16:08:21.082,14.943460464477539,-2.0222463607788086,97.05579876899719
2026-04-07 16:08:22.081,14.95569896697998,-1.5767139196395874,96.85844779014587
2026-04-07 16:08:23.082,14.888829231262207,-2.2196741104125977,96.79323434829712
2026-04-07 16:08:24.083,14.94471263885498,-2.1198246479034424,96.73515558242798
2026-04-07 16:08:25.082,14.934720039367676,-1.7894673347473145,96.6848373413086
2026-04-07 16:08:26.083,14.93801498413086,-1.7681020498275757,96.5503990650177
2026-04-07 16:08:27.082,14.881518363952637,-1.6382906436920166,96.47995829582214
2026-04-07 16:08:28.082,14.910933494567871,-2.6876561641693115,96.35440707206726
2026-04-07 16:08:29.081,14.912367820739746,-1.022692084312439,96.21753692626953
2026-04-07 16:08:30.087,14.846475601196289,-1.291379451751709,96.0929811000824
2026-04-07 16:08:31.084,14.851027488708496,-2.740723133087158,95.95912098884583
2026-04-07 16:08:32.082,14.865527153015137,-0.7067680358886719,95.84676623344421
2026-04-07 16:08:33.083,14.908868789672852,-1.106685757637024,95.68749070167542
2026-04-07 16:08:34.083,14.894793510437012,-2.060067892074585,95.62388062477112
2026-04-07 16:08:35.081,14.857012748718262,-0.757074236869812,95.4999566078186
2026-04-07 16:08:36.081,14.904749870300293,-2.6258630752563477,95.44925689697266
2026-04-07 16:08:37.085,14.865160942077637,-0.5573898553848267,95.36438584327698
2026-04-07 16:08:38.082,14.883066177368164,-2.276134490966797,95.17590403556824
2026-04-07 16:08:39.077,14.889254570007324,-1.7922848463058472,94.979327917099
2026-04-07 16:08:40.085,14.864703178405762,-2.9422593116760254,94.814133644104
2026-04-07 16:08:41.085,14.836652755737305,-0.9041319489479065,94.68249678611755
2026-04-07 16:08:42.079,14.786256790161133,-2.006960153579712,94.48840618133545
2026-04-07 16:08:43.082,14.814732551574707,-1.2484763860702515,94.34977769851685
2026-04-07 16:08:44.083,14.790925979614258,-1.3119804859161377,94.23060417175293
2026-04-07 16:08:45.083,14.8163480758667,-2.0710504055023193,94.0612256526947
2026-04-07 16:08:46.083,14.813596725463867,-0.8213753700256348,93.86579394340515
2026-04-07 16:08:47.082,14.805591583251953,-0.7561752796173096,93.71759295463562
2026-04-07 16:08:48.083,14.817431449890137,-2.0844922065734863,93.65215301513672
2026-04-07 16:08:49.082,14.85470962524414,-1.9377881288528442,93.49886775016785
2026-04-07 16:08:50.077,14.843033790588379,-2.9526455402374268,93.37968826293945
2026-04-07 16:08:51.078,14.824679374694824,-0.9720396399497986,93.3115541934967
2026-04-07 16:08:52.083,14.84119987487793,-1.5381323099136353,93.17808747291565
2026-04-07 16:08:53.078,14.753960609436035,-2.4395599365234375,92.98093318939209
2026-04-07 16:08:54.083,14.786495208740234,-1.9328808784484863,92.89793372154236
2026-04-07 16:08:55.082,14.810044288635254,-2.918667793273926,92.8398609161377
2026-04-07 16:08:56.078,14.78087043762207,-0.9792220592498779,92.75067448616028
2026-04-07 16:08:57.083,14.773094177246094,-2.2726364135742188,92.68751740455627
2026-04-07 16:08:58.083,14.736595153808594,-1.708340048789978,92.50771403312683
2026-04-07 16:08:59.083,14.75974178314209,-2.393181800842285,92.36249327659607
2026-04-07 16:09:00.083,14.748090744018555,-1.6218394041061401,92.30575561523438
2026-04-07 16:09:01.082,14.742518424987793,-0.6553775072097778,92.11363792419434
2026-04-07 16:09:02.083,14.73314380645752,-0.5970548391342163,92.06346869468689
2026-04-07 16:09:03.082,14.789044380187988,-2.0836048126220703,91.90331101417542
2026-04-07 16:09:04.083,14.781392097473145,-1.1248388290405273,91.78650975227356
2026-04-07 16:09:05.079,14.712770462036133,-2.4124016761779785,91.67765974998474
2026-04-07 16:09:06.082,14.72250747680664,-2.861083507537842,91.50791764259338
2026-04-07 16:09:07.083,14.731823921203613,-1.0230958461761475,91.33753776550293
2026-04-07 16:09:08.083,14.726398468017578,-1.0993138551712036,91.19161367416382
2026-04-07 16:09:09.082,14.691835403442383,-2.6611196994781494,91.08573198318481
2026-04-07 16:09:10.081,14.755348205566406,-2.224540948867798,91.03038311004639
2026-04-07 16:09:11.081,14.752058982849121,-2.6339430809020996,90.9608542919159
2026-04-07 16:09:12.083,14.74128532409668,-2.3796308040618896,90.90491533279419
2026-04-07 16:09:13.077,14.767139434814453,-0.9229161739349365,90.73777794837952
2026-04-07 16:09:14.079,14.72581672668457,-1.6807141304016113,90.6261146068573
2026-04-07 16:09:15.078,14.696621894836426,-1.427168846130371,90.50776958465576
2026-04-07 16:09:16.083,14.686317443847656,-0.7564600110054016,90.34761786460876
2026-04-07 16:09:17.083,14.672200202941895,-2.0561416149139404,90.24258255958557
2026-04-07 16:09:18.082,14.724262237548828,-1.4792134761810303,90.09352922439575
2026-04-07 16:09:19.081,14.671111106872559,-1.1196887493133545,89.99002575874329
2026-04-07 16:09:20.082,14.72981071472168,-1.6643431186676025,89.8938238620758
2026-04-07 16:09:21.082,14.715204238891602,-1.0343456268310547,89.76719975471497
2026-04-07 16:09:22.082,14.681574821472168,-0.6688883900642395,89.66906666755676
2026-04-07 16:09:23.082,14.661520004272461,-1.838161587715149,89.49066996574402
2026-04-07 16:09:24.081,14.710705757141113,-1.95840322971344,89.33495879173279
2026-04-07 16:09:25.081,14.705167770385742,-1.9071274995803833,89.21747207641602
2026-04-07 16:09:26.083,14.6573486328125,-1.5942496061325073,89.06250596046448
2026-04-07 16:09:27.077,14.699262619018555,-1.691068172454834,88.92107605934143
2026-04-07 16:09:28.082,14.690014839172363,-1.5623061656951904,88.75640630722046
2026-04-07 16:09:29.081,14.641952514648438,-1.773074746131897,88.6018455028534
2026-04-07 16:09:30.081,14.677436828613281,-2.289449691772461,88.49743604660034
2026-04-07 16:09:31.082,14.69904613494873,-1.8018066883087158,88.39284777641296
2026-04-07 16:09:32.077,14.661355018615723,-1.0114567279815674,88.20945620536804
2026-04-07 16:09:33.083,14.660284042358398,-2.949477434158325,88.11230063438416
2026-04-07 16:09:34.082,14.6802978515625,-1.6702992916107178,88.01507353782654
2026-04-07 16:09:35.083,14.679527282714844,-2.7016944885253906,87.8848671913147
2026-04-07 16:09:36.082,14.624265670776367,-2.473280191421509,87.72392868995667
2026-04-07 16:09:37.082,14.639485359191895,-2.8472373485565186,87.65863180160522
2026-04-07 16:09:38.077,14.638798713684082,-0.9501729011535645,87.5229001045227
2026-04-07 16:09:39.082,14.590956687927246,-1.8954864740371704,87.4488115310669
2026-04-07 16:09:40.077,14.603012084960938,-2.678340196609497,87.32989430427551
2026-04-07 16:09:41.082,14.573795318603516,-1.2671958208084106,87.19467520713806
2026-04-07 16:09:42.077,14.574097633361816,-2.41164231300354,87.02201843261719
2026-04-07 16:09:43.082,14.566933631896973,-1.4711426496505737,86.82252168655396
2026-04-07 16:09:44.078,14.57664680480957,-1.938538670539856,86.63764595985413
2026-04-07 16:09:45.082,14.55665397644043,-2.6468544006347656,86.48167252540588
2026-04-07 16:09:46.083,14.613455772399902,-0.6494215130805969,86.29873394966125
2026-04-07 16:09:47.083,14.586005210876465,-2.725985288619995,86.21252179145813
2026-04-07 16:09:48.083,14.543299674987793,-2.492267608642578,86.08238697052002
2026-04-07 16:09:49.083,14.581221580505371,-1.9811958074569702,86.02519035339355
2026-04-07 16:09:50.083,14.56938362121582,-2.063045024871826,85.91654300689697
2026-04-07 16:09:51.079,14.55440902709961,-1.874039888381958,85.85096001625061
2026-04-07 16:09:52.082,14.59558391571045,-1.8585355281829834,85.72784066200256
2026-04-07 16:09:53.083,14.590055465698242,-1.4404776096343994,85.59828400611877
2026-04-07 16:09:54.083,14.56602668762207,-0.5569138526916504,85.49745082855225
2026-04-07 16:09:55.082,14.537934303283691,-0.9340301752090454,85.33004522323608
2026-04-07 16:09:56.084,14.534335136413574,-0.8163380026817322,85.26563048362732
2026-04-07 16:09:57.083,14.587976455688477,-2.7632486820220947,85.21156907081604
2026-04-07 16:09:58.080,14.588850975036621,-1.3598573207855225,85.05615592002869
2026-04-07 16:09:59.083,14.513772010803223,-2.1900951862335205,84.95395183563232
2026-04-07 16:10:00.077,14.548181533813477,-1.9103307723999023,84.8825454711914
2026-04-07 16:10:01.077,14.502984046936035,-1.3289909362792969,84.73696708679199
2026-04-07 16:10:02.086,14.516521453857422,-1.6426169872283936,84.68116521835327
2026-04-07 16:10:03.077,14.52232837677002,-0.9638929963111877,84.60561633110046
2026-04-07 16:10:04.079,14.530519485473633,-1.6499813795089722,84.49931740760803
2026-04-07 16:10:05.082,14.525333404541016,-1.367843747138977,84.414541721344
2026-04-07 16:10:06.083,14.565328598022461,-0.6108167767524719,84.32244062423706
2026-04-07 16:10:07.082,14.57199478149414,-2.4442906379699707,84.13596749305725
2026-04-07 16:10:08.082,14.517073631286621,-2.467444896697998,83.96506309509277
2026-04-07 16:10:09.083,14.514942169189453,-1.7498425245285034,83.82313251495361
2026-04-07 16:10:10.082,14.527311325073242,-2.112743616104126,83.74357223510742
2026-04-07 16:10:11.083,14.46566104888916,-1.4012764692306519,83.59867334365845
2026-04-07 16:10:12.083,14.474791526794434,-0.8591366410255432,83.41941833496094
2026-04-07 16:10:13.082,14.45085620880127,-2.0962677001953125,83.26053023338318
2026-04-07 16:10:14.083,14.518463134765625,-0.5067437887191772,83.11846256256104
2026-04-07 16:10:15.086,14.477083206176758,-1.6677840948104858,83.06412696838379
2026-04-07 16:10:16.079,14.506775856018066,-1.8279057741165161,82.90759921073914
2026-04-07 16:10:17.080,14.509786605834961,-1.8365232944488525,82.83656239509583
2026-04-07 16:10:18.083,14.495951652526855,-1.376547932624817,82.67755508422852
2026-04-07 16:10:19.077,14.479907035827637,-2.071237802505493,82.62144327163696
2026-04-07 16:10:20.083,14.474565505981445,-1.1633840799331665,82.5416088104248
2026-04-07 16:10:21.083,14.469428062438965,-1.848899483680725,82.35632181167603
2026-04-07 16:10:22.082,14.431984901428223,-1.5666110515594482,82.19544291496277
2026-04-07 16:10:23.082,14.477031707763672,-2.505725145339966,82.04025030136108
2026-04-07 16:10:24.078,14.458147048950195,-0.5648642778396606,81.92175030708313
2026-04-07 16:10:25.082,14.470199584960938,-0.8873820304870605,81.78344964981079
2026-04-07 16:10:26.083,14.481603622436523,-2.485776901245117,81.61484599113464
2026-04-07 16:10:27.082,14.446442604064941,-0.5121195316314697,81.48181438446045
2026-04-07 16:10:28.082,14.421429634094238,-2.2271809577941895,81.3702404499054
2026-04-07 16:10:29.082,14.390775680541992,-1.6097551584243774,81.29977583885193
2026-04-07 16:10:30.082,14.443031311035156,-2.1679465770721436,81.15703463554382
2026-04-07 16:10:31.084,14.42998218536377,-0.6939323544502258,80.99013566970825
2026-04-07 16:10:32.077,14.462377548217773,-2.33937931060791,80.90248703956604
2026-04-07 16:10:33.086,14.438821792602539,-2.915562391281128,80.76267838478088
2026-04-07 16:10:34.083,14.392611503601074,-0.5611996650695801,80.65218925476074
2026-04-07 16:10:35.083,14.457148551940918,-1.4635037183761597,80.50665259361267
2026-04-07 16:10:36.083,14.379928588867188,-2.7697880268096924,80.35629391670227
2026-04-07 16:10:37.083,14.443735122680664,-2.5004723072052,80.21469116210938
2026-04-07 16:10:38.083,14.44891357421875,-2.5402865409851074,80.07067441940308
2026-04-07 16:10:39.082,14.37209415435791,-2.21565842628479,79.9971342086792
2026-04-07 16:10:40.082,14.395606994628906,-0.7421472668647766,79.88689541816711
2026-04-07 16:10:41.083,14.354382514953613,-1.7891868352890015,79.76586818695068
2026-04-07 16:10:42.083,14.342071533203125,-1.3134676218032837,79.60326075553894
2026-04-07 16:10:43.082,14.401166915893555,-1.5926355123519897,79.51238751411438
2026-04-07 16:10:44.082,14.428135871887207,-0.518364667892456,79.36949729919434
2026-04-07 16:10:45.083,14.389824867248535,-0.8844832181930542,79.20385599136353
2026-04-07 16:10:46.083,14.330707550048828,-0.9878695011138916,79.13928627967834
2026-04-07 16:10:47.083,14.389299392700195,-0.5266156792640686,78.96023988723755
2026-04-07 16:10:48.082,14.379900932312012,-0.6181021928787231,78.8635790348053
2026-04-07 16:10:49.082,14.312650680541992,-1.485689401626587,78.68747115135193
2026-04-07 16:10:50.082,14.376996040344238,-1.862964153289795,78.58173251152039
2026-04-07 16:10:51.083,14.400016784667969,-2.7072274684906006,78.43320369720459
2026-04-07 16:10:52.082,14.36114501953125,-2.244293212890625,78.3330500125885
2026-04-07 16:10:53.078,14.29659652709961,-0.5307034254074097,78.20814251899719
2026-04-07 16:10:54.077,14.381172180175781,-2.4024832248687744,78.0969500541687
2026-04-07 16:10:55.077,14.35754108428955,-0.7204902768135071,78.0136227607727
2026-04-07 16:10:56.078,14.352497100830078,-0.7504223585128784,77.87467241287231
2026-04-07 16:10:57.077,14.333717346191406,-2.207689046859741,77.78704166412354
2026-04-07 16:10:58.082,14.325216293334961,-0.6786931157112122,77.638179063797
2026-04-07 16:10:59.082,14.348557472229004,-0.7092099189758301,77.54178643226624
2026-04-07 16:11:00.083,14.308865547180176,-2.3675172328948975,77.39846110343933
2026-04-07 16:11:01.082,14.348795890808105,-0.6636251211166382,77.22047567367554
2026-04-07 16:11:02.083,14.330790519714355,-0.6753622889518738,77.11067795753479
2026-04-07 16:11:03.082,14.322768211364746,-2.1291422843933105,76.96915864944458
2026-04-07 16:11:04.082,14.335326194763184,-0.6959779858589172,76.80227160453796
2026-04-07 16:11:05.083,14.289751052856445,-1.3506274223327637,76.68976187705994
2026-04-07 16:11:06.082,14.255217552185059,-1.7701231241226196,76.58578753471375
2026-04-07 16:11:07.083,14.291781425476074,-1.5653127431869507,76.49027705192566
2026-04-07 16:11:08.082,14.281720161437988,-1.5655996799468994,76.29724144935608
2026-04-07 16:11:09.082,14.255393981933594,-2.715895891189575,76.1771559715271
2026-04-07 16:11:10.083,14.264148712158203,-2.6561691761016846,76.03044509887695
2026-04-07 16:11:11.083,14.269186973571777,-2.892711639404297,75.9234368801117
2026-04-07 16:11:12.083,14.312938690185547,-1.037519097328186,75.84071159362793
2026-04-07 16:11:13.082,14.297186851501465,-2.9800469875335693,75.66211223602295
2026-04-07 16:11:14.082,14.231226921081543,-2.920347213745117,75.53796768188477
2026-04-07 16:11:15.083,14.302691459655762,-2.6039233207702637,75.40108561515808
2026-04-07 16:11:16.083,14.239969253540039,-1.8150368928909302,75.30277967453003
2026-04-07 16:11:17.079,14.276688575744629,-2.185281276702881,75.14105439186096
2026-04-07 16:11:18.083,14.277730941772461,-2.6183347702026367,75.07737278938293
2026-04-07 16:11:19.082,14.286291122436523,-1.5817079544067383,74.99464750289917
2026-04-07 16:11:20.083,14.204167366027832,-1.0413532257080078,74.93967413902283
2026-04-07 16:11:21.084,14.211637496948242,-2.8895440101623535,74.75346326828003
2026-04-07 16:11:22.083,14.216390609741211,-2.2000112533569336,74.63470101356506
2026-04-07 16:11:23.082,14.283923149108887,-0.8226049542427063,74.55560564994812
2026-04-07 16:11:24.082,14.202670097351074,-1.0665570497512817,74.36324954032898
2026-04-07 16:11:25.083,14.17873764038086,-1.0634183883666992,74.23542737960815
2026-04-07 16:11:26.084,14.18716049194336,-1.4326634407043457,74.10968542098999
2026-04-07 16:11:27.077,14.20152759552002,-1.256320834159851,73.94940853118896
2026-04-07 16:11:28.082,14.233979225158691,-1.8474891185760498,73.77155423164368
2026-04-07 16:11:29.082,14.168346405029297,-2.9465928077697754,73.66514801979065
2026-04-07 16:11:30.083,14.194918632507324,-0.8193939328193665,73.59589338302612
2026-04-07 16:11:31.083,14.219117164611816,-1.5543303489685059,73.50648641586304
2026-04-07 16:11:32.083,14.20938777923584,-0.7335222363471985,73.3284592628479
2026-04-07 16:11:33.082,14.217737197875977,-2.0944571495056152,73.21797609329224
2026-04-07 16:11:34.083,14.148859977722168,-2.9740328788757324,73.07877540588379
2026-04-07 16:11:35.082,14.205276489257812,-1.6228675842285156,72.90582656860352
2026-04-07 16:11:36.083,14.133909225463867,-2.386441707611084,72.72564768791199
2026-04-07 16:11:37.083,14.204944610595703,-2.8562614917755127,72.66250848770142
2026-04-07 16:11:38.082,14.214789390563965,-1.8943864107131958,72.52800464630127
2026-04-07 16:11:39.082,14.144634246826172,-1.5552605390548706,72.41407632827759
2026-04-07 16:11:40.082,14.176304817199707,-1.6841354370117188,72.3311722278595
2026-04-07 16:11:41.083,14.14910888671875,-1.880507469177246,72.15957641601562
2026-04-07 16:11:42.083,14.182011604309082,-1.1391748189926147,71.97591066360474
2026-04-07 16:11:43.082,14.176436424255371,-2.168013095855713,71.87973856925964
2026-04-07 16:11:44.082,14.191139221191406,-1.3715550899505615,71.80827260017395
2026-04-07 16:11:45.082,14.136038780212402,-1.1551934480667114,71.73857092857361
2026-04-07 16:11:46.083,14.098409652709961,-1.256421446800232,71.53910398483276
2026-04-07 16:11:47.083,14.164813995361328,-2.092881441116333,71.37810587882996
2026-04-07 16:11:48.083,14.172642707824707,-0.9901665449142456,71.23638987541199
2026-04-07 16:11:49.082,14.152918815612793,-1.7185604572296143,71.06856107711792
2026-04-07 16:11:50.082,14.15557861328125,-2.8428993225097656,70.91198563575745
2026-04-07 16:11:51.083,14.077383995056152,-2.789361000061035,70.80039381980896
2026-04-07 16:11:52.082,14.142441749572754,-1.6070904731750488,70.65192461013794
2026-04-07 16:11:53.082,14.16141128540039,-0.9672619700431824,70.45844793319702
2026-04-07 16:11:54.082,14.06391716003418,-2.5846917629241943,70.29186487197876
2026-04-07 16:11:55.077,14.076960563659668,-0.7714503407478333,70.1874315738678
2026-04-07 16:11:56.083,14.09838581085205,-1.5425163507461548,69.99578475952148
2026-04-07 16:11:57.083,14.130187034606934,-2.0562744140625,69.93235945701599
2026-04-07 16:11:58.082,14.135329246520996,-1.2862021923065186,69.78948712348938
2026-04-07 16:11:59.082,14.049434661865234,-0.7188771963119507,69.70584392547607
2026-04-07 16:12:00.082,14.097014427185059,-2.817059278488159,69.62303519248962
2026-04-07 16:12:01.082,14.085603713989258,-2.860144853591919,69.55822110176086
2026-04-07 16:12:02.082,14.083863258361816,-0.5304162502288818,69.4414734840393
2026-04-07 16:12:03.081,14.128714561462402,-2.603339433670044,69.3277657032013
2026-04-07 16:12:04.082,14.064868927001953,-0.8178460597991943,69.25938129425049
2026-04-07 16:12:05.082,14.03758430480957,-2.3574438095092773,69.18218731880188
2026-04-07 16:12:06.083,14.067117691040039,-1.8066576719284058,69.07765865325928
2026-04-07 16:12:07.082,14.100065231323242,-1.7865058183670044,68.94805431365967
2026-04-07 16:12:08.082,14.052699089050293,-2.2617154121398926,68.78759264945984
2026-04-07 16:12:09.084,14.072320938110352,-2.4284615516662598,68.6360239982605
2026-04-07 16:12:10.082,14.100913047790527,-1.818276047706604,68.50385069847107
2026-04-07 16:12:11.083,14.095078468322754,-1.9855420589447021,68.36465001106262
2026-04-07 16:12:12.082,14.071412086486816,-1.9325666427612305,68.31228733062744
2026-04-07 16:12:13.082,14.0201997756958,-2.8026862144470215,68.17490458488464
2026-04-07 16:12:14.082,14.019865036010742,-1.7624319791793823,67.98824071884155
2026-04-07 16:12:15.082,13.994422912597656,-2.5942959785461426,67.89695620536804
2026-04-07 16:12:16.082,14.08139705657959,-0.5100976824760437,67.73827075958252
2026-04-07 16:12:17.083,14.014866828918457,-1.0530028343200684,67.5463616847992
2026-04-07 16:12:18.082,14.032529830932617,-2.406709909439087,67.46424436569214
2026-04-07 16:12:19.082,14.05551815032959,-0.7595556974411011,67.29251146316528
2026-04-07 16:12:20.082,13.990775108337402,-1.2740447521209717,67.24100708961487
2026-04-07 16:12:21.083,14.054306983947754,-2.9496254920959473,67.09497570991516
2026-04-07 16:12:22.082,13.97634506225586,-1.1640684604644775,67.00407266616821
2026-04-07 16:12:23.082,13.983670234680176,-1.3954747915267944,66.83310866355896
2026-04-07 16:12:24.082,13.962406158447266,-0.7698202133178711,66.69549345970154
2026-04-07 16:12:25.082,13.980101585388184,-1.2095279693603516,66.50868058204651
2026-04-07 16:12:26.083,14.01904296875,-2.601480007171631,66.36888384819031
2026-04-07 16:12:27.082,13.948380470275879,-0.7715886831283569,66.24761819839478
2026-04-07 16:12:28.082,13.969109535217285,-0.6292479038238525,66.13987684249878
2026-04-07 16:12:29.081,14.008329391479492,-2.8425605297088623,65.95438122749329
2026-04-07 16:12:30.082,13.975641250610352,-2.624617576599121,65.82760810852051
2026-04-07 16:12:31.082,14.01378059387207,-0.5611047744750977,65.64528942108154
2026-04-07 16:12:32.082,13.991690635681152,-2.4104535579681396,65.4475748538971
2026-04-07 16:12:33.077,13.938724517822266,-1.2128647565841675,65.26530981063843
2026-04-07 16:12:34.082,13.959473609924316,-0.993183434009552,65.16219973564148
2026-04-07 16:12:35.082,13.951062202453613,-2.7855706214904785,65.03671407699585
2026-04-07 16:12:36.083,13.940890312194824,-2.633283853530884,64.8671805858612
2026-04-07 16:12:37.082,13.943885803222656,-0.9456754922866821,64.7020936012268
2026-04-07 16:12:38.082,13.898573875427246,-2.2671422958374023,64.5331621170044
2026-04-07 16:12:39.082,13.916524887084961,-1.7344276905059814,64.34472799301147
2026-04-07 16:12:40.077,13.88907241821289,-1.5178805589675903,64.2237901687622
2026-04-07 16:12:41.083,13.974098205566406,-1.8794008493423462,64.170241355896
2026-04-07 16:12:42.083,13.972515106201172,-1.2348049879074097,64.11628723144531
2026-04-07 16:12:43.083,13.925800323486328,-2.841562032699585,64.00211453437805
2026-04-07 16:12:44.083,13.879631042480469,-2.6707091331481934,63.87180685997009
2026-04-07 16:12:45.083,13.901639938354492,-2.3853065967559814,63.75868320465088
2026-04-07 16:12:46.083,13.88746166229248,-1.432871699333191,63.62771987915039
2026-04-07 16:12:47.083,13.923711776733398,-0.731360137462616,63.44897150993347
2026-04-07 16:12:48.083,13.922171592712402,-2.4755477905273438,63.37321996688843
2026-04-07 16:12:49.077,13.850992202758789,-2.755540609359741,63.27849626541138
2026-04-07 16:12:50.083,13.884109497070312,-0.630876362323761,63.183581829071045
2026-04-07 16:12:51.083,13.886993408203125,-2.972839117050171,62.991708517074585
2026-04-07 16:12:52.082,13.918678283691406,-1.9233099222183228,62.86547780036926
2026-04-07 16:12:53.082,13.830451965332031,-0.954043447971344,62.671929597854614
2026-04-07 16:12:54.082,13.834135055541992,-2.829169273376465,62.57426738739014
2026-04-07 16:12:55.082,13.882136344909668,-1.8877795934677124,62.42014169692993
2026-04-07 16:12:56.083,13.858808517456055,-2.9336955547332764,62.26832866668701
2026-04-07 16:12:57.083,13.897101402282715,-2.5514025688171387,62.15117573738098
2026-04-07 16:12:58.082,13.823887825012207,-2.9235661029815674,61.97683811187744
2026-04-07 16:12:59.082,13.87895393371582,-1.5110567808151245,61.90248131752014
2026-04-07 16:13:00.082,13.871596336364746,-2.8210031986236572,61.84634566307068
2026-04-07 16:13:01.082,13.819153785705566,-0.868846595287323,61.78703308105469
2026-04-07 16:13:02.082,13.846158981323242,-1.1510041952133179,61.612582206726074
2026-04-07 16:13:03.081,13.874286651611328,-1.0159879922866821,61.559873819351196
2026-04-07 16:13:04.082,13.886794090270996,-0.8323709964752197,61.43304109573364
2026-04-07 16:13:05.082,13.882842063903809,-1.8025636672973633,61.35377883911133
2026-04-07 16:13:06.083,13.839777946472168,-2.9257473945617676,61.26946806907654
2026-04-07 16:13:07.082,13.797624588012695,-1.3093454837799072,61.16188168525696
2026-04-07 16:13:08.082,13.79334545135498,-0.5826603174209595,61.01709604263306
2026-04-07 16:13:09.082,13.874590873718262,-1.3286222219467163,60.940349102020264
2026-04-07 16:13:10.082,13.82369613647461,-1.1213467121124268,60.793501138687134
2026-04-07 16:13:11.083,13.838482856750488,-2.0146632194519043,60.615307092666626
2026-04-07 16:13:12.077,13.86374568939209,-2.093212842941284,60.48869490623474
2026-04-07 16:13:13.082,13.854771614074707,-0.5352862477302551,60.360187292099
2026-04-07 16:13:14.082,13.808146476745605,-1.2558072805404663,60.20740866661072
2026-04-07 16:13:15.082,13.754800796508789,-1.5160667896270752,60.13422608375549
2026-04-07 16:13:16.083,13.829429626464844,-1.336608648300171,60.0283682346344
2026-04-07 16:13:17.083,13.771692276000977,-2.9461405277252197,59.87512469291687
2026-04-07 16:13:18.082,13.83367919921875,-1.5284861326217651,59.737610816955566
2026-04-07 16:13:19.082,13.811478614807129,-1.4826629161834717,59.622782468795776
2026-04-07 16:13:20.084,13.745731353759766,-2.1083452701568604,59.43639278411865
2026-04-07 16:13:21.083,13.780088424682617,-1.7771755456924438,59.34985876083374
2026-04-07 16:13:22.082,13.754613876342773,-2.692946434020996,59.27063226699829
2026-04-07 16:13:23.083,13.79802417755127,-2.470816135406494,59.18509364128113
2026-04-07 16:13:24.082,13.772494316101074,-1.6294454336166382,59.1261625289917
2026-04-07 16:13:25.082,13.736639976501465,-0.7054557204246521,58.96809101104736
2026-04-07 16:13:26.083,13.800914764404297,-1.914367437362671,58.7908148765564
2026-04-07 16:13:27.083,13.775979995727539,-1.4068435430526733,58.67313742637634
2026-04-07 16:13:28.079,13.730892181396484,-0.8185254335403442,58.53565335273743
2026-04-07 16:13:29.082,13.702741622924805,-0.6247642040252686,58.39671492576599
2026-04-07 16:13:30.082,13.782930374145508,-0.6363025903701782,58.2463800907135
2026-04-07 16:13:31.083,13.723139762878418,-0.5190561413764954,58.174437284469604
2026-04-07 16:13:32.083,13.756331443786621,-1.1757478713989258,58.097654581069946
2026-04-07 16:13:33.082,13.74262809753418,-2.226304769515991,57.964760065078735
2026-04-07 16:13:34.082,13.733234405517578,-2.9886579513549805,57.79610872268677
2026-04-07 16:13:35.083,13.781249046325684,-1.974902868270874,57.7096164226532
2026-04-07 16:13:36.083,13.689203262329102,-1.737572431564331,57.654666900634766
2026-04-07 16:13:37.082,13.6778564453125,-0.9950743913650513,57.51799941062927
2026-04-07 16:13:38.082,13.672797203063965,-2.596467971801758,57.37202167510986
2026-04-07 16:13:39.082,13.724408149719238,-1.568324327468872,57.23045468330383
2026-04-07 16:13:40.082,13.702082633972168,-1.462397813796997,57.07971453666687
2026-04-07 16:13:41.083,13.722736358642578,-0.5453315377235413,56.97092413902283
2026-04-07 16:13:42.083,13.676006317138672,-2.042360782623291,56.8911075592041
2026-04-07 16:13:43.082,13.678889274597168,-1.8323115110397339,56.72062039375305
2026-04-07 16:13:44.082,13.725800514221191,-2.9448773860931396,56.54205083847046
2026-04-07 16:13:45.082,13.672567367553711,-1.638990044593811,56.47154450416565
2026-04-07 16:13:46.083,13.68678092956543,-1.3146964311599731,56.41359090805054
2026-04-07 16:13:47.083,13.726107597351074,-2.9585788249969482,56.2882661819458
2026-04-07 16:13:48.082,13.695130348205566,-2.445638656616211,56.146395206451416
2026-04-07 16:13:49.082,13.645001411437988,-2.6435253620147705,55.958545207977295
2026-04-07 16:13:50.082,13.689827919006348,-1.1780273914337158,55.86662292480469
2026-04-07 16:13:51.083,13.640466690063477,-1.3713620901107788,55.67560791969299
2026-04-07 16:13:52.083,13.660015106201172,-0.8942015171051025,55.50459623336792
2026-04-07 16:13:53.082,13.644452095031738,-1.8608856201171875,55.4520308971405
2026-04-07 16:13:54.082,13.620721817016602,-2.0384528636932373,55.37429451942444
2026-04-07 16:13:55.082,13.61667251586914,-2.397587299346924,55.2365243434906
2026-04-07 16:13:56.083,13.701190948486328,-1.8870912790298462,55.104297399520874
2026-04-07 16:13:57.083,13.685483932495117,-0.748175859451294,54.98459339141846
2026-04-07 16:13:58.082,13.596439361572266,-0.6300041675567627,54.818207025527954
2026-04-07 16:13:59.082,13.6044921875,-2.408918619155884,54.71034049987793
2026-04-07 16:14:00.082,13.660665512084961,-2.442206382751465,54.52897548675537
2026-04-07 16:14:01.083,13.613600730895996,-2.3681480884552,54.43970561027527
2026-04-07 16:14:02.083,13.582727432250977,-0.8961622714996338,54.354506731033325
2026-04-07 16:14:03.082,13.605891227722168,-1.8450117111206055,54.29869294166565
2026-04-07 16:14:04.082,13.66736125946045,-0.6373994946479797,54.23736572265625
2026-04-07 16:14:05.083,13.63107967376709,-2.2324912548065186,54.0593683719635
2026-04-07 16:14:06.083,13.622496604919434,-1.0019439458847046,53.86570692062378
2026-04-07 16:14:07.082,13.656488418579102,-2.637528419494629,53.77119183540344
2026-04-07 16:14:08.082,13.641151428222656,-2.9534127712249756,53.60462665557861
2026-04-07 16:14:09.083,13.576519966125488,-1.6647446155548096,53.452134132385254
2026-04-07 16:14:10.082,13.585657119750977,-1.404124140739441,53.28623056411743
2026-04-07 16:14:11.084,13.633313179016113,-2.1905999183654785,53.17099690437317
2026-04-07 16:14:12.083,13.617713928222656,-2.476526975631714,53.10324430465698
2026-04-07 16:14:13.082,13.584760665893555,-1.4450209140777588,52.92402505874634
2026-04-07 16:14:14.082,13.57532024383545,-2.4922943115234375,52.787673473358154
2026-04-07 16:14:15.084,13.626574516296387,-0.5652766227722168,52.63776183128357
2026-04-07 16:14:16.082,13.62057113647461,-2.2902233600616455,52.54796743392944
2026-04-07 16:14:17.083,13.553451538085938,-1.411847472190857,52.46879458427429
2026-04-07 16:14:18.083,13.572779655456543,-0.5719842910766602,52.33318209648132
2026-04-07 16:14:19.082,13.547614097595215,-0.8465980887413025,52.27954387664795
2026-04-07 16:14:20.082,13.545146942138672,-1.5336006879806519,52.20533013343811
2026-04-07 16:14:21.083,13.549314498901367,-0.9775800704956055,52.08395719528198
2026-04-07 16:14:22.077,13.585826873779297,-2.408362627029419,51.90151929855347
2026-04-07 16:14:23.079,13.601972579956055,-2.5045948028564453,51.75905227661133
2026-04-07 16:14:24.082,13.569624900817871,-2.9351518154144287,51.62980556488037
2026-04-07 16:14:25.082,13.495975494384766,-1.9581328630447388,51.51512622833252
2026-04-07 16:14:26.083,13.518632888793945,-2.1753525733947754,51.35233402252197
2026-04-07 16:14:27.083,13.488227844238281,-2.2926878929138184,51.23682618141174
2026-04-07 16:14:28.081,13.524229049682617,-2.3164196014404297,51.06725096702576
2026-04-07 16:14:29.078,13.546958923339844,-2.7611045837402344,50.88111162185669
2026-04-07 16:14:30.082,13.569280624389648,-1.5766630172729492,50.685518980026245
2026-04-07 16:14:31.077,13.514037132263184,-0.5493956804275513,50.50254464149475
2026-04-07 16:14:32.082,13.462435722351074,-1.4156943559646606,50.384801626205444
2026-04-07 16:14:33.082,13.520890235900879,-0.7056439518928528,50.24779438972473
2026-04-07 16:14:34.082,13.498055458068848,-2.480998992919922,50.16438961029053
2026-04-07 16:14:35.082,13.482163429260254,-0.5573102831840515,50.002217292785645
2026-04-07 16:14:36.083,13.518776893615723,-1.1471251249313354,49.8539537191391
2026-04-07 16:14:37.083,13.509552955627441,-1.7863109111785889,49.689823389053345
2026-04-07 16:14:38.083,13.474994659423828,-2.787869691848755,49.62465465068817
2026-04-07 16:14:39.083,13.469622611999512,-2.2474288940429688,49.53172206878662
2026-04-07 16:14:40.082,13.529646873474121,-2.2092580795288086,49.45520758628845
2026-04-07 16:14:41.083,13.477137565612793,-0.8498846888542175,49.31265711784363
2026-04-07 16:14:42.082,13.48913860321045,-2.9153614044189453,49.18511211872101
2026-04-07 16:14:43.082,13.43903923034668,-2.5041935443878174,49.051010608673096
2026-04-07 16:14:44.082,13.517106056213379,-1.7440533638000488,48.99939298629761
2026-04-07 16:14:45.082,13.434173583984375,-1.5943650007247925,48.88666272163391
2026-04-07 16:14:46.082,13.46815299987793,-1.0920164585113525,48.70374798774719
2026-04-07 16:14:47.083,13.44073486328125,-2.4431262016296387,48.54046404361725
2026-04-07 16:14:48.082,13.403454780578613,-0.500411331653595,48.348021507263184
2026-04-07 16:14:49.082,13.442567825317383,-2.6989362239837646,48.260435461997986
2026-04-07 16:14:50.082,13.412006378173828,-2.1371753215789795,48.116859793663025
2026-04-07 16:14:51.083,13.392931938171387,-2.402179002761841,47.99886643886566
2026-04-07 16:14:52.082,13.469921112060547,-2.293947696685791,47.79953062534332
2026-04-07 16:14:53.082,13.396767616271973,-1.4077868461608887,47.70786166191101
2026-04-07 16:14:54.082,13.470338821411133,-1.485679030418396,47.51666784286499
2026-04-07 16:14:55.082,13.44704818725586,-2.423097848892212,47.3349004983902
2026-04-07 16:14:56.083,13.396791458129883,-2.933882236480713,47.18855023384094
2026-04-07 16:14:57.082,13.39352035522461,-1.145526647567749,47.0666378736496
2026-04-07 16:14:58.082,13.392631530761719,-0.9143794178962708,46.9618022441864
2026-04-07 16:14:59.078,13.368659973144531,-2.289774179458618,46.76972031593323
2026-04-07 16:15:00.080,13.426183700561523,-1.911540150642395,46.57889902591705
2026-04-07 16:15:01.082,13.389303207397461,-1.2210034132003784,46.464329957962036
2026-04-07 16:15:02.078,13.352829933166504,-1.6733797788619995,46.39678597450256
2026-04-07 16:15:03.081,13.419912338256836,-1.0562071800231934,46.33735418319702
2026-04-07 16:15:04.082,13.370881080627441,-2.50026273727417,46.22868001461029
2026-04-07 16:15:05.081,13.405160903930664,-1.08101487159729,46.08684778213501
2026-04-07 16:15:06.083,13.425344467163086,-2.14033579826355,45.960766077041626
2026-04-07 16:15:07.082,13.399971961975098,-0.902694821357727,45.84101736545563
2026-04-07 16:15:08.082,13.383565902709961,-1.9974560737609863,45.75582146644592
2026-04-07 16:15:09.081,13.384228706359863,-1.8803218603134155,45.64333260059357
2026-04-07 16:15:10.082,13.33520793914795,-2.6114747524261475,45.53203582763672
2026-04-07 16:15:11.082,13.333725929260254,-1.1555607318878174,45.394983887672424
2026-04-07 16:15:12.082,13.396267890930176,-0.6162131428718567,45.19762098789215
2026-04-07 16:15:13.077,13.354344367980957,-2.060497760772705,45.0870156288147
2026-04-07 16:15:14.083,13.369102478027344,-1.127119779586792,44.93094980716705
2026-04-07 16:15:15.079,13.356281280517578,-0.7089269161224365,44.77061629295349
2026-04-07 16:15:16.083,13.301871299743652,-1.1280090808868408,44.69616115093231
2026-04-07 16:15:17.083,13.298375129699707,-0.9199661016464233,44.59192752838135
2026-04-07 16:15:18.083,13.378216743469238,-1.2753039598464966,44.4283664226532
2026-04-07 16:15:19.082,13.29508113861084,-2.8701610565185547,44.33302879333496
2026-04-07 16:15:20.082,13.348517417907715,-2.910761594772339,44.28080916404724
2026-04-07 16:15:21.083,13.305341720581055,-1.7864058017730713,44.20837163925171
2026-04-07 16:15:22.083,13.28941822052002,-2.9854774475097656,44.13866996765137
2026-04-07 16:15:23.083,13.33576774597168,-1.9142568111419678,44.083330035209656
2026-04-07 16:15:24.082,13.36445426940918,-2.35915207862854,43.981632590293884
2026-04-07 16:15:25.082,13.322486877441406,-2.8469858169555664,43.82830560207367
2026-04-07 16:15:26.083,13.307097434997559,-0.7260211110115051,43.64408850669861
2026-04-07 16:15:27.083,13.29227066040039,-0.8330755829811096,43.52183938026428
2026-04-07 16:15:28.082,13.281094551086426,-2.4518675804138184,43.40431988239288
2026-04-07 16:15:29.082,13.314066886901855,-2.540022850036621,43.27055513858795
2026-04-07 16:15:30.082,13.321325302124023,-0.5294145345687866,43.15825700759888
2026-04-07 16:15:31.083,13.251139640808105,-2.595815420150757,43.01204979419708
2026-04-07 16:15:32.085,13.249300956726074,-1.90032958984375,42.836543917655945
2026-04-07 16:15:33.083,13.281139373779297,-0.5598686337471008,42.74822175502777
2026-04-07 16:15:34.082,13.321097373962402,-0.9408886432647705,42.59449243545532
2026-04-07 16:15:35.082,13.296971321105957,-2.0789670944213867,42.45522320270538
2026-04-07 16:15:36.082,13.314666748046875,-1.7196471691131592,42.28541553020477
2026-04-07 16:15:37.082,13.255088806152344,-0.5545125007629395,42.21471548080444
2026-04-07 16:15:38.082,13.251059532165527,-2.357381582260132,42.15374290943146
2026-04-07 16:15:39.082,13.234392166137695,-2.9477920532226562,42.07716882228851
2026-04-07 16:15:40.081,13.222330093383789,-2.3442935943603516,41.88007712364197
2026-04-07 16:15:41.083,13.275330543518066,-1.6333492994308472,41.74085557460785
2026-04-07 16:15:42.082,13.251137733459473,-1.5784029960632324,41.56544208526611
2026-04-07 16:15:43.081,13.245715141296387,-1.881390929222107,41.42368137836456
2026-04-07 16:15:44.081,13.2645902633667,-1.7168996334075928,41.37313663959503
2026-04-07 16:15:45.081,13.285218238830566,-2.384707450866699,41.30455553531647
2026-04-07 16:15:46.082,13.256759643554688,-2.345348596572876,41.233280301094055
2026-04-07 16:15:47.082,13.226309776306152,-2.9657657146453857,41.10580384731293
2026-04-07 16:15:48.082,13.262312889099121,-2.5933542251586914,41.028425097465515
2026-04-07 16:15:49.082,13.222539901733398,-1.7448701858520508,40.85476100444794
2026-04-07 16:15:50.082,13.230012893676758,-1.4940237998962402,40.76303541660309
2026-04-07 16:15:51.083,13.187959671020508,-2.6893129348754883,40.58087468147278
2026-04-07 16:15:52.083,13.229222297668457,-2.872617483139038,40.45826196670532
2026-04-07 16:15:53.081,13.160835266113281,-0.9438990950584412,40.33752977848053
2026-04-07 16:15:54.081,13.230588912963867,-0.6954309940338135,40.236762166023254
2026-04-07 16:15:55.082,13.195967674255371,-2.17276668548584,40.15653431415558
2026-04-07 16:15:56.083,13.246617317199707,-2.9749693870544434,40.045320987701416
2026-04-07 16:15:57.083,13.189900398254395,-1.795880675315857,39.87787663936615
2026-04-07 16:15:58.082,13.159854888916016,-2.356104850769043,39.81081545352936
2026-04-07 16:15:59.082,13.141352653503418,-2.9107296466827393,39.65345621109009
2026-04-07 16:16:00.082,13.209754943847656,-2.7312564849853516,39.489755034446716
2026-04-07 16:16:01.083,13.147052764892578,-2.881775379180908,39.40209448337555
2026-04-07 16:16:02.082,13.15249252319336,-2.5176620483398438,39.24507200717926
2026-04-07 16:16:03.082,13.149275779724121,-1.3160452842712402,39.06125724315643
2026-04-07 16:16:04.083,13.191980361938477,-2.7501134872436523,39.00071382522583
2026-04-07 16:16:05.082,13.143339157104492,-1.0790951251983643,38.8361394405365
2026-04-07 16:16:06.082,13.180291175842285,-0.8466083407402039,38.641977310180664
2026-04-07 16:16:07.082,13.120931625366211,-2.592939615249634,38.450831174850464
2026-04-07 16:16:08.082,13.187881469726562,-0.836109459400177,38.35023045539856
2026-04-07 16:16:09.081,13.159491539001465,-1.2832692861557007,38.19573521614075
2026-04-07 16:16:10.082,13.148789405822754,-1.5066008567810059,38.108640909194946
2026-04-07 16:16:11.083,13.185107231140137,-2.4049148559570312,38.00208866596222
2026-04-07 16:16:12.077,13.18082332611084,-2.679168939590454,37.93618977069855
2026-04-07 16:16:13.085,13.178839683532715,-2.990036725997925,37.81769871711731
2026-04-07 16:16:14.082,13.084295272827148,-0.8511055111885071,37.73539662361145
2026-04-07 16:16:15.082,13.081785202026367,-0.9328523874282837,37.65082657337189
2026-04-07 16:16:16.083,13.153732299804688,-0.8602970242500305,37.50149309635162
2026-04-07 16:16:17.082,13.131253242492676,-2.137254476547241,37.431687116622925
2026-04-07 16:16:18.082,13.084521293640137,-0.6619970202445984,37.26763427257538
2026-04-07 16:16:19.082,13.123266220092773,-2.17356014251709,37.20262944698334
2026-04-07 16:16:20.082,13.06962776184082,-0.6553645133972168,37.05758452415466
2026-04-07 16:16:21.083,13.097949981689453,-2.380136013031006,36.9987428188324
2026-04-07 16:16:22.082,13.13112735748291,-2.2939064502716064,36.92270517349243
2026-04-07 16:16:23.082,13.059985160827637,-2.8168301582336426,36.77176833152771
2026-04-07 16:16:24.081,13.150362968444824,-0.9682338833808899,36.68212592601776
2026-04-07 16:16:25.081,13.089178085327148,-1.2930737733840942,36.540839076042175
2026-04-07 16:16:26.082,13.089285850524902,-0.9617689251899719,36.37336492538452
2026-04-07 16:16:27.082,13.098028182983398,-1.4138866662979126,36.24025285243988
2026-04-07 16:16:28.081,13.123534202575684,-1.5972329378128052,36.1651748418808
2026-04-07 16:16:29.077,13.06637191772461,-1.945491909980774,36.06378138065338
2026-04-07 16:16:30.082,13.103633880615234,-1.1160386800765991,35.97370088100433
2026-04-07 16:16:31.083,13.029019355773926,-2.2768497467041016,35.80166697502136
2026-04-07 16:16:32.083,13.11313533782959,-1.3233851194381714,35.69349646568298
2026-04-07 16:16:33.082,13.087440490722656,-2.6642842292785645,35.49739122390747
2026-04-07 16:16:34.082,13.079493522644043,-1.5348279476165771,35.36919951438904
2026-04-07 16:16:35.078,13.060323715209961,-1.1344529390335083,35.21031439304352
2026-04-07 16:16:36.083,13.017024993896484,-1.4780666828155518,35.01179218292236
2026-04-07 16:16:37.082,13.045133590698242,-1.834261178970337,34.908270835876465
2026-04-07 16:16:38.084,13.006778717041016,-1.1783145666122437,34.73888039588928
2026-04-07 16:16:39.082,12.997897148132324,-2.3985297679901123,34.66114699840546
2026-04-07 16:16:40.083,13.00567626953125,-0.9658193588256836,34.590086340904236
2026-04-07 16:16:41.083,12.986464500427246,-2.3238322734832764,34.45061445236206
2026-04-07 16:16:42.083,13.029282569885254,-0.5866866707801819,34.27028954029083
2026-04-07 16:16:43.082,13.004907608032227,-1.084520936012268,34.120506048202515
2026-04-07 16:16:44.083,12.979716300964355,-2.6545443534851074,34.044015407562256
2026-04-07 16:16:45.083,12.973298072814941,-2.204068422317505,33.96198749542236
2026-04-07 16:16:46.082,12.997050285339355,-0.5326023697853088,33.794376254081726
2026-04-07 16:16:47.083,12.989520072937012,-0.7216219902038574,33.72403085231781
2026-04-07 16:16:48.082,12.980671882629395,-2.2850887775421143,33.63811373710632
2026-04-07 16:16:49.082,12.99353313446045,-2.7025294303894043,33.553820848464966
2026-04-07 16:16:50.082,13.028103828430176,-2.695955991744995,33.452847599983215
2026-04-07 16:16:51.078,12.957338333129883,-1.1039962768554688,33.295801281929016
2026-04-07 16:16:52.082,12.977964401245117,-2.3681182861328125,33.13257694244385
2026-04-07 16:16:53.082,13.029635429382324,-1.4279206991195679,32.95818269252777
2026-04-07 16:16:54.082,12.97335147857666,-0.7715776562690735,32.76478052139282
2026-04-07 16:16:55.082,12.934215545654297,-1.8030515909194946,32.66821503639221
2026-04-07 16:16:56.083,12.931290626525879,-1.2937922477722168,32.578736543655396
2026-04-07 16:16:57.083,12.979633331298828,-2.233260154724121,32.45380222797394
2026-04-07 16:16:58.082,12.956345558166504,-0.782260537147522,32.33343064785004
2026-04-07 16:16:59.083,13.00838851928711,-2.0593929290771484,32.18037486076355
2026-04-07 16:17:00.082,12.995220184326172,-2.0521836280822754,32.015493512153625
2026-04-07 16:17:01.083,13.002145767211914,-2.2330703735351562,31.86483085155487
2026-04-07 16:17:02.083,12.94155502319336,-2.935276985168457,31.780147552490234
2026-04-07 16:17:03.082,12.938344955444336,-1.3560622930526733,31.7129909992218
2026-04-07 16:17:04.082,12.898195266723633,-0.6799198389053345,31.521856784820557
2026-04-07 16:17:05.082,12.975083351135254,-2.297100067138672,31.414926052093506
2026-04-07 16:17:06.082,12.892175674438477,-1.5997449159622192,31.221109628677368
2026-04-07 16:17:07.082,12.941987991333008,-1.9279654026031494,31.156903505325317
2026-04-07 16:17:08.082,12.891283988952637,-1.965444803237915,31.00595772266388
2026-04-07 16:17:09.082,12.909309387207031,-1.1353048086166382,30.89037835597992
2026-04-07 16:17:10.082,12.94543170928955,-0.5482804775238037,30.79700469970703
2026-04-07 16:17:11.083,12.884936332702637,-1.2483292818069458,30.627867579460144
2026-04-07 16:17:12.083,12.961883544921875,-1.8625694513320923,30.502939224243164
2026-04-07 16:17:13.082,12.936306953430176,-1.676856279373169,30.311143398284912
2026-04-07 16:17:14.082,12.880729675292969,-2.463472843170166,30.18663227558136
2026-04-07 16:17:15.082,12.944852828979492,-1.3529458045959473,30.07805645465851
2026-04-07 16:17:16.082,12.916494369506836,-2.6284008026123047,29.92904484272003
2026-04-07 16:17:17.083,12.862380027770996,-0.7488445043563843,29.76643443107605
2026-04-07 16:17:18.083,12.844820976257324,-2.5188450813293457,29.587960243225098
2026-04-07 16:17:19.082,12.867645263671875,-1.8987797498703003,29.40099835395813
2026-04-07 16:17:20.083,12.921578407287598,-2.096478223800659,29.324936866760254
2026-04-07 16:17:21.083,12.885344505310059,-2.5160951614379883,29.172128438949585
2026-04-07 16:17:22.083,12.911261558532715,-1.628718614578247,28.989097476005554
2026-04-07 16:17:23.082,12.906913757324219,-2.7373459339141846,28.854483366012573
2026-04-07 16:17:24.082,12.838054656982422,-2.943779230117798,28.788721561431885
2026-04-07 16:17:25.082,12.83454418182373,-2.3919196128845215,28.735840320587158
2026-04-07 16:17:26.083,12.88619613647461,-2.002837896347046,28.624171018600464
2026-04-07 16:17:27.083,12.854379653930664,-0.7401053309440613,28.503987193107605
2026-04-07 16:17:28.082,12.859771728515625,-2.481891393661499,28.36870551109314
2026-04-07 16:17:29.082,12.82200813293457,-1.4154472351074219,28.214305639266968
2026-04-07 16:17:30.079,12.815903663635254,-2.974604845046997,28.135016560554504
2026-04-07 16:17:31.082,12.830804824829102,-2.500279188156128,28.04199755191803
2026-04-07 16:17:32.083,12.83586311340332,-2.7057554721832275,27.856960892677307
2026-04-07 16:17:33.082,12.878366470336914,-2.772782802581787,27.76418924331665
2026-04-07 16:17:34.082,12.86838150024414,-2.7599337100982666,27.676209807395935
2026-04-07 16:17:35.082,12.844181060791016,-2.3165335655212402,27.505400776863098
2026-04-07 16:17:36.083,12.859138488769531,-1.0331158638000488,27.421781420707703
2026-04-07 16:17:37.082,12.797646522521973,-1.1960053443908691,27.369919419288635
2026-04-07 16:17:38.083,12.818632125854492,-1.597086787223816,27.191463112831116
2026-04-07 16:17:39.082,12.835855484008789,-2.647857666015625,27.084019780158997
2026-04-07 16:17:40.082,12.772156715393066,-2.0016891956329346,26.95663273334503
2026-04-07 16:17:41.083,12.794163703918457,-0.937566876411438,26.851096749305725
2026-04-07 16:17:42.083,12.799138069152832,-2.633883476257324,26.65192484855652
2026-04-07 16:17:43.082,12.78670597076416,-2.240267515182495,26.58696472644806
2026-04-07 16:17:44.082,12.835710525512695,-1.9171236753463745,26.493507623672485
2026-04-07 16:17:45.078,12.746415138244629,-1.5541020631790161,26.43512785434723
2026-04-07 16:17:46.083,12.804789543151855,-0.531410276889801,26.330971717834473
2026-04-07 16:17:47.082,12.745272636413574,-0.6895995140075684,26.258787512779236
2026-04-07 16:17:48.082,12.795380592346191,-2.916346549987793,26.16083025932312
2026-04-07 16:17:49.082,12.815899848937988,-2.748525381088257,25.997740030288696
2026-04-07 16:17:50.077,12.777742385864258,-1.4147942066192627,25.82302987575531
2026-04-07 16:17:51.083,12.797542572021484,-2.3626437187194824,25.75480341911316
2026-04-07 16:17:52.082,12.773700714111328,-1.7096740007400513,25.691166520118713
2026-04-07 16:17:53.082,12.747382164001465,-2.9689018726348877,25.583210587501526
2026-04-07 16:17:54.083,12.738468170166016,-1.967515230178833,25.47580897808075
2026-04-07 16:17:55.081,12.74691104888916,-2.863767147064209,25.37352740764618
2026-04-07 16:17:56.083,12.787727355957031,-1.3288594484329224,25.264549255371094
2026-04-07 16:17:57.083,12.713021278381348,-2.3448808193206787,25.166672468185425
2026-04-07 16:17:58.082,12.782292366027832,-1.6558572053909302,25.0966876745224
2026-04-07 16:17:59.082,12.773347854614258,-0.6083099246025085,25.005048513412476
2026-04-07 16:18:00.082,12.779866218566895,-2.7695369720458984,24.88338053226471
2026-04-07 16:18:01.079,12.726771354675293,-0.5510267019271851,24.72997158765793
2026-04-07 16:18:02.082,12.701410293579102,-1.2981053590774536,24.65529590845108
2026-04-07 16:18:03.081,12.73144245147705,-1.8270180225372314,24.51419085264206
2026-04-07 16:18:04.082,12.697134017944336,-2.3767030239105225,24.33401048183441
2026-04-07 16:18:05.082,12.763665199279785,-2.768864393234253,24.265314638614655
2026-04-07 16:18:06.083,12.744728088378906,-0.8722399473190308,24.09878820180893
2026-04-07 16:18:07.082,12.73763656616211,-2.522664785385132,23.945903778076172
2026-04-07 16:18:08.082,12.737327575683594,-2.246546745300293,23.827295005321503
2026-04-07 16:18:09.083,12.722342491149902,-0.6725199222564697,23.72741997241974
2026-04-07 16:18:10.083,12.676509857177734,-2.084843158721924,23.659251630306244
2026-04-07 16:18:11.077,12.691174507141113,-2.2215259075164795,23.488742113113403
2026-04-07 16:18:12.083,12.669690132141113,-1.7373653650283813,23.373012244701385
2026-04-07 16:18:13.083,12.674723625183105,-1.7059876918792725,23.254166543483734
2026-04-07 16:18:14.082,12.725532531738281,-2.504410982131958,23.081205785274506
2026-04-07 16:18:15.082,12.713696479797363,-0.6001841425895691,22.900782525539398
2026-04-07 16:18:16.082,12.63929557800293,-1.3183021545410156,22.805216908454895
2026-04-07 16:18:17.079,12.726543426513672,-0.8319376111030579,22.722309827804565
2026-04-07 16:18:18.083,12.727885246276855,-2.0783064365386963,22.666773200035095
2026-04-07 16:18:19.082,12.696856498718262,-1.9986615180969238,22.594738006591797
2026-04-07 16:18:20.083,12.65583610534668,-2.917602062225342,22.468118369579315
2026-04-07 16:18:21.078,12.681056022644043,-0.7784869074821472,22.336263954639435
2026-04-07 16:18:22.083,12.711402893066406,-2.2022383213043213,22.22961038351059
2026-04-07 16:18:23.082,12.663361549377441,-2.718350648880005,22.075572609901428
2026-04-07 16:18:24.081,12.637215614318848,-2.0671451091766357,21.987096965312958
2026-04-07 16:18:25.082,12.691987991333008,-2.728591203689575,21.869808435440063
2026-04-07 16:18:26.077,12.680683135986328,-2.315579891204834,21.689410507678986
2026-04-07 16:18:27.080,12.67949104309082,-0.6421383619308472,21.492981910705566
2026-04-07 16:18:28.083,12.626158714294434,-2.93613862991333,21.4415043592453
2026-04-07 16:18:29.084,12.666023254394531,-1.1354578733444214,21.254783868789673
2026-04-07 16:18:30.083,12.673199653625488,-2.295224666595459,21.08175903558731
2026-04-07 16:18:31.083,12.668167114257812,-1.6803656816482544,21.001803874969482
2026-04-07 16:18:32.084,12.59312629699707,-2.999309539794922,20.89686393737793
2026-04-07 16:18:33.081,12.62362003326416,-1.1856929063796997,20.826122164726257
2026-04-07 16:18:34.082,12.667549133300781,-0.5116193294525146,20.771093666553497
2026-04-07 16:18:35.083,12.578096389770508,-1.3219561576843262,20.718947052955627
2026-04-07 16:18:36.083,12.581939697265625,-1.9923588037490845,20.664139091968536
2026-04-07 16:18:37.083,12.653681755065918,-1.6752303838729858,20.513558387756348
2026-04-07 16:18:38.081,12.572253227233887,-2.105093479156494,20.442014932632446
2026-04-07 16:18:39.081,12.616820335388184,-2.7405641078948975,20.299969613552094
2026-04-07 16:18:40.079,12.554034233093262,-2.709461212158203,20.12975513935089
2026-04-07 16:18:41.081,12.580791473388672,-1.454465627670288,20.018385350704193
2026-04-07 16:18:42.083,12.588711738586426,-2.7242095470428467,19.935616850852966
2026-04-07 16:18:43.082,12.557499885559082,-0.753173828125,19.815844297409058
2026-04-07 16:18:44.083,12.604820251464844,-2.4587743282318115,19.684982299804688
2026-04-07 16:18:45.083,12.597124099731445,-2.6805689334869385,19.575048983097076
2026-04-07 16:18:46.081,12.583709716796875,-1.8802273273468018,19.3918839097023
2026-04-07 16:18:47.078,12.60295581817627,-0.9945114850997925,19.211755692958832
2026-04-07 16:18:48.083,12.576189041137695,-0.7947471141815186,19.025377929210663
2026-04-07 16:18:49.082,12.589637756347656,-2.415910005569458,18.87662559747696
2026-04-07 16:18:50.082,12.530181884765625,-2.9129014015197754,18.816930055618286
2026-04-07 16:18:51.082,12.580991744995117,-1.2078207731246948,18.75765472650528
2026-04-07 16:18:52.082,12.518975257873535,-1.2826217412948608,18.60380470752716
2026-04-07 16:18:53.083,12.602609634399414,-0.8081413507461548,18.457533419132233
2026-04-07 16:18:54.082,12.56704330444336,-0.5806890726089478,18.26215833425522
2026-04-07 16:18:55.082,12.541849136352539,-2.7389562129974365,18.07824820280075
2026-04-07 16:18:56.082,12.52106761932373,-2.846135139465332,17.95489341020584
2026-04-07 16:18:57.079,12.519549369812012,-1.0391238927841187,17.85748153924942
2026-04-07 16:18:58.082,12.558245658874512,-1.957149624824524,17.791150510311127
2026-04-07 16:18:59.082,12.508947372436523,-2.204530715942383,17.67454445362091
2026-04-07 16:19:00.082,12.48131275177002,-2.5095486640930176,17.56180226802826
2026-04-07 16:19:01.082,12.525493621826172,-2.364478826522827,17.415422201156616
2026-04-07 16:19:02.083,12.494850158691406,-2.8754336833953857,17.270512878894806
2026-04-07 16:19:03.079,12.524839401245117,-2.7994296550750732,17.07061678171158
2026-04-07 16:19:04.083,12.529135704040527,-0.6109994649887085,16.88874363899231
2026-04-07 16:19:05.083,12.549222946166992,-2.058225631713867,16.764481365680695
2026-04-07 16:19:06.083,12.478395462036133,-1.4350107908248901,16.634398698806763
2026-04-07 16:19:07.082,12.46118450164795,-0.9987399578094482,16.459958255290985
2026-04-07 16:19:08.081,12.524698257446289,-1.5942718982696533,16.313931345939636
2026-04-07 16:19:09.083,12.51732349395752,-2.7503468990325928,16.15075021982193
2026-04-07 16:19:10.082,12.468440055847168,-0.997698187828064,16.096484661102295
2026-04-07 16:19:11.083,12.502976417541504,-2.697051525115967,16.012977063655853
2026-04-07 16:19:12.082,12.457342147827148,-1.5375635623931885,15.954336524009705
2026-04-07 16:19:13.082,12.488992691040039,-1.5030299425125122,15.797974169254303
2026-04-07 16:19:14.081,12.49262809753418,-1.4156841039657593,15.678349137306213
2026-04-07 16:19:15.082,12.475969314575195,-2.4206202030181885,15.505287051200867
2026-04-07 16:19:16.082,12.43419075012207,-1.352209448814392,15.423640608787537
2026-04-07 16:19:17.082,12.425946235656738,-2.885694742202759,15.304145216941833
2026-04-07 16:19:18.082,12.409723281860352,-0.8698760271072388,15.1707723736763
2026-04-07 16:19:19.083,12.481890678405762,-2.1220693588256836,15.033535659313202
2026-04-07 16:19:20.081,12.434102058410645,-0.5016906261444092,14.937320351600647
2026-04-07 16:19:21.081,12.392657279968262,-0.9718373417854309,14.744320511817932
2026-04-07 16:19:22.081,12.488425254821777,-1.0287445783615112,14.680735766887665
2026-04-07 16:19:23.082,12.41627311706543,-2.730070114135742,14.569683372974396
2026-04-07 16:19:24.081,12.47390365600586,-1.2461997270584106,14.45283442735672
2026-04-07 16:19:25.081,12.410244941711426,-2.771130084991455,14.317601919174194
2026-04-07 16:19:26.081,12.461673736572266,-2.9976327419281006,14.230641722679138
2026-04-07 16:19:27.082,12.422794342041016,-2.22528076171875,14.046958088874817
2026-04-07 16:19:28.082,12.459946632385254,-1.0105937719345093,13.939683139324188
2026-04-07 16:19:29.082,12.460870742797852,-1.355806589126587,13.876351714134216
2026-04-07 16:19:30.081,12.403407096862793,-1.6290748119354248,13.736192882061005
2026-04-07 16:19:31.081,12.402475357055664,-1.6305757761001587,13.632084429264069
2026-04-07 16:19:32.081,12.41829776763916,-2.276256561279297,13.52187693119049
2026-04-07 16:19:33.081,12.360971450805664,-2.6368587017059326,13.429076969623566
2026-04-07 16:19:34.083,12.358614921569824,-0.570720374584198,13.294121623039246
2026-04-07 16:19:35.082,12.439915657043457,-1.1781377792358398,13.15639615058899
2026-04-07 16:19:36.082,12.428878784179688,-2.8955249786376953,12.99065500497818
2026-04-07 16:19:37.082,12.342318534851074,-0.9758788347244263,12.852531671524048
2026-04-07 16:19:38.082,12.418827056884766,-2.089179515838623,12.781746685504913
2026-04-07 16:19:39.081,12.409454345703125,-2.778177261352539,12.629789113998413
2026-04-07 16:19:40.081,12.414267539978027,-1.890561580657959,12.577421963214874
2026-04-07 16:19:41.082,12.421163558959961,-2.4565024375915527,12.511448562145233
2026-04-07 16:19:42.083,12.394906044006348,-0.8908935189247131,12.382822483778
2026-04-07 16:19:43.082,12.319803237915039,-1.3650031089782715,12.192603200674057
2026-04-07 16:19:44.082,12.398659706115723,-1.0078727006912231,12.025903910398483
2026-04-07 16:19:45.082,12.349172592163086,-1.898117184638977,11.912090331315994
2026-04-07 16:19:46.082,12.3797607421875,-2.76786732673645,11.721793562173843
2026-04-07 16:19:47.081,12.391045570373535,-0.8042922616004944,11.670093983411789
2026-04-07 16:19:48.083,12.29714584350586,-2.701796770095825,11.549923568964005
2026-04-07 16:19:49.078,12.338981628417969,-1.404319167137146,11.490374058485031
2026-04-07 16:19:50.083,12.364002227783203,-0.6047283411026001,11.349888145923615
2026-04-07 16:19:51.084,12.293261528015137,-1.1566764116287231,11.263492703437805
2026-04-07 16:19:52.082,12.320359230041504,-2.9037342071533203,11.194343864917755
2026-04-07 16:19:53.081,12.293837547302246,-1.3280839920043945,11.045300960540771
2026-04-07 16:19:54.082,12.357707977294922,-1.56215238571167,10.852587223052979
2026-04-07 16:19:55.081,12.31964111328125,-1.9443553686141968,10.687261074781418
2026-04-07 16:19:56.081,12.324655532836914,-1.5620108842849731,10.547726601362228
2026-04-07 16:19:57.081,12.333731651306152,-2.001810073852539,10.373056679964066
2026-04-07 16:19:58.081,12.320745468139648,-1.0286993980407715,10.180586576461792
2026-04-07 16:19:59.081,12.269145965576172,-1.6676640510559082,9.999990463256836
2026-04-07 16:20:00.081,12.313532829284668,-0.6766258478164673,9.90869402885437
2026-04-07 16:20:01.081,12.32260513305664,-1.894024133682251,9.735426306724548
2026-04-07 16:20:02.081,12.30502700805664,-0.8289662003517151,9.652058780193329
2026-04-07 16:20:03.080,12.26463508605957,-0.8759227395057678,9.580827504396439
2026-04-07 16:20:04.081,12.3173246383667,-1.4904611110687256,9.409966319799423
2026-04-07 16:20:05.081,12.31483268737793,-2.7950055599212646,9.270835667848587
2026-04-07 16:20:06.081,12.236763954162598,-1.1136714220046997,9.109899401664734
2026-04-07 16:20:07.081,12.281299591064453,-1.2858757972717285,9.020642191171646
2026-04-07 16:20:08.081,12.277128219604492,-2.790738821029663,8.901471644639969
2026-04-07 16:20:09.081,12.30034351348877,-0.7371715903282166,8.781082183122635
2026-04-07 16:20:10.081,12.258227348327637,-2.791506290435791,8.617300540208817
2026-04-07 16:20:11.081,12.257048606872559,-0.825293242931366,8.50839838385582
2026-04-07 16:20:12.082,12.272757530212402,-0.6208797097206116,8.420086652040482
2026-04-07 16:20:13.083,12.234183311462402,-2.7618696689605713,8.321163058280945
2026-04-07 16:20:14.082,12.251113891601562,-2.3722095489501953,8.268647640943527
2026-04-07 16:20:15.081,12.216362953186035,-0.645624041557312,8.142972737550735
2026-04-07 16:20:16.081,12.274559020996094,-2.219149112701416,8.020426332950592
2026-04-07 16:20:17.081,12.188159942626953,-2.519782543182373,7.9323723912239075
2026-04-07 16:20:18.081,12.243127822875977,-0.7474642395973206,7.824736088514328
2026-04-07 16:20:19.082,12.190820693969727,-2.8369059562683105,7.750662416219711
2026-04-07 16:20:20.078,12.189671516418457,-1.5181796550750732,7.66429677605629
2026-04-07 16:20:21.083,12.23920726776123,-2.6407318115234375,7.5671084225177765
2026-04-07 16:20:22.083,12.203006744384766,-1.4571813344955444,7.473587989807129
2026-04-07 16:20:23.082,12.1988525390625,-1.7719002962112427,7.3718152940273285
2026-04-07 16:20:24.082,12.194559097290039,-2.896310567855835,7.2215355932712555
2026-04-07 16:20:25.082,12.169721603393555,-1.8664166927337646,7.078910619020462
2026-04-07 16:20:26.082,12.24014949798584,-2.5521509647369385,7.015697658061981
2026-04-07 16:20:27.081,12.208162307739258,-2.028359889984131,6.87008872628212
2026-04-07 16:20:28.082,12.214228630065918,-1.155042290687561,6.679202616214752
2026-04-07 16:20:29.082,12.177254676818848,-2.4311060905456543,6.547070294618607
2026-04-07 16:20:30.082,12.184636116027832,-2.6026158332824707,6.4561448991298676
2026-04-07 16:20:31.082,12.1846284866333,-2.2175674438476562,6.345386058092117
2026-04-07 16:20:32.081,12.202787399291992,-0.6692639589309692,6.246175616979599
2026-04-07 16:20:33.081,12.181265830993652,-1.4717596769332886,6.131753325462341
2026-04-07 16:20:34.082,12.186811447143555,-2.3543615341186523,6.071328371763229
2026-04-07 16:20:35.082,12.154887199401855,-2.0307490825653076,5.92498704791069
2026-04-07 16:20:36.082,12.220975875854492,-1.4373791217803955,5.759267508983612
2026-04-07 16:20:37.081,12.158942222595215,-2.365715980529785,5.6429024785757065
2026-04-07 16:20:38.081,12.130248069763184,-2.2582809925079346,5.562072619795799
2026-04-07 16:20:39.081,12.189406394958496,-2.027683973312378,5.480504408478737
2026-04-07 16:20:40.081,12.118379592895508,-0.8163643479347229,5.409379303455353
2026-04-07 16:20:41.081,12.15134048461914,-2.2822206020355225,5.260735750198364
2026-04-07 16:20:42.081,12.155091285705566,-0.9061359167098999,5.164901167154312
2026-04-07 16:20:43.081,12.14565658569336,-2.038351535797119,5.00015988945961
2026-04-07 16:20:44.083,12.133975982666016,-2.6613404750823975,4.920370876789093
2026-04-07 16:20:45.081,12.133251190185547,-1.0887787342071533,4.811006784439087
2026-04-07 16:20:46.081,12.165250778198242,-2.4042932987213135,4.637652263045311
2026-04-07 16:20:47.077,12.095784187316895,-0.8380440473556519,4.571450874209404
2026-04-07 16:20:48.083,12.174311637878418,-1.82465660572052,4.37852256000042
2026-04-07 16:20:49.083,12.15014934539795,-0.7736667394638062,4.293724894523621
2026-04-07 16:20:50.082,12.07728099822998,-0.651464581489563,4.182692617177963
2026-04-07 16:20:51.081,12.133072853088379,-1.4036743640899658,4.131036624312401
2026-04-07 16:20:52.079,12.085307121276855,-2.168544292449951,4.034176468849182
2026-04-07 16:20:53.082,12.148245811462402,-1.0911602973937988,3.9683885872364044
2026-04-07 16:20:54.081,12.08577823638916,-2.0990958213806152,3.8367334753274918
2026-04-07 16:20:55.082,12.089016914367676,-1.3004993200302124,3.7025295197963715
2026-04-07 16:20:56.077,12.114330291748047,-1.1997140645980835,3.5635091364383698
2026-04-07 16:20:57.083,12.107111930847168,-1.6490496397018433,3.4093663096427917
2026-04-07 16:20:58.083,12.113524436950684,-1.0897414684295654,3.258350118994713
2026-04-07 16:20:59.083,12.072525978088379,-1.0389028787612915,3.111822158098221
2026-04-07 16:21:00.082,12.103299140930176,-1.1419121026992798,2.9426001012325287
2026-04-07 16:21:01.082,12.060544967651367,-1.8350965976715088,2.8237110003829002
2026-04-07 16:21:02.082,12.062620162963867,-1.902405023574829,2.7584133669734
2026-04-07 16:21:03.082,12.053696632385254,-1.335950255393982,2.6784155517816544
2026-04-07 16:21:04.082,12.034850120544434,-1.6452386379241943,2.5284281000494957
2026-04-07 16:21:05.083,12.111924171447754,-0.5718446373939514,2.421390637755394
2026-04-07 16:21:06.082,12.038755416870117,-2.7322380542755127,2.2720931097865105
2026-04-07 16:21:07.081,12.075421333312988,-1.1855446100234985,2.0996268838644028
2026-04-07 16:21:08.082,12.055368423461914,-1.5386792421340942,1.903987117111683
2026-04-07 16:21:09.082,12.017438888549805,-1.4800113439559937,1.71413104981184
2026-04-07 16:21:10.083,12.030969619750977,-2.1911990642547607,1.5662699937820435
2026-04-07 16:21:11.083,12.05403995513916,-2.4392757415771484,1.4448780566453934
2026-04-07 16:21:12.082,11.994585990905762,-1.4667004346847534,1.3029973953962326
2026-04-07 16:21:13.082,12.017806053161621,-1.4213390350341797,1.2517592869699001
2026-04-07 16:21:14.082,12.04078483581543,-1.3035305738449097,1.1264199391007423
2026-04-07 16:21:15.082,12.078356742858887,-0.8976894617080688,0.9515819139778614
2026-04-07 16:21:16.083,12.001583099365234,-0.8912286758422852,0.8121940307319164
2026-04-07 16:21:17.082,12.048771858215332,-2.335407018661499,0.7465260569006205
2026-04-07 16:21:18.082,12.03480339050293,-2.023571252822876,0.5931925028562546
2026-04-07 16:21:19.082,12.05107307434082,-2.8160974979400635,0.4679061472415924
2026-04-07 16:21:20.080,11.962528228759766,-1.215577483177185,0.32719059381633997
2026-04-07 16:21:21.082,11.958824157714844,-2.812887191772461,0.237363763153553
2026-04-07 16:21:22.078,12.005291938781738,-1.641463041305542,0.07929752464406192
2026-04-07 16:21:23.083,12.026511192321777,-1.4877240657806396,0.0
2026-04-07 16:21:24.082,12.0390043258667,-1.8595969676971436,0.0
2026-04-07 16:21:25.083,11.95968246459961,-2.3284943103790283,0.0
2026-04-07 16:21:26.082,12.025843620300293,-1.9374223947525024,0.0
2026-04-07 16:21:27.081,11.961787223815918,-2.028198719024658,0.0
2026-04-07 16:21:28.082,11.952798843383789,-2.3058602809906006,0.0
2026-04-07 16:21:29.083,12.024024963378906,-1.5408811569213867,0.0
2026-04-07 16:21:30.083,11.980748176574707,-0.591934084892273,0.0
2026-04-07 16:21:31.083,12.041116714477539,-2.7675445079803467,0.0
2026-04-07 16:21:32.082,11.958527565002441,-2.5098533630371094,0.0
2026-04-07 16:21:33.081,11.965773582458496,-1.4761409759521484,0.0
2026-04-07 16:21:34.082,11.975954055786133,-1.5052461624145508,0.0
2026-04-07 16:21:35.083,11.991266